N,P,K,temperature,humidity,ph,rainfall,soil_texture,crop_label,soil_moisture,soil_organic_matter,electrical_conductivity,sunlight_hours,wind_speed,soil_temperature,fertilizer_n_required,fertilizer_p_required,fertilizer_k_required,soil_fertility_index,water_stress_level,irrigation_required,crop_health_status
-0.25,0.17,-0.39,0.16,-0.39,0.07,-0.09,-0.14,3,5,8,0.215,9.86,10.76,3.05,123.43,79.04,98.7,0.149,High,Yes,Needs Attention
0.99,0.77,-0.01,-0.53,-0.17,-0.41,0.28,0.29,1,5,8,0.206,8.64,12.24,2.41,126.91,76.22,103.89,0.155,High,Yes,Needs Attention
39,28,10,31.35,91.48,7.18,109.15,1,4,61.3,8,0.731,7.56,7.04,33.97,77.66,53.92,88.27,0.381,Moderate,No,Needs Attention
0.81,0.06,0.06,-0.2,-0.24,-0.6,0.27,0.19,1,5,8,0.254,8.61,6.45,1.96,116.46,80.69,101.36,0.153,High,Yes,Needs Attention
0.18,0.04,0.02,-0.14,0.18,0.02,-0.34,0.19,0,5,8,0.1,10.93,12.73,1.98,118.78,81.53,99.48,0.151,High,Yes,Needs Attention
0.02,-0.1,0.23,0.35,0.01,-0.24,0.04,-0.47,3,5,4.78,0.245,12,8.97,2.27,121.44,82.92,99.95,0.09,High,Yes,Needs Attention
18,79,20,20.28,23.24,5.88,139.75,0,0,24.35,8,0.822,9.65,6.19,22.39,102.49,0.32,80.37,0.508,High,Yes,Needs Attention
0.17,0.09,0,-0.24,-0.09,-0.32,0.32,-0.18,1,5,8,0.1,9.12,15.86,1.97,122.85,79.23,98.22,0.151,High,Yes,Needs Attention
0.19,0.06,-0.17,0.03,0.18,-0.15,-0.35,-0.53,3,5,3.93,0.185,7.21,9.47,-0.58,114.18,85.87,95.25,0.074,High,Yes,Needs Attention
20,8,12,25.3,94.96,7.26,117.97,1,4,59.11,8,0.473,5.69,16.6,25.61,101.98,68.22,91.06,0.269,Moderate,No,Needs Attention
7,20,12,16.53,94.77,6.48,110.04,1,4,63.56,8,0.303,8.94,12.11,16.49,109.29,52.51,94.37,0.268,Moderate,No,Needs Attention
0.28,0.26,-0.37,0,-0.18,-0.22,0.29,-0.11,5,5,8,0.257,8.73,13.18,3.16,119,81.96,107.01,0.151,High,Yes,Needs Attention
0.29,0.11,0.04,-0.03,0.01,-0.44,0.03,0.13,1,5,8,0.264,9.38,11.15,3.95,128.25,77.37,97.75,0.151,High,Yes,Needs Attention
0.08,-0.06,0.38,-0.01,0.61,-0.12,-0.03,-0.05,2,5,8,0.206,10.39,1.38,-1.76,112.93,75.75,96.69,0.151,High,Yes,Needs Attention
30,20,38,22.6,93.16,7.06,110.09,3,2,61.45,8,0.659,8.9,7.45,26.45,88.6,63.54,59.78,0.412,Moderate,No,Average
-0.16,-0.5,-0.05,-0.1,-0.27,-0.07,-0.1,-0.13,3,5,8,0.117,9.56,11.5,1.53,113.79,79.92,99.35,0.148,High,Yes,Needs Attention
29,22,43,19.66,87.95,5.56,106.04,3,2,57.96,8,0.846,7.15,13.46,22.68,91.77,52.95,56.79,0.43,Moderate,No,Average
0.26,-0.29,-0.18,0.11,0.34,0.03,-0.28,0.09,9,5,8,0.1,9.81,4.84,2.37,124.98,88.03,96.19,0.149,High,Yes,Needs Attention
-0.35,0.16,-0.32,0.07,-0.47,-0.14,-0.1,0.39,5,5,8,0.282,9.13,11.79,3.73,121.2,73.4,94.4,0.149,High,Yes,Needs Attention
0.04,0.11,-0.15,0.05,-0.15,-0.17,0.1,0.12,6,5,8,0.187,9.18,7.51,1.86,119.38,79.54,100.35,0.15,High,Yes,Needs Attention
-0.21,0,0.04,-0.1,0.03,0.12,0.21,0.07,9,5,8,0.191,10.16,12.94,-0.65,126.85,72.44,85.84,0.15,High,Yes,Needs Attention
9,16,39,18.41,91.12,6.1,105.18,3,2,56.49,8,0.447,7.66,11.92,19.75,112.65,65.08,60.6,0.341,Moderate,No,Needs Attention
0.38,0.1,0.11,-0.07,-0.17,-0.12,0.09,-0.3,1,5,7.56,0.192,11.89,14.97,2.2,123.72,77.34,96.11,0.143,High,Yes,Needs Attention
-0.04,0.38,0.17,-0.25,-0.01,0.11,0.04,0.27,9,5,8,0.252,10.19,16.27,0.93,123.62,82.9,102.95,0.152,High,Yes,Needs Attention
0.38,0.36,0.03,0,-0.36,-0.14,0.37,-0.46,1,5,5.01,0.1,10.91,13.84,2.49,105.24,79.57,104.16,0.096,High,Yes,Needs Attention
-0.1,0.33,-0.06,-0.31,-0.25,0.12,-0.27,-0.12,9,5,8,0.241,8.68,15.44,1.09,119.72,85.07,104.34,0.151,High,Yes,Needs Attention
99,36,20,20.58,65.35,6.67,78.35,3,3,43.81,8,1.137,8.64,10.6,21.19,15.61,42.28,78.61,0.61,Moderate,No,Average
-0.07,-0.09,0.25,-0.17,0.32,0.02,0.45,0.29,6,5,8,0.149,9.02,23.29,-0.3,115.92,73.67,95.21,0.15,High,Yes,Needs Attention
0.04,-0.16,-0.09,-0.04,-0.32,-0.07,0.2,-0.21,4,5,8,0.267,10.15,7.12,0.87,127.33,81.11,96.83,0.149,High,Yes,Needs Attention
0.12,0.38,0,-0.14,0.03,-0.01,0.18,-0.13,8,5,8,0.1,10.44,9.89,1.67,118.01,78.61,101.15,0.152,High,Yes,Needs Attention
51,72,75,18.89,14.99,7.1,80.11,1,7,21.08,8,1.416,9.43,15.61,17.45,78.46,0.72,18.42,0.744,High,Yes,Needs Attention
40,9,41,24.38,85.4,5.78,106.13,3,2,54.24,8,0.87,10.02,15.01,24.71,72.96,66.78,64.57,0.415,Moderate,No,Average
0.47,0.31,-0.05,-0.27,-0.15,-0.3,0.26,-0.18,1,5,8,0.32,11.18,13.95,-1.77,114.11,76.74,98.73,0.152,High,Yes,Needs Attention
0.23,0.07,-0.1,-0.27,-0.22,0.15,0.01,-0.09,1,5,8,0.232,10.93,14.7,0.3,123.58,86.15,102.1,0.151,High,Yes,Needs Attention
0.33,0.12,0.2,0.39,-0.29,-0.11,0.24,0.11,7,5,8,0.18,10.52,3.67,3.69,117.96,82.71,92.67,0.152,High,Yes,Needs Attention
39,9,15,25.35,91.81,7.99,116.76,1,4,63.22,8,0.527,9.22,18.36,25.07,82.54,69.61,81.3,0.336,Moderate,No,Needs Attention
0.26,0.42,0.14,0.36,-0.1,-0.15,-0.17,-0.24,2,5,8,0.181,8.32,11.18,2.91,119.18,81.46,92.24,0.152,High,Yes,Needs Attention
28,35,22,29.53,86.73,7.16,59.87,1,9,49.97,8,0.754,8.95,16.98,35.3,91.29,36.84,82.08,0.406,Moderate,No,Average
101,17,55,24.37,87.13,6.45,44.64,2,5,49.02,8,1.173,6.58,3.87,28.05,17.48,60.74,44.36,0.659,High,Yes,Needs Attention
-0.34,-0.22,-0.5,-0.14,-0.22,0,-0.02,-0.2,4,5,8,0.254,9.19,13.03,1.56,121.24,81.82,102.79,0.147,High,Yes,Needs Attention
0.25,0.88,0.5,0.35,0.1,-0.2,-0.1,-0.21,2,5,8,0.38,10.31,9.75,3.14,122.96,79.78,99.75,0.155,High,Yes,Needs Attention
94,50,37,25.67,80.66,6.95,209.59,0,6,62.76,8,1.281,8.97,14.29,25.12,34.07,27.84,64.87,0.689,Moderate,No,Average
0.22,0.16,0.08,0.26,-0.28,-0.12,0.11,0.01,7,5,8,0.1,8.6,13.27,-0.6,118.77,79.69,98.57,0.151,High,Yes,Needs Attention
31,55,22,22.91,21.34,5.87,109.23,0,0,21.17,8,0.74,8.7,13.46,24.45,87.03,26.35,77.19,0.477,High,Yes,Needs Attention
0.41,0.04,-0.41,0.17,0,-0.14,0.04,0.14,8,5,8,0.262,9.85,7.76,2.27,116.98,79.92,100.04,0.15,High,Yes,Needs Attention
101,25,52,29.1,94.22,6.75,22.52,3,8,54.28,8,1.263,7.21,11.77,32.24,26.35,58.44,49.62,0.676,High,Yes,Needs Attention
0.36,0.01,0.16,-0.03,-0.05,-0.16,0.17,0.19,1,5,8,0.273,10.61,11.28,0.62,123.09,81.26,101.57,0.152,High,Yes,Needs Attention
95,16,46,27.08,90.14,6.75,24.45,3,8,52.2,8,1.099,10.93,13.98,28.87,15.5,66.04,65.25,0.612,High,Yes,Needs Attention
12,78,23,16.07,18.72,6,88.07,0,0,19.38,8,0.944,9.7,15.96,17.81,98.28,8.85,83.73,0.496,High,Yes,Needs Attention
116,25,50,29.26,92.92,6.09,28.71,3,8,53.61,8,1.333,6.69,12.6,30.56,0,58.31,42.88,0.714,High,Yes,Needs Attention
79,45,20,23.81,59.25,5.72,89.96,3,3,40.65,8,1.005,6.97,6.9,25.2,42.15,41.96,79.43,0.58,Moderate,No,Average
0.67,0.19,0.27,0.21,0.04,0.22,-0.08,-0.08,7,5,8,0.175,9.42,12.43,0.43,119.16,77.12,98.11,0.153,High,Yes,Needs Attention
0.35,-0.06,-0.1,-0.13,-0.02,-0.26,0.18,0.23,1,5,8,0.105,8.81,22.44,1.79,122.22,73.69,105.22,0.151,High,Yes,Needs Attention
0.08,0.14,0.31,0,0.37,-0.13,0,0.29,6,5,8,0.362,10.21,18.58,1.79,119.04,79.3,98.43,0.152,High,Yes,Needs Attention
117,25,54,28.68,92.51,6.15,29.11,3,8,51.8,8,1.368,7.89,1,29.52,9.99,54.1,47.86,0.728,High,Yes,Needs Attention
-0.13,-0.04,-0.05,-0.05,0.02,-0.05,0.12,-0.07,6,5,8,0.25,9.29,12.25,2.45,123.99,85.88,90.7,0.149,High,Yes,Needs Attention
72,60,25,18.53,69.03,5.77,88.1,3,3,44.19,8,1.099,10.01,15.73,21.57,48.39,15.48,68.95,0.621,Moderate,No,Average
-0.16,0.21,0.08,-0.24,-0.3,-0.2,0.11,0.01,9,5,8,0.117,9.02,11.27,2.28,125.89,79.47,108.29,0.15,High,Yes,Needs Attention
42,74,83,19.26,14.28,7.55,65.78,1,7,10.52,8,1.375,9.27,10.16,19.2,69.76,7.62,17.2,0.748,High,Yes,Needs Attention
42,74,83,19.26,14.28,7.55,65.78,1,7,16.02,8,1.482,10.03,10.93,20.91,77.57,6.4,13.01,0.748,High,Yes,Needs Attention
97,25,50,26.22,80.9,6.09,49.09,2,5,43.37,8,1.19,8.62,14.21,26.35,23.69,54.31,50.97,0.658,High,Yes,Needs Attention
-0.03,-0.11,0.09,-0.12,0.08,-0.04,-0.06,-0.16,6,5,8,0.13,11.03,7.41,1.52,123.04,81.54,95.7,0.15,High,Yes,Needs Attention
-0.31,-0.29,-0.43,0.28,-0.02,-0.12,-0.48,-0.58,3,5,4.01,0.206,10.18,16.75,0.42,111.73,84.61,99.3,0.072,High,Yes,Needs Attention
23,62,85,18.97,19.52,8.49,80.71,1,7,18.95,8,1.26,10.31,11.78,22.39,95.7,24.14,9.19,0.661,High,Yes,Needs Attention
76,39,24,24.25,55.65,7,64.24,3,3,37.88,8,1.165,7.69,8.26,26.92,46,41.13,72.85,0.564,Moderate,No,Average
0.01,0.02,0.04,-0.01,0.07,-0.25,0.29,-0.18,6,5,8,0.229,10.67,16.5,3.22,122.38,76.72,98.29,0.15,High,Yes,Needs Attention
14,22,9,17.25,91.14,6.54,112.51,1,4,58.08,8,0.522,8.38,5.82,20.33,111.93,64.14,95.48,0.286,Moderate,No,Needs Attention
0.09,-0.17,-0.06,-0.01,0.21,0.05,0.03,0.17,9,5,8,0.257,11.26,9.78,1.08,123.72,75.86,101.92,0.15,High,Yes,Needs Attention
-0.17,-0.32,0.28,-0.19,-0.34,0.13,0.2,-0.57,3,5,4.07,0.106,8.09,9.71,0.67,119.87,87.48,102.27,0.076,High,Yes,Needs Attention
52,71,16,27.74,68.54,7.08,71.79,3,1,42.87,8,0.957,7.13,20.58,31.85,71.37,14.38,83.9,0.571,Moderate,No,Average
0.48,0.42,-0.11,0.09,0.6,-0.42,-0.27,0.04,2,5,8,0.118,10.56,9.26,1.34,118.51,85.54,103.4,0.152,High,Yes,Needs Attention
6,47,18,29.16,80.28,6.72,40.17,1,9,43.97,8,0.519,5.09,3.38,28.63,114.73,35.74,78.51,0.367,High,Yes,Needs Attention
36,76,75,18.38,16.64,8.74,70.52,1,7,12.04,8,1.386,9.83,9.67,21.39,87.97,0,22.07,0.713,High,Yes,Needs Attention
94,50,19,23.3,73.63,5.87,97.59,3,3,49.8,8,1.201,8.97,13.82,25.02,25.77,25.84,82.63,0.636,Moderate,No,Average
83,15,49,28.93,91.39,6.44,23.2,3,8,52.55,8,1.088,6.89,15.14,32.69,38.81,66.23,49.88,0.583,High,Yes,Needs Attention
-0.05,-0.06,-0.2,0.09,-0.12,0.05,0.11,-0.03,6,5,8,0.1,9.32,21.11,1.95,124.86,77.36,100.14,0.149,High,Yes,Needs Attention
87,54,20,25.62,63.47,6.58,108.83,3,3,42.33,8,1.33,7.09,17.63,27.09,36.56,24.74,79.34,0.631,Moderate,No,Average
-0.33,0.07,-0.32,0.32,-0.02,-0.13,-0.37,0.01,4,5,8,0.125,9.23,12.75,4.11,126.5,82.38,105.33,0.148,High,Yes,Needs Attention
0.53,0,0.11,0.03,-0.3,-0.01,-0.03,0.21,7,5,8,0.368,9.26,8.43,-0.78,131.11,79.32,105.11,0.152,High,Yes,Needs Attention
2,38,18,27.54,89.93,6.62,45.49,1,9,52.17,8,0.432,6.82,18.5,28.16,121.51,37.12,79.5,0.328,High,Yes,Needs Attention
-0.13,0.01,0.07,-0.08,-0.06,-0.2,-0.07,0.01,8,5,8,0.135,9.01,10.53,0.09,117.82,83.53,92.89,0.15,High,Yes,Needs Attention
42,79,23,27.72,63.29,6.78,68.57,3,1,38.31,8,0.888,7.9,9.37,25.93,80.56,3.06,74.15,0.587,Moderate,No,Average
0,0.16,0.21,0.12,0.23,-0.36,0.02,-0.16,2,5,8,0.231,9.46,10.33,2.93,122.34,78.84,96.2,0.151,High,Yes,Needs Attention
34,66,17,18.81,21.28,5.89,125.08,0,0,20.57,8,0.814,11.09,6.99,19.47,89.07,16.85,86.33,0.505,High,Yes,Needs Attention
0.29,-0.24,0.1,-0.13,-0.1,0.13,-0.05,-0.32,3,5,7.04,0.115,9.36,10.14,2.73,127.19,80.62,103.58,0.132,High,Yes,Needs Attention
37,6,13,26.03,91.51,7.51,101.28,1,4,59.89,8,0.426,7.81,11.07,28.11,74.58,79.33,82.88,0.315,Moderate,No,Needs Attention
119,9,50,26.75,83.92,6.25,40.79,2,5,48.01,8,1.33,7.08,14.92,29.16,8.57,71.6,46.98,0.672,High,Yes,Needs Attention
12,8,10,16.15,91.44,8,107.43,1,4,58.92,8,0.437,6.87,10.45,16.97,117.25,77.3,84.08,0.239,Moderate,No,Needs Attention
0.46,0.8,-0.31,0.02,-0.26,0,0.6,-0.08,8,5,8,0.351,8.05,6.93,0.37,122.38,71.71,100.85,0.153,High,Yes,Needs Attention
0.12,0.35,0.1,-0.1,-0.07,0.16,0.83,-0.13,6,5,8,0.149,8.18,5.58,1.53,122.84,81.49,99.72,0.152,High,Yes,Needs Attention
0.09,0.22,-0.08,0.04,0.03,-0.18,0.02,0.08,5,5,8,0.219,8.54,12.84,2.92,118.7,78.19,103.24,0.151,High,Yes,Needs Attention
-0.24,-0.18,-0.21,0.17,0.01,0.06,0,-0.25,6,5,8,0.1,9.93,12.29,1.59,120.27,76.74,102.2,0.148,High,Yes,Needs Attention
0.11,0.23,0.01,-0.08,-0.02,-0.18,0.34,0.04,8,5,8,0.175,10.83,9.78,0.37,123.38,84.4,102.43,0.151,High,Yes,Needs Attention
8,23,38,19.3,87.18,7.01,105.48,3,2,56.15,8,0.572,5.78,10.13,19,115.17,60.56,55.83,0.357,Moderate,No,Needs Attention
33,12,8,25.26,90.31,6.82,117.37,1,4,54,8,0.555,6.94,13.55,27.07,90.6,59.97,89.49,0.307,Moderate,No,Needs Attention
42,67,77,18.99,15.94,6.11,78.71,1,7,10.72,8,1.397,7.98,17.56,19.66,81.13,15.86,26.8,0.708,High,Yes,Needs Attention
0.12,0.48,-0.27,0.19,-0.04,0.11,0.32,-0.03,8,5,8,0.281,9.49,8.88,1.58,124.37,81.9,98.12,0.151,High,Yes,Needs Attention
0.05,-0.1,-0.34,0.02,-0.1,0.06,0.12,-0.13,6,5,8,0.13,10.83,12.36,1.16,123.88,77.21,93.83,0.149,High,Yes,Needs Attention
-0.03,-0.22,-0.19,0.17,-0.26,0.37,-0.04,0,5,5,8,0.277,9.31,15.83,1,114.91,76.88,103.42,0.149,High,Yes,Needs Attention
0.06,0.13,-0.2,-0.15,-0.01,-0.39,0.1,-0.32,5,5,7.3,0.196,9.7,8.9,1.79,124.1,73.51,97.89,0.137,High,Yes,Needs Attention
0,65,15,23.46,23.22,5.65,95.84,0,0,19.3,8,0.654,10.62,11.94,25.79,129.29,13.65,89.25,0.397,High,Yes,Needs Attention
0.61,-0.06,-0.19,-0.02,-0.27,-0.48,0.32,0.3,1,5,8,0.145,10.21,11.85,4.43,119.26,79.35,100.12,0.151,High,Yes,Needs Attention
0.83,0.43,0.46,0,-0.11,-1.33,0.58,0.32,1,5,8,0.166,8.99,6.75,2.64,126.67,82.76,98.43,0.155,High,Yes,Needs Attention
0.25,0.02,-0.03,0.05,0.18,-0.01,0.47,-0.19,6,5,8,0.341,9.9,12.67,3.94,115.16,81.06,105.48,0.151,High,Yes,Needs Attention
-0.1,0.39,-0.28,0.14,-0.31,-0.21,-0.11,0.15,4,5,8,0.225,8.93,12.13,0.41,119.95,75.37,95.07,0.15,High,Yes,Needs Attention
107,22,54,28,90.85,6.63,21.62,3,8,51.08,8,1.312,7.9,14.22,27.1,9.79,58.96,51.74,0.69,High,Yes,Needs Attention
30,70,79,20.27,19.97,7.31,69.64,1,7,13.7,8,1.253,9.77,7.25,21.75,96.9,8.98,18.44,0.689,High,Yes,Needs Attention
-0.04,0.03,-0.26,0.15,0,-0.12,0.19,-0.28,6,5,7.78,0.394,8.38,12.04,2.94,128.24,76.23,100.91,0.145,High,Yes,Needs Attention
0.17,0.19,-0.27,0.54,-0.26,0.49,-0.17,0.13,8,5,8,0.305,9.93,17.53,3.09,119.33,73.45,100.96,0.15,High,Yes,Needs Attention
23,72,84,19.02,17.13,6.92,79.93,1,7,10.63,8,1.216,9.2,20.31,22.34,102.86,10.5,14.29,0.689,High,Yes,Needs Attention
0.13,0.15,0.14,-0.1,0.22,-0.18,-0.04,-0.18,2,5,8,0.181,10.29,17.12,-2.4,128.12,81.64,96.81,0.151,High,Yes,Needs Attention
0.19,-0.52,-0.19,-0.33,-0.06,0.11,-0.1,-0.32,4,5,7.46,0.18,10.58,7.29,3.05,119.65,82.75,98.71,0.138,High,Yes,Needs Attention
0.09,0.42,0.24,-0.25,0.36,0.09,-0.8,0.19,0,5,8,0.216,10.22,13.8,1.75,120.56,76.67,95.7,0.152,High,Yes,Needs Attention
6,30,40,22.77,91.45,6.36,106.97,3,2,54.52,8,0.6,7.16,10.07,21.95,117.67,50.68,67.85,0.379,Moderate,No,Needs Attention
0.59,0.04,-0.04,0.24,-0.12,0,0.05,0.12,7,5,8,0.239,10.69,13.14,2.83,115.2,74.46,98.12,0.152,High,Yes,Needs Attention
0.41,-0.02,-0.03,-0.41,-0.05,0.05,0.06,0.17,0,5,8,0.318,8.88,8.91,1.34,120.14,76.07,104.67,0.151,High,Yes,Needs Attention
0.1,0.05,0.08,0.01,0.05,-0.19,0.21,-0.23,6,5,8,0.1,8.43,5.15,2.08,130.61,80.08,104.03,0.151,High,Yes,Needs Attention
27,80,15,19.07,21.21,5.79,86.22,0,0,18.63,8,0.842,6.02,10.62,22.07,90.5,1.05,86.45,0.523,High,Yes,Needs Attention
9,16,39,18.41,91.12,6.1,105.18,3,2,63.34,8,0.545,7.4,14.89,20.56,115.27,57.48,60.46,0.341,Moderate,No,Needs Attention
-0.02,-0.18,0.19,-0.08,0.07,0.17,-0.32,0.19,0,5,8,0.165,8.93,13.15,-0.79,122.64,75.95,100.59,0.15,High,Yes,Needs Attention
0.27,-0.11,-0.12,-0.09,-0.26,-0.05,-0.04,0.27,5,5,8,0.36,10.15,13.61,1.2,118.91,78.65,102.41,0.15,High,Yes,Needs Attention
0.43,0.19,0.24,0.15,-0.15,-0.16,-0.57,0.11,0,5,8,0.285,7.78,12.87,-0.78,120.68,83.64,100.16,0.153,High,Yes,Needs Attention
-0.2,0.18,0.14,0.11,0.27,-0.34,0.74,-0.25,6,5,8,0.276,9.1,13.62,2.58,128.96,76.57,93.59,0.15,High,Yes,Needs Attention
-0.62,-0.45,-0.15,-0.16,0.07,0,0.24,-0.34,3,5,6.98,0.172,10.22,14.12,3.44,123.39,81.01,92.88,0.127,High,Yes,Needs Attention
28,58,81,17.48,16.54,6.18,93.35,1,7,19.07,8,1.179,8.31,10.9,17.12,95.55,22.98,25.04,0.651,High,Yes,Needs Attention
0.45,0.51,-0.06,-0.01,-0.35,-0.43,0.41,-0.02,1,5,8,0.1,10.17,12.33,0.48,127.55,78.49,89.52,0.153,High,Yes,Needs Attention
19,78,16,20.65,23.11,5.97,67.72,0,0,22.52,8,0.941,8.62,18.97,20.83,99.55,3.07,84.78,0.496,High,Yes,Needs Attention
0.3,0.11,0.22,-0.35,0.28,0.05,-0.12,0.2,0,5,8,0.243,9.71,12.57,0.47,114.47,74.51,98.84,0.152,High,Yes,Needs Attention
0.22,-0.29,0.18,0.15,0.01,0.08,0.04,-0.23,8,5,8,0.304,10.34,12.17,2.27,128.62,77.67,100.46,0.15,High,Yes,Needs Attention
72,45,35,25.43,82.95,5.76,195.36,0,6,58.47,8,1.095,8.63,12.41,26.27,48.68,40.74,60.44,0.604,Moderate,No,Average
0.17,-0.2,0.24,0.11,0.37,-0.18,0.14,-0.56,3,5,3.87,0.19,9.83,11.13,2.59,124.3,86.22,101.16,0.073,High,Yes,Needs Attention
30,64,20,33.86,61.57,6.57,68.02,3,1,35.18,8,0.898,7.4,10.26,36.96,86.19,19.37,80.82,0.496,Moderate,No,Average
20,23,11,31.85,90.12,6.41,109.95,1,4,60.27,8,0.595,7.04,12.83,35,101.94,61.4,100.04,0.313,Moderate,No,Needs Attention
0.7,0.55,-0.18,0.48,0.33,-0.01,-0.56,0.03,2,5,8,0.1,10.38,9.98,0.3,113.82,72.15,100.7,0.153,High,Yes,Needs Attention
-0.04,-0.02,-0.12,0.14,0.27,-0.22,0.39,-0.5,6,5,4.32,0.258,8.72,11.42,3.72,120.36,76.23,105.51,0.08,High,Yes,Needs Attention
-0.04,0.36,0.11,-0.04,0,0.19,0,-0.17,9,5,8,0.201,9.57,8.84,3.66,116.8,78.4,93.9,0.151,High,Yes,Needs Attention
26,65,22,17.85,18.78,5.95,143.1,0,0,22.72,8,0.793,8.89,12.43,21.68,89.61,24.66,82.08,0.494,High,Yes,Needs Attention
-0.19,-0.53,-0.37,-0.41,-0.16,-0.03,0.31,0.39,4,5,8,0.1,9.65,14.34,0.85,118.67,79.28,101.28,0.147,High,Yes,Needs Attention
4,24,43,22.4,88.15,7.2,109.87,3,2,63.26,8,0.615,6.54,11.15,22.77,104.53,58.98,58.08,0.363,Moderate,No,Needs Attention
0.07,0.05,0.16,0.12,0.13,0.15,0.11,-0.24,8,8.82,8,0.317,7.89,3.97,0.14,114.13,81.46,100.97,0.151,High,Yes,Needs Attention
0,65,15,23.46,23.22,5.65,95.84,0,0,21.68,8,0.814,9.69,14.36,23.31,123.91,16.42,91.83,0.397,High,Yes,Needs Attention
0.06,0.02,0.03,0.12,-0.07,0.01,0.03,0.27,6,5,8,0.229,10.72,12.48,1.64,121.68,79.89,100.99,0.15,High,Yes,Needs Attention
0.16,-0.2,-0.36,-0.3,-0.21,0.29,0.15,0.16,4,5,8,0.355,7.96,8.03,2.47,114.47,75.4,97.22,0.149,High,Yes,Needs Attention
66,44,20,19.08,69.02,6.74,80.73,3,3,45.22,8,0.977,8.39,15.09,22.54,56.74,25.2,77.54,0.539,Moderate,No,Average
-0.02,0.15,0.14,-0.11,0.16,-0.46,0.33,-0.27,6,5,7.8,0.278,10.83,6.41,0.66,115.63,84.98,103.13,0.147,High,Yes,Needs Attention
-0.19,-0.42,-0.38,0.1,0,-0.38,-0.21,0.39,4,5,8,0.158,10.35,16.18,1.54,123.8,77.95,102.17,0.147,High,Yes,Needs Attention
-0.1,-0.32,0.47,-0.38,0.25,-0.28,-0.02,-0.31,2,5,7.51,0.159,9.33,11.77,0.96,119.52,72.85,93.41,0.141,High,Yes,Needs Attention
22,60,24,18.78,20.25,5.63,104.26,0,0,19.06,8,0.782,8.3,2.92,19.33,96.37,21.75,78.06,0.472,High,Yes,Needs Attention
24,53,17,28.95,89.08,6.42,57.66,1,9,56.8,8,0.599,7.6,12.71,31.55,95.54,28.68,78.67,0.436,Moderate,No,Average
0.81,0.39,-0.14,-0.38,-0.09,-0.87,0.23,0.38,1,5,8,0.309,10,10.38,1.66,131.99,82.68,101.89,0.153,High,Yes,Needs Attention
-0.14,-0.02,-0.22,-0.13,0.21,0.02,-0.26,-0.1,3,5,8,0.146,9.84,9.77,1.58,116.35,84.48,97,0.149,High,Yes,Needs Attention
-0.19,-0.04,0.05,0.09,0.08,0.1,0.31,-0.1,3,5,8,0.135,9.57,9.05,2.13,121.32,76.36,98.82,0.149,High,Yes,Needs Attention
61,60,15,24.88,68.74,6.27,91.26,3,3,40.08,8,0.922,6.95,11.49,27.3,62.91,16.5,82.82,0.56,Moderate,No,Average
0.42,-0.38,0.18,0.11,-0.11,-0.14,-0.47,0.26,7,5,8,0.185,10.18,10.06,2.52,114.77,79.11,105.9,0.151,High,Yes,Needs Attention
0.4,0.39,0,0.02,-0.03,-0.38,0.1,-0.1,1,5,8,0.346,10.22,4.57,0.26,111.63,82.9,101.61,0.152,High,Yes,Needs Attention
-0.14,-0.22,-0.23,0.06,-0.51,-0.2,-0.24,-0.11,4,5,8,0.364,9.96,17.09,2.9,117.13,71.81,105.27,0.148,High,Yes,Needs Attention
0.45,0.02,-0.04,0.31,0.3,0.04,-0.32,0.46,2,5,8,0.1,9.85,11.02,2.19,123.35,80.49,111.62,0.151,High,Yes,Needs Attention
97,22,50,26.26,86.15,6.77,58.98,2,5,55.05,8,1.186,9.28,9.07,27.11,21.29,61.73,50.19,0.649,Moderate,No,Average
0.28,-0.07,0.42,0.07,0.26,-0.22,-0.3,0.13,2,5,8,0.121,9.12,7.49,1.92,118.56,83.63,105.59,0.152,High,Yes,Needs Attention
0.41,-0.26,0.02,-0.37,0.07,-0.11,-0.21,0.25,0,5,8,0.28,11.03,15.08,1.65,124.14,83.09,97.18,0.15,High,Yes,Needs Attention
9,8,15,14.34,94.36,7.99,110.22,1,4,57.82,8,0.415,6.66,6.81,17.46,106.97,76.25,90.02,0.245,Moderate,No,Needs Attention
0.4,0.07,0.14,-0.48,0.01,0.05,-0.54,0.14,0,5,8,0.153,10.86,12.54,-0.55,119.16,68.94,96.63,0.152,High,Yes,Needs Attention
0.08,0.62,-0.61,0.01,0.62,-0.56,-0.06,-0.55,5,6.72,3.99,0.206,10.97,9.67,3.5,112.35,85.83,100.54,0.075,High,Yes,Needs Attention
31,11,45,24.84,86.89,6.03,107.64,3,2,53.94,8,0.684,7.28,9.9,26.37,90.6,70.32,57.15,0.407,Moderate,No,Average
114,21,55,25.44,87.94,6.47,57.52,2,5,55.48,8,1.469,9.21,7.59,26.18,7.15,64.34,47.78,0.71,Moderate,No,Healthy
112,28,54,24.86,85.05,6.74,55.3,2,5,48.49,8,1.408,8.09,9.52,25.55,11.98,47.3,40.91,0.723,Moderate,No,Healthy
-0.11,-0.12,0.06,-0.02,-0.27,-0.14,0.17,-0.07,9,5,8,0.253,8.88,12.04,-0.02,114.38,73.1,96.47,0.149,High,Yes,Needs Attention
0.3,0.04,-0.04,0.01,-0.12,0.39,-0.05,0.38,8,5,8,0.1,9.38,12.94,-1.1,118.74,87.11,102.49,0.151,High,Yes,Needs Attention
-0.09,-0.12,0.27,-0.06,0.1,0.1,0.38,-0.28,6,5,7.52,0.195,10.88,8.86,2.46,113.7,76.41,98.26,0.141,High,Yes,Needs Attention
113,6,52,27.76,90.36,6.74,25.22,3,8,51.59,8,1.393,8.41,11.64,32.23,5.77,72.76,42.41,0.651,High,Yes,Needs Attention
95,23,45,27.82,90.57,6.27,21.19,3,8,49.54,8,1.284,6.43,15.55,26.89,32.41,59.11,54.72,0.631,High,Yes,Needs Attention
0.19,0,0.18,0.17,0.31,-0.1,-0.3,-0.18,9,5,8,0.1,9.6,5.35,0.24,118.21,83.09,99.34,0.151,High,Yes,Needs Attention
-0.04,0.74,-0.94,0.34,0.3,-0.06,0.09,-0.29,5,5,7.84,0.173,9.95,11.97,2.97,113.21,83.57,101.65,0.146,High,Yes,Needs Attention
0,-0.36,-0.21,-0.37,-0.47,-0.06,0.25,-0.4,4,5,5.96,0.1,9.25,8.2,1.06,116.6,81.25,102.33,0.11,High,Yes,Needs Attention
31,26,9,11.7,93.26,7.57,103.2,1,4,55.72,8,0.733,9.78,7.79,14.45,80.95,49.78,92.86,0.348,Moderate,No,Needs Attention
20,73,22,16.04,22.33,5.98,130.39,0,0,23.23,8,0.91,9.43,13.04,17.39,93.52,9.83,74.93,0.501,High,Yes,Needs Attention
26,65,22,17.85,18.78,5.95,143.1,0,0,26.51,8,0.817,9.22,9.82,18.48,97.35,17.89,76.36,0.494,High,Yes,Needs Attention
0.09,-0.18,-0.29,0.53,-0.31,0.55,-0.36,-0.03,8,5,8,0.2,10.95,7.13,1.69,112.68,72.92,104,0.149,High,Yes,Needs Attention
0.44,-0.1,-0.01,-0.06,-0.39,-0.12,-0.53,0.12,0,5,8,0.1,9.39,17.3,-2.13,121.12,85.77,97.84,0.151,High,Yes,Needs Attention
-0.1,-0.02,-0.15,0.12,0.2,0.13,-0.34,-0.03,3,5,8,0.112,10.75,15.68,-0.1,120.23,70.07,98.57,0.149,High,Yes,Needs Attention
0.41,0.05,0.21,-0.04,-0.18,-0.17,-0.14,0.15,7,5,8,0.207,8.09,4.27,2.88,116.93,84.09,93.77,0.152,High,Yes,Needs Attention
120,8,46,29.56,90.71,6.73,28.37,3,8,52.82,8,1.312,7.03,6.1,32.85,1.14,69.46,53.89,0.66,High,Yes,Needs Attention
-0.11,-0.17,0.25,-0.28,0.22,-0.18,-0.01,-0.13,2,5,8,0.1,10.79,14.37,3.33,115.42,82.99,101.13,0.15,High,Yes,Needs Attention
66,54,21,25.19,60.2,5.92,72.12,3,3,42.2,8,1.016,9.82,10.86,27.35,58.2,28.04,71.1,0.573,Moderate,No,Average
0.48,0.99,0.56,0.88,0.47,-0.45,-0.31,-0.41,2,5,5.98,0.293,8.96,18,-1,116.03,78.86,95.16,0.118,High,Yes,Needs Attention
-0.27,-0.23,0.12,0,0.21,0.11,0.21,-0.15,6,5,8,0.1,8.85,14.47,0.55,118.34,82.03,94.19,0.149,High,Yes,Needs Attention
36,76,75,18.38,16.64,8.74,70.52,1,7,15.34,8,1.34,9.9,13.2,21.87,81.47,3.65,28.15,0.713,High,Yes,Needs Attention
0.02,0.67,-0.12,0.05,0.45,0.03,-0.13,-0.29,5,5,7.42,0.209,9.12,7.91,3.98,123.43,82.19,92.47,0.141,High,Yes,Needs Attention
18,5,11,20.88,90.94,6.25,102.46,1,4,54.11,8,0.541,7.21,13.97,24.42,104.72,83.74,88.69,0.25,Moderate,No,Needs Attention
37,6,13,26.03,91.51,7.51,101.28,1,4,63.39,8,0.518,8.34,6.9,27.18,69.89,68.64,89.87,0.315,Moderate,No,Needs Attention
0.48,0.17,0.16,-0.04,0.03,-0.02,0.06,0.04,7,5.19,8,0.191,9.21,17.22,-0.5,120.79,67.08,100.59,0.152,High,Yes,Needs Attention
74,35,40,26.49,80.16,6.98,242.86,0,6,62.98,8,1.162,5.78,13.69,27.93,37.28,43.34,58.24,0.593,Moderate,No,Average
0.2,0.23,0.21,-0.18,0.41,0.01,-0.84,0.41,0,5,8,0.1,8.44,8.7,1.34,118.09,77.83,101.18,0.152,High,Yes,Needs Attention
61,44,17,26.1,71.57,6.93,102.27,3,3,51.93,8,0.914,7.97,15.22,29.95,58.46,34.49,87.15,0.515,Moderate,No,Average
-0.15,0.18,0.03,0.03,0.11,0,0.32,-0.03,6,5,8,0.164,7.88,20.97,1.87,118.39,76.11,99.54,0.15,High,Yes,Needs Attention
0.22,0.43,0.19,-0.68,0.43,0.13,-0.81,0.29,0,5,8,0.194,9.44,11.13,0.85,122.28,83.06,90.85,0.153,High,Yes,Needs Attention
40,58,15,29.46,87.61,6.98,43.15,1,9,53.57,8,0.946,6.17,14.2,31.07,83.6,16.47,89.59,0.492,High,Yes,Needs Attention
52,63,19,29.59,68.32,6.93,67.53,3,1,41.79,8,1.048,9.68,10.27,31.69,64.13,18.8,82.6,0.554,Moderate,No,Average
40,58,75,18.59,14.78,6.17,89.61,1,7,15.28,8,1.178,11.55,12.34,21.03,75.95,24.55,24.87,0.669,High,Yes,Needs Attention
60,61,78,20.71,19.84,6.32,94.04,1,7,17.94,8,1.405,8.2,5.97,21.12,59.82,20.27,14.08,0.745,High,Yes,Needs Attention
0.57,0.6,-0.24,0.15,-0.29,-0.6,0.02,0.13,1,5,8,0.325,10.01,12,0.06,111.71,81.35,99.05,0.153,High,Yes,Needs Attention
0.15,0.22,-0.17,-0.11,-0.08,0.01,0.02,-0.01,8,5,8,0.135,8.79,12.17,3.45,117.47,83.58,96.67,0.151,High,Yes,Needs Attention
3,77,25,24.85,22.89,5.61,62.21,0,0,17.84,8,0.842,8.87,19.2,23.89,123.74,3.21,70.13,0.473,High,Yes,Needs Attention
40,72,77,17.02,16.99,7.49,88.55,1,7,18.36,8,1.319,11.13,4.82,20.98,72.47,6.61,22.45,0.718,High,Yes,Needs Attention
0.09,-0.02,0.01,0.11,-0.24,0.24,0.03,-0.1,8,5,8,0.195,9.29,10.88,-1.26,118.21,81.97,97.85,0.15,High,Yes,Needs Attention
37,6,13,26.03,91.51,7.51,101.28,1,4,58.29,8,0.406,7.18,17.15,26.65,80.04,76.4,85.12,0.315,Moderate,No,Needs Attention
0.21,-0.2,0.1,-0.05,0.38,0.17,0.61,-0.27,6,5,8,0.314,8.8,11.03,2.91,129.82,83.76,102.86,0.15,High,Yes,Needs Attention
44,63,15,26.42,64.51,7.34,63.47,3,1,36.9,8,0.87,9.28,11.31,27.92,73.31,10.15,86.02,0.519,Moderate,No,Average
0.58,-0.12,-0.07,0.02,-0.16,0.05,-0.36,0.02,7,5,8,0.284,6.49,8.67,-0.45,117.02,79.39,98.09,0.151,High,Yes,Needs Attention
25,78,76,17.48,15.76,7.23,66.97,1,7,13.02,8,1.224,8.91,8.27,19.62,89.85,0,21.51,0.69,High,Yes,Needs Attention
18,5,11,20.88,90.94,6.25,102.46,1,4,60.96,8,0.354,7.43,4.7,22.48,102.05,77.24,87.18,0.25,Moderate,No,Needs Attention
-0.06,0.16,-0.2,0.06,-0.06,0.06,-0.06,-0.07,6,5,8,0.296,9.09,9.48,1.24,121.41,82.75,99.21,0.15,High,Yes,Needs Attention
-0.11,0.08,-0.38,-0.09,-0.03,-0.91,-0.05,0.15,5,5,8,0.277,10.61,8.04,0.47,115.68,78.82,102.72,0.149,High,Yes,Needs Attention
-0.14,-0.22,-0.15,0.28,0,-0.15,-0.25,0.11,9,5,8,0.214,10.95,12.47,1.73,125.08,77.3,95.98,0.148,High,Yes,Needs Attention
0.5,0.26,-0.28,-0.3,-0.31,-0.13,0.03,-0.2,1,5,8,0.264,8.35,8.85,0.33,120.86,82.13,106.11,0.151,High,Yes,Needs Attention
0.36,0.09,0.61,0.05,0.17,-0.19,-0.03,0.2,6,5,8,0.183,11.84,10.08,5.2,123.9,79.38,101.73,0.153,High,Yes,Needs Attention
-0.47,-0.11,-0.88,-0.2,-0.35,-0.61,-0.02,0.31,4,5,8,0.191,8.34,10.19,0.94,118.83,85.82,89.93,0.146,High,Yes,Needs Attention
-0.12,-0.08,-0.42,0.01,0,0.22,-0.09,0.22,4,5,8,0.143,11.04,11.81,0.95,121.34,87.17,100.76,0.148,High,Yes,Needs Attention
-0.4,0.03,0.37,-0.17,0.2,0.53,0.46,0.09,6,5,8,0.272,9.89,9.89,0.52,119.33,83.97,103.79,0.15,High,Yes,Needs Attention
13,7,43,18.2,91.12,7.01,109.66,3,2,56.8,8,0.523,6.97,7.75,22.37,114.29,73.93,58.55,0.336,Moderate,No,Needs Attention
0.12,0.29,0.17,0.02,0.06,-0.24,-0.05,-0.01,6,5,8,0.322,9.34,12.34,-0.94,120.46,87.01,98.18,0.152,High,Yes,Needs Attention
0.1,-0.02,0.12,-0.18,-0.35,-0.09,0.12,-0.36,3,5,6.57,0.176,9.73,16.27,1.86,119.94,80.98,99.64,0.124,High,Yes,Needs Attention
-0.07,-0.26,-0.29,0.21,0.05,-0.05,0.31,-0.01,6,5,8,0.198,9.96,12.51,1.35,117.78,78.34,101,0.148,High,Yes,Needs Attention
73,45,21,24.61,73.59,6.64,96.59,3,3,44.95,8,1.095,6.99,9.56,23.97,44.42,32.3,82.08,0.565,Moderate,No,Average
-0.01,0.13,-0.2,-0.22,-0.22,0.28,0.15,0.16,8,5,8,0.201,9.52,11.51,0.05,121.2,77.06,94.54,0.15,High,Yes,Needs Attention
0.17,0.09,0.01,-0.12,-0.15,0.25,-0.48,0.22,0,5,8,0.178,8.98,3.8,1.86,123.93,79.88,97.57,0.151,High,Yes,Needs Attention
-0.14,0.03,-0.07,0,-0.13,-0.06,0.04,-0.12,6,7.48,8,0.197,8.54,11.44,0.2,116.72,81.82,106.62,0.149,High,Yes,Needs Attention
0.19,0.39,-0.17,0.47,0.35,-0.31,0.13,-0.53,5,5.83,3.99,0.274,8.92,10.4,2.36,120.44,73.95,100.3,0.076,High,Yes,Needs Attention
36,43,22,27.83,87.17,6.39,58.37,1,9,50.05,8,0.753,6.42,8.27,31.92,84.92,35.2,84.11,0.454,Moderate,No,Average
0.11,0.21,0.32,-0.01,0.14,-0.38,-0.04,-0.35,2,5,6.34,0.194,9.33,8.99,1.75,121.68,80.64,111.62,0.121,High,Yes,Needs Attention
31,25,38,24.96,92.41,6.5,109.42,3,2,55.19,8,0.765,7.87,10.36,24.28,80.46,57.57,60.03,0.43,Moderate,No,Average
12,6,8,30.85,92.87,6.39,107.41,1,4,57.9,8,0.425,7.55,15.97,31.08,103.38,73.9,87.21,0.227,Moderate,No,Needs Attention
-0.22,-0.18,0.07,0.03,-0.21,-0.4,-0.12,-0.13,2,5,8,0.19,11.73,16.37,1.1,113.39,81.16,98.87,0.149,High,Yes,Needs Attention
-0.52,-0.07,0.17,0.13,-0.44,-0.52,-0.19,0.25,4,5,8,0.342,7.55,8.29,1.1,120.68,75.12,104.23,0.149,High,Yes,Needs Attention
0.37,-0.26,0.07,-0.41,-0.01,-0.25,-0.38,0.42,0,5,8,0.189,10.22,9.93,1.32,115.13,76.61,104.89,0.15,High,Yes,Needs Attention
0.27,0.01,0.12,-0.34,-0.2,-0.5,0.42,-0.2,1,5,8,0.183,9.76,10.03,1.63,117.25,79.75,108.97,0.151,High,Yes,Needs Attention
76,49,42,24.96,84.48,5.21,196.96,0,6,55.78,8,1.188,8.45,15.24,29.06,38.03,33.04,57.85,0.648,Moderate,No,Average
90,15,52,27.05,91.38,6.45,23.66,3,8,51.66,8,1.037,8.18,12.58,28.54,27.98,65.93,49.95,0.612,High,Yes,Needs Attention
-0.32,-0.08,-0.35,0.44,-0.04,-0.13,-0.14,0.24,4,5,8,0.113,9.59,12.37,0.21,114.7,76.68,97.5,0.148,High,Yes,Needs Attention
0.14,0,0.24,-0.12,0.16,-0.2,0.26,0.05,8,5,8,0.16,9.92,14.15,3.11,123.65,79.05,89.73,0.151,High,Yes,Needs Attention
0.22,-0.1,0.2,0.16,0.38,-0.4,0.68,0.13,6,5,8,0.293,9,9.61,3.55,122.18,86.15,99.64,0.151,High,Yes,Needs Attention
29,16,36,19.81,88.93,5.74,102.86,3,2,56.86,8,0.683,8.14,17.46,21.66,91.75,66.18,59.38,0.39,Moderate,No,Needs Attention
85,25,47,26.11,87.64,6.3,58.48,2,5,47.61,8,1.103,5.68,11.99,27.24,33.49,54.35,55.57,0.614,Moderate,No,Average
0.56,0.2,-0.45,-0.38,-0.24,-0.42,0.14,0.03,1,5,8,0.3,10.53,8.58,2.05,109.25,75.7,92.92,0.151,High,Yes,Needs Attention
57,57,75,17.09,18.25,7.79,87.27,1,7,23.41,8,1.458,9.27,11.08,18.27,60.71,20.15,22.04,0.715,High,Yes,Needs Attention
67,43,39,26.04,84.97,6,186.75,0,6,57.81,8,1.194,7.14,16.93,24.46,49.19,37.03,62.07,0.594,Moderate,No,Average
-0.01,0.32,0.35,0.13,0.06,-0.14,-0.06,-0.36,3,5,6.34,0.136,9.52,10.3,2.48,121.25,80.78,101.14,0.121,High,Yes,Needs Attention
8,72,17,20.57,19.75,5.71,87.88,0,0,23.4,8,0.742,9.1,15.8,23.41,115.1,10.26,82.81,0.448,High,Yes,Needs Attention
13,47,20,29.22,87.94,6.54,43.14,1,9,60.53,8,0.825,8.85,9.5,32.88,108.62,34.55,87.47,0.394,High,Yes,Needs Attention
0.16,0.08,-0.1,-0.25,-0.11,-0.19,0.11,-0.2,1,5,8,0.22,12,8.94,0.15,126.16,78.44,106.38,0.15,High,Yes,Needs Attention
0.09,0.13,0,0.05,-0.07,-0.17,-0.07,0.04,6,5,8,0.18,10.97,14.64,1.89,117.07,77.83,97.26,0.151,High,Yes,Needs Attention
78,48,22,23.09,63.1,5.59,70.43,3,3,41.36,8,1.145,7.61,8.5,24.96,38.95,40.19,84.44,0.592,Moderate,No,Average
0.18,0.05,-0.03,-0.17,0.12,-0.17,-0.2,0,9,5.24,8,0.282,10.38,15.29,1.46,125.01,77.72,107.08,0.151,High,Yes,Needs Attention
-0.25,-0.03,-0.27,0.06,-0.06,-0.01,-0.09,0.63,4,5,8,0.151,10.42,13.41,1.73,121.08,74.86,99.77,0.148,High,Yes,Needs Attention
0.26,-0.28,0.07,-0.46,-0.02,0.03,-0.23,0.12,0,5,8,0.218,8.83,8.51,1.1,118.51,73.73,100.11,0.15,High,Yes,Needs Attention
-0.23,-0.22,-0.16,-0.07,-0.28,-0.48,-0.08,0.39,5,5,8,0.27,8.5,11.71,1.75,129.46,78.81,99.96,0.148,High,Yes,Needs Attention
21,78,19,27.16,66.76,6.92,69.85,3,1,43.61,8,0.815,8.02,9.8,29.77,101.89,5.76,78.42,0.511,Moderate,No,Average
-0.21,0.27,0.01,-0.28,-0.17,0.14,-0.02,-0.27,9,5,8,0.201,10.56,13.4,3.05,119.26,77.43,97.81,0.15,High,Yes,Needs Attention
0.25,0.06,-0.05,-0.39,0.17,-0.06,-0.21,0.31,0,5,8,0.112,8.13,19.55,-0.02,116.32,85.85,105.33,0.151,High,Yes,Needs Attention
94,53,40,20.28,82.89,5.72,241.97,0,6,60.82,8,1.243,6.96,10.52,21.52,32.63,26.97,61.75,0.707,Moderate,No,Healthy
0.44,-0.14,0.03,-0.31,0.01,-0.21,0.21,0.19,1,5,8,0.157,10.32,14.14,0.56,120.59,84.58,97.75,0.151,High,Yes,Needs Attention
-0.44,0.13,-0.53,-0.28,-0.08,0.14,0.46,-0.46,5,5,4.77,0.233,9.79,12.1,0.37,120.56,76.84,96.83,0.087,High,Yes,Needs Attention
-0.01,-0.08,0.17,-0.08,-0.08,0.31,0,-0.23,8,5,8,0.175,11.17,12.1,-1,123.39,77.11,96.8,0.15,High,Yes,Needs Attention
102,14,52,26.79,89.65,6.51,57.74,2,5,52.26,8,1.156,6.1,11.34,28.33,22.4,66.36,47.34,0.644,Moderate,No,Average
13,8,12,25.16,92.55,7.11,114.31,1,4,61.46,8,0.402,9.79,8.57,27.38,109.75,73.93,91.65,0.248,Moderate,No,Needs Attention
0.09,0.22,0.3,0.38,0.3,-0.28,-0.18,-0.09,2,5,8,0.112,8.2,13.34,1.65,124.33,79.06,96.26,0.152,High,Yes,Needs Attention
0.02,0.24,0.36,-0.04,0.19,-0.14,0.41,-0.41,6,5,5.11,0.238,7.72,10.85,1.45,122.24,80.93,103.25,0.098,High,Yes,Needs Attention
0.51,0.09,-0.01,-0.06,-0.16,-0.61,0.29,0.14,1,5,8,0.294,9.7,8.38,2.07,122.26,82.26,100.8,0.152,High,Yes,Needs Attention
88,55,45,24.64,80.41,7.73,253.72,0,6,64.68,8,1.322,6.61,16.06,28.26,28.34,19.32,55.57,0.711,Low,No,Average
22,72,85,18.87,15.66,6.39,88.51,1,7,15.69,8,1.258,9.32,12.4,19.74,107.05,6.64,19.1,0.689,High,Yes,Needs Attention
0.14,-0.08,0.33,-0.74,0.82,-0.04,-0.62,0.44,0,5,8,0.232,9.66,11.09,-1,113.69,78.01,103.04,0.151,High,Yes,Needs Attention
0.11,0.19,-0.02,-0.07,0.07,-0.27,0.27,-0.03,8,5,8,0.1,9.55,17.36,1.29,121.44,77.93,94.4,0.151,High,Yes,Needs Attention
0.33,0.43,-0.06,0.06,0,0.24,0.43,0.18,8,5,8,0.247,8.91,4.66,4.39,112.99,81.2,95.72,0.152,High,Yes,Needs Attention
0.43,0.09,0.04,-0.09,-0.36,0.22,-0.07,0.28,7,6.08,8,0.452,10.19,17.09,-0.33,119.08,77.89,99.04,0.152,High,Yes,Needs Attention
77,52,17,24.86,65.74,5.71,75.82,3,3,46.94,8,1.066,7.79,8.48,27.34,40.14,19.98,84.42,0.587,Moderate,No,Average
0.13,-0.1,0.11,-0.12,0.24,0.15,-0.1,-0.09,3,5,8,0.191,10.85,12.85,3.12,120.55,79.15,105.35,0.15,High,Yes,Needs Attention
-0.31,0.35,-0.37,0.01,-0.13,-0.36,-0.35,0.24,5,5,8,0.258,9.57,9.65,-2.04,122.02,75.39,100.63,0.149,High,Yes,Needs Attention
36,66,15,30.09,69.35,6.67,67.14,3,1,40.18,8,1.034,7.05,8.31,32.21,79.22,15.99,91.81,0.505,Moderate,No,Average
0.04,0.29,-0.27,0,-0.07,0.16,0.05,-0.05,5,5,8,0.278,8.06,17.26,2.41,119.81,82.93,97.44,0.15,High,Yes,Needs Attention
0.77,0.29,-0.42,-0.48,-0.49,-0.08,0.06,-0.32,1,5,7.06,0.1,9.59,19.42,0.62,126.2,71.01,98.27,0.134,High,Yes,Needs Attention
0.63,-0.13,-0.41,-0.29,-0.37,-0.58,-0.26,0,5,5,8,0.246,8.49,11.12,0.24,112.81,77.03,99.19,0.15,High,Yes,Needs Attention
83,45,21,18.83,58.75,5.72,79.75,3,3,33.46,8,1.3,6.93,13.34,19.44,32.73,36.41,75.73,0.594,Moderate,No,Average
0.78,-0.39,0.01,-0.11,-0.33,-0.04,-0.35,0.5,7,5,8,0.252,10.29,12.23,0.9,123.52,74.75,104.63,0.151,High,Yes,Needs Attention
-0.48,-0.22,0.32,-0.02,-0.03,0.23,-0.07,0.01,9,5,8,0.105,7.97,18.92,1.03,120.87,83.35,88.6,0.149,High,Yes,Needs Attention
-0.07,0.25,0.05,-0.14,0.15,0.01,-0.09,0.21,9,5,8,0.224,11.16,3.55,0.62,120.83,83.95,97.94,0.151,High,Yes,Needs Attention
0.02,-0.07,-0.04,0.25,-0.19,0.03,-0.21,-0.12,4,5,8,0.1,9.91,13.51,1.23,125.09,79.42,104.63,0.15,High,Yes,Needs Attention
83,58,23,19.74,59.66,6.38,65.51,3,3,38.84,8,1.283,8.21,9.09,23.03,33.03,18.9,75.75,0.641,Moderate,No,Average
10,59,15,29.83,89.3,6.32,58.87,1,9,53.98,8,0.628,6.48,2.58,29.51,107.4,11.76,89.29,0.408,Moderate,No,Average
118,18,52,28.05,90.83,6.56,20.76,3,8,50.74,8,1.334,8.24,10.56,26.93,0,65.26,56.79,0.703,High,Yes,Needs Attention
0.18,0.26,0.11,-0.22,0.22,-0.08,-0.54,0.29,0,5,8,0.135,9.74,19.39,3.09,118.08,87.75,100.21,0.152,High,Yes,Needs Attention
0.14,0.13,0.64,-0.47,0.46,-0.8,0.12,-0.55,2,5,3.8,0.162,9.05,9.38,0.74,126.56,87.05,104.04,0.074,High,Yes,Needs Attention
0.4,0.19,-0.32,0.18,-0.17,-0.13,0.23,0.22,5,5,8,0.321,9.95,15.16,1.1,111.09,79.03,110,0.151,High,Yes,Needs Attention
0.72,-0.16,-0.04,0.01,-0.44,0.02,-0.09,0.01,7,5,8,0.211,8.08,16.79,1.34,113.31,75.79,101.65,0.151,High,Yes,Needs Attention
60,61,78,20.71,19.84,6.32,94.04,1,7,10.74,8,1.349,7.62,11.95,22.52,53.17,22.35,21.81,0.745,High,Yes,Needs Attention
0.35,0.06,-0.06,-0.11,-0.29,-0.3,0.15,0.04,6,5,8,0.11,8.64,12.48,0.6,126.66,79.43,103.67,0.151,High,Yes,Needs Attention
0.02,-0.15,-0.56,0.17,-0.18,0.06,0.34,0.2,4,5,8,0.1,10.1,5.13,2.43,116.91,82.06,105.3,0.148,High,Yes,Needs Attention
-0.21,-0.13,0.15,0.13,-0.2,0.27,0.54,0.09,6,5,8,0.1,9.75,9.14,0.19,118.58,81.34,99.69,0.149,High,Yes,Needs Attention
-0.38,0.13,-0.26,-0.05,0.1,0.09,0.25,-0.15,3,5,8,0.206,10.8,15.63,1,112.31,80.24,98.32,0.149,High,Yes,Needs Attention
90,16,45,24.92,80.62,6.29,50.56,2,5,43.12,8,1.184,6.81,12.24,23.1,28.69,68.11,61.87,0.595,Moderate,No,Average
-0.14,-0.56,-0.23,0.34,0.2,0.19,0.64,0.03,6,5,8,0.15,10.32,13.47,3.6,124.47,84.82,99.15,0.147,High,Yes,Needs Attention
-0.26,0.78,-0.53,-0.15,0.16,-0.25,-0.18,0.22,5,5.26,8,0.326,9.63,12.53,1.09,121.52,77.13,105.3,0.15,High,Yes,Needs Attention
102,24,54,27.72,90.94,6.7,22.82,3,8,47.24,8,1.223,6.53,20.77,30.23,17.46,52.31,47.05,0.681,High,Yes,Needs Attention
-0.22,0.16,-0.38,0.36,-0.19,-0.13,-0.02,0.22,4,5,8,0.178,10.14,10.28,2.57,112.4,69.84,107.69,0.149,High,Yes,Needs Attention
39,71,84,20.28,16.4,8.14,82.52,1,7,14.64,8,1.278,9.27,18.42,22.6,79.36,7.62,12.6,0.733,High,Yes,Needs Attention
87,6,45,29.83,90.79,6.4,22.84,3,8,51.58,8,1.107,6.85,12.53,31.32,33.73,69.63,51.6,0.555,High,Yes,Needs Attention
0.41,0.26,-0.28,0.41,0.32,-0.1,-0.38,0.22,2,5,8,0.37,9.78,18.78,2.49,114.63,81.42,103.7,0.151,High,Yes,Needs Attention
0.84,-0.62,-0.01,0.25,-0.37,-0.23,-0.22,0.2,7,5,8,0.1,9.63,7.1,0.31,122.43,79.28,95.49,0.15,High,Yes,Needs Attention
-0.11,-0.54,-0.69,-0.51,-0.14,-0.22,0.07,0.16,4,5,8,0.164,9.6,12.74,-0.77,124.54,79.63,101.16,0.146,High,Yes,Needs Attention
99,36,20,20.58,65.35,6.67,78.35,3,3,43.96,8,1.231,7.7,10.43,21.93,18.36,47.25,86.19,0.61,Moderate,No,Average
0.09,-0.02,0.21,-0.12,0.41,-0.13,-0.19,-0.24,2,5.41,8,0.1,8.43,12.56,0.36,123.54,81.61,92.65,0.151,High,Yes,Needs Attention
-0.27,-0.01,0.26,0.14,0.04,-0.02,0.07,0.29,9,5,8,0.245,9.82,16.89,3.78,119.72,79.54,101.35,0.15,High,Yes,Needs Attention
-0.07,-0.15,0.47,-0.05,0.39,-0.19,0.3,-0.4,6,5,6.11,0.299,8.94,13.52,2.01,125.81,86.9,104.38,0.115,High,Yes,Needs Attention
0.34,0.15,0.2,-0.08,-0.25,-0.14,-0.02,0.14,7,5.09,8,0.21,8.74,16.88,0.35,129.83,82.8,99.7,0.152,High,Yes,Needs Attention
-0.11,-0.6,-0.79,-0.37,-0.29,0.08,0.29,0.64,4,5,8,0.235,9.52,9.32,0.72,114.64,78.94,97.08,0.145,High,Yes,Needs Attention
34,59,18,23.38,21.99,5.74,87.67,0,0,21.59,8,1.007,9.93,8.71,25.08,89.85,19.51,80.95,0.486,High,Yes,Needs Attention
-0.37,-0.27,-0.57,0.35,0.1,-0.15,-0.36,0.51,4,5,8,0.349,9.93,12.06,1.75,126.89,83.42,97.22,0.146,High,Yes,Needs Attention
0.44,0.2,-0.12,-0.25,-0.27,-0.09,0.16,-0.14,1,5,8,0.198,9.23,11.85,1.66,114.71,80.61,100.4,0.152,High,Yes,Needs Attention
-0.43,0.42,-0.22,0.06,0,-0.13,-0.14,0.32,4,5,8,0.156,9.18,11.26,1.66,117.55,75.1,99.11,0.149,High,Yes,Needs Attention
0.01,0.63,-0.25,0.04,-0.13,-0.01,0.12,0.33,5,5,8,0.129,10.39,8.17,-0.55,117.06,82.95,98.2,0.151,High,Yes,Needs Attention
0.3,0.14,0.07,0.03,0.27,-0.04,-0.1,0.12,2,5,8,0.281,7.35,16.79,-1.7,119.04,84.89,101.79,0.152,High,Yes,Needs Attention
-0.17,0.14,-0.02,0,0.28,0.22,0.2,-0.28,5,5,7.35,0.1,10.54,10.55,0.94,118.39,84.59,106.34,0.138,High,Yes,Needs Attention
0.43,-0.1,0.28,-0.11,-0.18,0.02,-0.54,0.28,0,5,8,0.183,7.88,17.7,2.23,118.58,86.27,101.03,0.152,High,Yes,Needs Attention
-0.06,-0.52,0.02,-0.15,-0.37,-0.18,-0.44,-0.12,3,5,8,0.205,8.34,12.05,0.81,124.25,88.8,105.35,0.148,High,Yes,Needs Attention
0.77,-0.16,0.31,0.02,-0.18,-0.32,0.11,-0.04,7,5,8,0.165,9.24,14.59,3.37,109.75,87.08,106.01,0.153,High,Yes,Needs Attention
-0.16,0.03,0.06,0.01,0.32,0.16,-0.17,-0.31,3,5.62,7.53,0.222,11.91,14.23,1.44,115.29,81.33,97.59,0.141,High,Yes,Needs Attention
-0.09,-0.04,-0.12,-0.14,-0.08,-0.01,0.11,0.39,4,5,8,0.404,11.43,8.7,3.4,123.44,79.21,101.22,0.149,High,Yes,Needs Attention
0.31,0.15,-0.05,-0.19,0.02,0,-0.23,0.23,0,5,8,0.193,10.46,13.47,3.04,122.45,72.53,98.35,0.151,High,Yes,Needs Attention
-0.1,0.01,-0.1,0.08,-0.02,0.35,0.49,0.22,6,5,8,0.164,10.11,19.71,3.16,114.81,80.03,94.17,0.149,High,Yes,Needs Attention
0.02,-0.2,-0.06,0.08,0.03,-0.01,0.21,-0.03,6,5,8,0.28,7.89,13.01,-0.23,122.78,82.28,101.48,0.149,High,Yes,Needs Attention
0.94,0.55,-0.16,-0.44,0.02,-0.49,0.21,0.25,1,5,8,0.227,9.91,15.61,1.09,125.69,79.62,95.95,0.154,High,Yes,Needs Attention
66,44,20,19.08,69.02,6.74,80.73,3,3,48.95,8,1.095,7.48,14.77,22.41,53.75,28.45,81.94,0.539,Moderate,No,Average
0.27,-0.04,-0.03,-0.08,0.07,0.03,-0.2,0.22,0,5,8,0.214,8.93,13.23,1.83,114.69,78.89,93.81,0.151,High,Yes,Needs Attention
49,72,15,31.56,67.84,7.14,74.87,3,1,41.2,8,0.996,8.21,12.75,33.89,75.37,10.58,85.68,0.562,Moderate,No,Average
23,59,19,21.99,24.87,5.85,129.57,0,0,21,8,0.663,8.66,14.19,21.41,105.62,16.9,74.72,0.457,High,Yes,Needs Attention
0.57,-0.02,-0.07,-0.04,-0.48,-0.08,-0.51,-0.12,7,5,8,0.1,10.63,15.05,4.34,115,80.68,102.77,0.151,High,Yes,Needs Attention
0.59,0.04,-0.09,-0.04,-0.17,-0.27,0.03,-0.1,1,5,8,0.1,7.82,6.59,0.27,119.61,81.69,98.52,0.152,High,Yes,Needs Attention
79,45,20,23.81,59.25,5.72,89.96,3,3,37.77,8,1.094,8.34,12.99,22.32,46.45,39.47,78.04,0.58,Moderate,No,Average
-0.14,0.1,-0.04,-0.03,0.16,0.19,-0.05,-0.15,5,5,8,0.1,8.87,11.26,0.94,120.72,86.75,104.55,0.15,High,Yes,Needs Attention
0.34,0.19,0.41,-0.04,0.06,-0.38,0.05,-1.25,3,5,0.88,0.306,9.34,10.43,-2.21,110.92,78.3,98.3,0.019,High,Yes,Needs Attention
0.44,0.15,-0.01,-0.09,-0.06,-0.32,0.08,0.1,1,5,8,0.206,10.06,17.18,-0.22,121.78,80.59,100.45,0.152,High,Yes,Needs Attention
0.35,0.04,-0.06,-0.35,-0.23,-0.18,0.32,-0.25,1,5,8,0.182,8.64,9.07,4.99,114.76,80.82,99.27,0.151,High,Yes,Needs Attention
0.3,-0.05,0.16,0,-0.07,-0.26,-0.05,0.07,7,5,8,0.135,9.92,6.42,0.93,113.35,82.65,101.87,0.151,High,Yes,Needs Attention
0.7,0.11,-0.23,-0.27,0.15,-0.87,0.52,0.31,1,5,8,0.253,9.53,15.18,-0.91,110.66,82.04,104.4,0.152,High,Yes,Needs Attention
-0.01,0.15,-0.13,-0.35,0.04,-0.11,-0.51,-0.09,5,5,8,0.136,9.09,6.32,1.19,125.96,85.55,103.47,0.15,High,Yes,Needs Attention
-0.2,-0.54,-0.11,0.25,0.04,0.01,0.37,-0.17,6,5,8,0.116,9.28,4.29,0.4,116.03,71.21,98.24,0.147,High,Yes,Needs Attention
31,78,76,17.57,15,8.52,89.31,1,7,9.21,8,1.405,9.22,15.63,20.37,90.67,3.67,28.84,0.708,High,Yes,Needs Attention
0.39,-0.02,-0.19,0.09,-0.1,-0.09,0.53,0.29,1,5,8,0.229,8.98,12.63,0.26,122.5,81.97,96.52,0.151,High,Yes,Needs Attention
-0.03,-0.03,0.31,-0.2,0.17,-0.15,0.1,-0.19,6,5,8,0.183,9.75,13.89,1.71,120.84,79.09,96.72,0.151,High,Yes,Needs Attention
-0.31,-0.39,-0.54,0.29,-0.04,-0.12,-0.31,0.59,4,5,8,0.244,9.47,10.23,0.07,121.79,71.33,100.03,0.146,High,Yes,Needs Attention
-0.06,-0.22,-0.14,0.06,0.34,-0.03,0.02,-0.17,3,5,8,0.198,9.13,6.46,5.46,121.97,79.98,104.33,0.149,High,Yes,Needs Attention
-0.23,0.03,0.06,-0.06,0.21,0.31,0.15,0.08,6,5,8,0.23,11.33,7.26,2.2,120.92,77.13,95.26,0.15,High,Yes,Needs Attention
11,46,24,27.65,89.81,6.46,56.53,1,9,56.46,8,0.621,7.92,10.91,28.93,105.2,40.71,79.57,0.396,Moderate,No,Needs Attention
115,18,53,29.17,94.2,6.01,22.07,3,8,51.86,8,1.482,7.01,6.91,30.23,0.75,63.5,46.78,0.698,High,Yes,Needs Attention
27,56,20,19.26,20.51,5.54,94.95,0,0,21.32,8,0.772,9.38,13.23,19.93,92.48,20.82,78.27,0.463,High,Yes,Needs Attention
0.28,-0.07,-0.13,-0.17,-0.09,-0.01,0.02,0.1,7,5,8,0.325,8.73,10.15,0.19,119.09,71.86,104.52,0.15,High,Yes,Needs Attention
0.22,0.26,-0.21,-0.14,-0.34,-0.37,0.47,0.28,1,5,8,0.187,9.32,12.74,0.18,121.93,82.1,97,0.151,High,Yes,Needs Attention
-0.04,-0.23,0.07,-0.39,0.09,-0.63,-0.01,-0.05,2,5,8,0.263,9.43,12.62,3.63,125.55,83.01,109.07,0.149,High,Yes,Needs Attention
54,62,80,17.49,16.39,7.49,79.46,1,7,16.18,8,1.435,8.09,13.55,18.16,67.72,17.14,19.29,0.737,High,Yes,Needs Attention
-0.01,0.24,-0.47,-0.21,0.15,-0.07,0.09,-0.05,8,5,8,0.29,10.13,14,-1.9,115.96,82.17,101.07,0.149,High,Yes,Needs Attention
59,55,79,20.37,16.9,8.77,82.25,1,7,15.43,8,1.291,8.82,10.62,20.12,50.09,23.61,27.17,0.726,High,Yes,Needs Attention
76,40,43,25.16,83.12,5.07,231.38,0,6,63.77,8,1.24,7.32,12.74,28.05,40.16,44.27,57.7,0.623,Moderate,No,Average
0.29,0.24,0.25,-0.14,0.25,-0.8,-0.07,-0.51,2,5,3.74,0.352,9.18,12.94,0.98,112.99,83.73,104.51,0.072,High,Yes,Needs Attention
0.78,0.22,-0.26,-0.14,0.03,-0.74,0.19,0.3,1,5,8,0.184,12,2.28,1.16,115.57,73.22,92.45,0.152,High,Yes,Needs Attention
0.02,0.23,-0.5,-0.11,0.2,-0.46,0.35,-0.36,5,5,6.32,0.201,9.08,14.59,3.14,121.19,74.19,98.73,0.118,High,Yes,Needs Attention
0.09,0.19,-0.21,0.3,0.34,-0.1,-0.2,0.06,2,5,8,0.159,7.67,12.6,0.63,120.33,87.94,101.8,0.15,High,Yes,Needs Attention
0.13,0.18,0.11,-0.08,0.16,-0.29,-0.05,-0.03,5,5,8,0.175,8.15,14.26,2.37,129.16,83.55,104.22,0.151,High,Yes,Needs Attention
-0.17,0.3,-0.31,0.06,0.03,0.06,0.47,-0.13,5,5,8,0.336,10.51,6.85,0.56,122.59,74.65,103.39,0.15,High,Yes,Needs Attention
0.16,-0.01,-0.13,0.13,-0.06,-0.02,-0.04,0.05,8,5,8,0.12,11.09,10.74,2.49,129.39,73.73,102.83,0.15,High,Yes,Needs Attention
0.63,0.37,0.07,-0.45,-0.09,-0.36,0.3,0.36,1,5,8,0.131,9.07,7.63,0.46,122.95,80.46,104.17,0.153,High,Yes,Needs Attention
27,62,77,18.2,14.71,6.58,70.18,1,7,16.24,8,1.325,10.66,14.98,19.34,98.43,13.43,24.9,0.649,High,Yes,Needs Attention
82,22,45,26.22,85.35,6.51,54.6,2,5,51.34,8,1.144,8.36,6.38,28.95,36.21,56.73,46.43,0.59,Moderate,No,Average
0.06,0.39,-0.88,0.1,0.13,-0.09,0.46,-0.47,5,5,4.52,0.367,9.56,8.29,2.72,114.57,79.42,106.65,0.084,High,Yes,Needs Attention
120,7,47,24.25,83.04,6.65,54.77,2,5,52.62,8,1.208,7.41,14.14,25.5,0,72.64,49.65,0.66,Moderate,No,Average
73,58,21,19.97,57.68,6.6,60.65,3,3,39.1,8,1.122,8.49,9.48,20.76,46.94,26.51,80.25,0.606,Moderate,No,Average
76,49,42,24.96,84.48,5.21,196.96,0,6,63.88,8,1.149,8.52,8.29,28.86,40.86,38.34,58.72,0.648,Moderate,No,Average
-0.33,-0.09,0.55,-0.04,0.14,0.34,0.51,0.05,6,7.1,8,0.212,10.14,15.63,2.34,115.32,78.17,99.64,0.15,High,Yes,Needs Attention
-0.02,-0.05,-0.33,0.22,-0.3,0.11,-0.2,0.06,5,5,8,0.1,9.08,15.79,1.13,122.1,75.53,95.91,0.149,High,Yes,Needs Attention
63,58,22,18.25,55.28,6.2,63.72,3,3,29.49,8,1.113,8.19,14.89,18.77,51.97,23.56,70.25,0.58,High,Yes,Needs Attention
36,38,15,28.36,87.6,6.32,58,1,9,57.63,8,0.76,9.54,15.39,31.4,76.33,48.53,80.99,0.418,Moderate,No,Average
27,76,83,19.13,14.92,6.29,89.62,1,7,14,8,1.311,9.63,11.07,20.8,87.39,2.39,20.3,0.71,High,Yes,Needs Attention
0.02,0.1,0.24,-0.59,-0.13,-0.09,0.14,-0.52,3,5,4.21,0.171,10.62,11.18,0.66,118.81,83.3,93.97,0.08,High,Yes,Needs Attention
-0.22,-0.28,-0.11,-0.22,0.06,0.1,-0.13,-0.46,3,5,5.13,0.125,10.29,9.41,1.45,115.27,76.93,96.59,0.094,High,Yes,Needs Attention
29,63,17,30.03,67.89,7.26,66.47,3,1,37.85,8,0.912,8.33,12.67,32.04,89.86,17.09,84.67,0.481,Moderate,No,Average
1,59,23,27.47,87.18,7.18,43.78,1,9,47.7,8,0.604,7.68,9.89,28.88,122,16.35,72.89,0.405,High,Yes,Needs Attention
76,49,42,24.96,84.48,5.21,196.96,0,6,57.42,8,1.243,8.54,10.27,28.27,46.87,31.04,55.83,0.648,Moderate,No,Average
-0.02,0.17,-0.14,-0.28,-0.2,0.54,0.16,0.2,4,5,8,0.366,10.47,14.4,3.11,116.72,79.36,100.47,0.15,High,Yes,Needs Attention
0.43,-0.13,-0.32,0.37,-0.24,0.59,-0.22,0.2,8,5,8,0.319,10.02,16.74,2.67,113.05,82.56,101.45,0.15,High,Yes,Needs Attention
32,25,35,18.1,85.71,5.89,107.01,3,2,57.27,8,0.632,6.91,13.59,21.66,85.12,62.11,60.81,0.424,Moderate,No,Average
0.19,0.16,0.15,-0.11,0.08,0.1,-0.52,0.25,0,5,8,0.16,10.13,19.18,1.4,123.09,78.28,100.41,0.151,High,Yes,Needs Attention
3,77,25,24.85,22.89,5.61,62.21,0,0,13.33,8,0.864,9.11,9.18,27.39,121.45,0,76.6,0.473,High,Yes,Needs Attention
0.14,-0.4,0.1,-0.13,-0.13,-0.15,-0.23,-0.17,4,5,8,0.193,9.44,4.65,2.88,121.62,79.59,94.81,0.149,High,Yes,Needs Attention
0.32,0.04,0.14,-0.31,-0.06,-0.22,0.15,-0.27,7,5,7.47,0.1,12,14.86,2.72,125.69,81.16,100.72,0.142,High,Yes,Needs Attention
39,71,84,20.28,16.4,8.14,82.52,1,7,14.21,8,1.395,7.8,8.91,23.15,89.65,9.81,13.13,0.733,High,Yes,Needs Attention
36,56,83,18.91,19.76,6.45,69.12,1,7,17.78,8,1.249,10.21,10.91,21.36,81.58,23.37,17.5,0.674,High,Yes,Needs Attention
0.43,-0.13,0.39,-0.27,0.44,-0.8,-0.21,-0.1,2,5,8,0.357,8.88,4.92,4.17,127,86.08,102.5,0.152,High,Yes,Needs Attention
-0.4,-0.4,-0.16,-0.26,0.09,0.2,-0.65,0,3,5,8,0.174,9.88,8.4,0.43,119.1,80.94,99.45,0.147,High,Yes,Needs Attention
0.09,0,0.08,0.08,0.31,0.11,0.05,-0.32,3,5,6.93,0.294,12,5.99,1.35,125.01,79.58,103.57,0.13,High,Yes,Needs Attention
11,61,21,18.62,23.02,5.53,135.34,0,0,24.18,8,0.657,8.21,10.26,19.8,112.54,15.89,82.16,0.434,High,Yes,Needs Attention
1,15,9,29.98,94.55,7.53,115.36,1,4,62.82,8,0.268,6.66,10.42,30.93,109.11,58.01,94.63,0.226,Moderate,No,Needs Attention
25,63,20,15.79,21.15,5.5,95.17,0,0,17.13,8,0.906,9.2,12.36,14.31,90.17,18.32,81.61,0.479,High,Yes,Needs Attention
91,13,47,29.11,92.44,6.14,27.96,3,8,52.54,8,1.193,6.59,16.96,32.67,22.89,67.98,57.4,0.594,High,Yes,Needs Attention
-0.22,-0.03,-0.17,0.14,-0.1,-0.25,-0.01,-0.1,4,5,8,0.121,10.64,14.71,0.1,111.31,75.79,101.71,0.149,High,Yes,Needs Attention
0.41,-0.04,-0.03,-0.2,-0.29,0.14,-0.19,0.1,7,5,8,0.204,9.22,5.51,1.55,123.99,79.86,93.36,0.151,High,Yes,Needs Attention
0.07,0.19,0.07,-0.08,0.04,0.44,-0.08,-0.24,8,5,8,0.1,10.4,14.43,-0.71,130.27,79.23,96.76,0.151,High,Yes,Needs Attention
0.64,0.59,-0.09,-0.01,-0.12,-0.18,0.08,0.13,1,5,8,0.192,8.42,12.45,2.42,118.07,76.91,99.24,0.153,High,Yes,Needs Attention
34,10,14,34.05,92.06,6.73,116.8,1,4,59.18,8,0.615,5.64,11.61,34.37,90.27,66.83,85.65,0.322,Moderate,No,Needs Attention
0.32,0.31,-0.47,-0.26,0.06,-0.49,0.49,0.48,1,5,8,0.166,9.52,11.91,-0.46,127.1,81.31,101.9,0.151,High,Yes,Needs Attention
0.12,0.16,-0.9,0.01,0.27,0.11,0.18,-0.9,5,5,1.87,0.176,8.17,12.82,1.8,120.92,78.94,97.67,0.033,High,Yes,Needs Attention
93,53,38,26.93,81.91,7.07,290.68,0,6,62.33,8,1.214,9.22,9.23,27.38,26.87,24.64,70.03,0.699,Low,No,Average
95,7,45,27.3,90.8,6.03,25.09,3,8,48.06,8,1.03,5.95,11.27,27.94,23.77,69.55,54.59,0.581,High,Yes,Needs Attention
0.04,-0.31,-0.38,0.25,-0.05,-0.09,-0.06,-0.18,5,5,8,0.337,8.71,16.74,2.01,122.65,79.79,100.35,0.148,High,Yes,Needs Attention
0.43,0.07,0.13,-0.32,-0.1,-0.07,-0.75,0.29,0,5,8,0.21,10.17,9.18,2.38,123.94,83.63,97.19,0.152,High,Yes,Needs Attention
99,36,20,20.58,65.35,6.67,78.35,3,3,40.18,8,1.05,7.53,7.88,20.85,23.31,44.83,75.99,0.61,Moderate,No,Average
-0.12,0.05,-0.33,0.15,-0.3,-0.44,-0.13,0.38,5,5,8,0.172,8.24,11.75,0.16,122.26,79,99.82,0.149,High,Yes,Needs Attention
-0.12,-0.03,0.1,-0.22,-0.32,-0.56,0.51,-0.13,9,5,8,0.1,11.8,7.48,1.32,119.86,81.26,100.01,0.15,High,Yes,Needs Attention
0.06,-0.1,0.15,0.12,0.01,-0.01,-0.09,0.02,8,5,8,0.12,8.75,5.11,2.43,111.98,85.56,99.5,0.15,High,Yes,Needs Attention
14,57,15,29.88,83.15,6.62,40.12,1,9,52.21,8,0.825,7.47,10.62,33.57,110.49,24.96,91.62,0.413,High,Yes,Needs Attention
0.07,-0.2,0.11,-0.31,0.05,0.14,-0.43,0.19,0,5,8,0.188,9.54,17.79,-0.42,113.51,81.24,99.38,0.15,High,Yes,Needs Attention
0.05,0.23,0.32,0.07,-0.11,0.76,-0.24,-0.04,8,5,8,0.355,10.46,11.85,1.09,123.05,82.32,99.34,0.152,High,Yes,Needs Attention
0.77,-0.19,-0.16,-0.32,-0.39,-0.35,-0.02,0.1,7,5,8,0.195,10.22,12.71,2.94,123.01,79.56,103.42,0.151,High,Yes,Needs Attention
-0.04,0.1,0.24,0.27,0.35,0.18,0.04,-0.56,3,5,3.7,0.199,8.91,3.48,4.73,114.34,80.64,99.08,0.07,High,Yes,Needs Attention
10,56,16,28.17,81.05,6.83,36.36,1,9,44.97,8,0.743,7.4,13.75,28.18,106.96,22.04,86.16,0.401,High,Yes,Needs Attention
0.24,-0.2,0.4,-0.1,0.23,0.12,-0.29,0.01,0,5,8,0.1,9.52,12.37,0.29,130.37,74,94.48,0.151,High,Yes,Needs Attention
0.02,0.06,-0.16,-0.16,-0.02,0.27,0.11,-0.19,5,5,8,0.216,10.5,9.34,1.91,119.58,81.31,95.08,0.15,High,Yes,Needs Attention
0.07,-0.52,0.32,0.14,-0.06,-0.03,0.34,-0.01,9,5,8,0.195,8.58,12.72,0.77,113.83,81.91,100.17,0.15,High,Yes,Needs Attention
0.19,0.02,0.28,0.18,0.1,-0.22,-0.08,0.12,7,5,8,0.322,11.77,12.68,0.54,123.81,78.83,98.79,0.151,High,Yes,Needs Attention
-0.07,0.35,-0.68,0.06,-0.09,0.17,0.17,-0.19,5,5,8,0.275,8.99,7.76,1.93,116.21,83.79,97.44,0.149,High,Yes,Needs Attention
4,14,41,19.85,89.81,6.43,102.82,3,2,62.78,8,0.463,7.5,13.33,23.67,106.4,63.11,59.49,0.326,Moderate,No,Needs Attention
0.11,0.1,-0.1,0.07,-0.01,0.12,-0.01,0.02,8,5,8,0.3,8.59,16.79,-0.39,122.49,72.81,100.94,0.15,High,Yes,Needs Attention
-0.1,0.19,0.18,-0.18,0.08,-0.04,-0.05,0.17,9,5,8,0.181,8.45,11.09,3.57,115.52,77.02,96.98,0.151,High,Yes,Needs Attention
32,57,18,15.54,23.76,5.7,107.39,0,0,18.54,8,0.77,8.28,8.53,16.18,89.61,16.84,79.92,0.474,High,Yes,Needs Attention
0.64,0.2,-0.28,-0.13,-0.18,-0.09,0.18,-0.11,1,5,8,0.219,8.78,11.29,1.89,115.3,81.15,101.15,0.152,High,Yes,Needs Attention
107,22,54,28,90.85,6.63,21.62,3,8,51.3,8,1.282,7.06,15.42,31.89,16.54,54.99,41.92,0.69,High,Yes,Needs Attention
0,0.05,0.11,0.04,-0.26,0.04,-0.36,0.13,0,5,8,0.324,8.78,7.09,2.03,120.92,83.89,97.47,0.15,High,Yes,Needs Attention
-0.12,-0.07,-0.12,0.34,-0.05,0.19,0.25,-0.24,6,5,8,0.225,10.45,14.31,1.39,107.17,83.93,102.26,0.149,High,Yes,Needs Attention
0.49,0.21,-0.07,0.21,-0.31,-0.05,0.29,0.08,1,5,8,0.22,8.97,9.29,2.79,121.42,76.09,99.97,0.152,High,Yes,Needs Attention
-0.36,-0.23,-0.42,-0.02,-0.19,0.01,-0.12,-0.07,3,5,8,0.266,8.86,12.97,1.22,118.91,77,98.51,0.147,High,Yes,Needs Attention
80,18,51,28.05,91.82,6.71,20.77,3,8,48.95,8,1.181,7.06,9.74,30.33,47.08,64.14,45.39,0.59,High,Yes,Needs Attention
2,24,38,24.56,91.64,5.92,111.97,3,2,57.4,8,0.647,8.45,9.73,25.75,119.98,59.92,57.95,0.343,Moderate,No,Needs Attention
0.09,0.12,0.26,0.23,0.5,0.25,-0.15,-0.39,3,5,6.58,0.316,9.95,18.09,3.02,123.69,71.83,99.21,0.125,High,Yes,Needs Attention
0.38,0.2,-0.17,-0.21,-0.12,-0.07,0.08,-0.06,1,5,8,0.251,9.65,6.36,-0.8,116.07,80.93,108.27,0.151,High,Yes,Needs Attention
-0.03,-0.28,-0.1,-0.09,-0.13,-0.04,-0.13,-0.14,3,5,8,0.211,8.32,13.94,-0.11,116.08,71.49,102.36,0.149,High,Yes,Needs Attention
-0.28,0.03,0.07,-0.11,-0.04,0.09,0.03,-0.13,9,5,8,0.298,8.61,18.93,-0.72,120.15,77.78,94.6,0.149,High,Yes,Needs Attention
91,24,55,26.27,83.09,6.26,46.77,2,5,53.4,8,1.213,6.39,14.74,27.69,27.2,60.37,47.83,0.652,High,Yes,Needs Attention
16,10,41,24.77,85.64,6.74,105.76,3,2,54.53,8,0.605,8.92,6.68,23.98,110.69,82.04,55.96,0.349,Moderate,No,Needs Attention
0.02,0.18,0.19,0.45,0.28,0.14,-0.06,0.01,2,5,8,0.34,10.27,6.87,0.91,119.21,78.86,99.79,0.151,High,Yes,Needs Attention
0.31,0.61,0.16,-0.12,0.43,-0.37,-0.17,-0.57,2,5,3.45,0.336,8.88,8.99,-0.28,113.57,74.4,97.48,0.068,High,Yes,Needs Attention
0.6,0.2,-0.15,-0.24,-0.1,-0.18,0.15,0.15,1,5,8,0.203,9.19,12.63,3.48,115.26,77.75,108.24,0.152,High,Yes,Needs Attention
27,62,77,18.2,14.71,6.58,70.18,1,7,17.05,8,1.16,8.56,12.9,18.21,97.83,18.26,18.46,0.649,High,Yes,Needs Attention
63,44,41,24.17,83.73,5.58,257.03,0,6,67.76,8,1.205,6.77,6.91,23.74,56.16,33.32,60.25,0.592,Low,No,Average
14,48,21,29.25,84.8,6.99,53.43,1,9,50.52,8,0.762,8.09,8.51,31.12,104.9,28.3,76.26,0.403,Moderate,No,Average
-0.33,-0.07,-0.07,-0.24,-0.03,0,-0.09,-0.14,8,5,8,0.222,9.46,8.75,3.79,125.63,78.36,103.03,0.149,High,Yes,Needs Attention
101,17,55,24.37,87.13,6.45,44.64,2,5,57.35,8,1.212,9.65,11.28,25.7,14.43,64.58,46.17,0.659,High,Yes,Needs Attention
-0.13,0.09,0.13,-0.27,-0.04,0.04,0.06,-0.07,6,6.21,8,0.227,11,19.94,1.17,108.95,79.23,104.89,0.15,High,Yes,Needs Attention
116,25,50,29.26,92.92,6.09,28.71,3,8,53.61,8,1.344,8.74,8.27,32.7,0,51.47,52.87,0.714,High,Yes,Needs Attention
35,64,15,28.47,63.54,6.5,69.53,3,1,40.99,8,0.831,8.83,8.09,31.29,86.21,13.32,82.23,0.496,Moderate,No,Average
100,18,52,26.2,80.38,6.88,56.48,2,5,51.96,8,1.23,7.32,7.47,28.34,18.75,60.34,59.66,0.651,Moderate,No,Average
0.21,0.43,0.12,0.01,-0.2,-0.19,0.16,0.34,5,5,8,0.226,10.35,14.54,0.64,111.99,75.57,102.1,0.152,High,Yes,Needs Attention
110,22,47,29.03,91.82,6.24,24.94,3,8,53.5,8,1.244,7.11,11.83,31.21,15.08,55.17,50.8,0.678,High,Yes,Needs Attention
22,26,38,22.92,85.13,6.99,110.24,3,2,55.56,8,0.788,9.25,8.42,22.38,98.82,56.57,62.82,0.407,Moderate,No,Average
-0.1,-0.12,-1.02,-0.22,-0.41,-0.2,-0.1,0.55,4,5,8,0.296,10.16,10.55,0.34,122.05,79.2,103.54,0.146,High,Yes,Needs Attention
0.31,-0.01,-0.14,-0.11,-0.18,-0.35,-0.11,-0.17,7,5,8,0.279,10.02,8.83,3.54,121.79,73,102.51,0.15,High,Yes,Needs Attention
22,54,20,28.56,83.64,6.69,41.01,1,9,44.51,8,0.754,7.79,13.18,32.01,91.51,30.1,81.98,0.442,High,Yes,Needs Attention
-0.01,-0.02,-0.23,-0.01,0.14,-0.01,0.23,-0.16,6,5,8,0.259,11.49,22.74,2.15,121.52,81.69,104.1,0.149,High,Yes,Needs Attention
-0.08,0.14,-0.05,-0.03,-0.07,0.19,-0.02,-0.14,6,5,8,0.206,8.32,14.2,-1.42,124.62,74.33,103.52,0.15,High,Yes,Needs Attention
0.82,0.37,-0.23,-0.45,0.24,-0.18,0.59,0.18,8,5,8,0.107,11.58,11.63,-0.76,124.88,78.17,96.84,0.153,High,Yes,Needs Attention
0.35,0,-0.05,-0.03,-0.19,0.15,-0.07,0.23,7,5,8,0.256,9.57,9.34,0.45,123.26,76.83,108.48,0.151,High,Yes,Needs Attention
14,59,15,21.35,22.91,5.78,146.45,0,0,30.13,8,0.74,7.77,6.63,22.59,108.57,23.71,92.88,0.419,Moderate,No,Average
58,70,84,20.65,16.61,6.23,74.66,1,7,18.43,8,1.679,8.58,14.93,20.27,53.31,8.51,19.2,0.785,High,Yes,Needs Attention
80,26,55,24.53,88.99,6.14,49.12,2,5,49.99,8,1.283,5.87,14.72,25.66,39.93,53.71,45.15,0.626,High,Yes,Needs Attention
97,25,50,26.22,80.9,6.09,49.09,2,5,49.47,8,1.289,8.38,10.14,30.37,18.22,54.24,50.22,0.658,High,Yes,Needs Attention
22,78,76,17.85,19.09,8.62,76.32,1,7,15.38,8,1.276,8.23,16.85,19.95,104.41,0,22.7,0.681,High,Yes,Needs Attention
-0.03,0.26,-0.1,0.12,0.25,-0.31,-0.18,0.04,2,5,8,0.214,9.91,12.08,1.95,125.68,85.36,99.32,0.15,High,Yes,Needs Attention
0.28,-0.24,-0.25,-0.17,-0.34,-0.35,-0.06,0.29,7,5,8,0.118,10.89,15.1,-0.2,114.97,82.89,91.5,0.149,High,Yes,Needs Attention
19,35,24,27.11,83.64,6.88,49.12,1,9,51.79,8,0.529,6.99,13.18,26.15,100.77,42.01,82.12,0.385,High,Yes,Needs Attention
0.66,0.35,-0.38,-0.04,-0.48,-0.88,0.32,-0.1,1,5,8,0.134,9.49,11.29,-0.38,120.58,80.42,105.09,0.152,High,Yes,Needs Attention
0.05,-0.04,-0.97,-0.32,-0.47,0.5,0,0.32,4,5,8,0.19,8.46,8.18,-1.34,124.45,83.94,94.26,0.147,High,Yes,Needs Attention
0.56,-0.21,0.07,0.12,-0.03,-0.21,-0.19,0.14,7,5,8,0.1,9.36,11.42,1.73,111.06,80.43,103.49,0.151,High,Yes,Needs Attention
0.51,0,-0.24,-0.42,-0.16,-0.68,0.36,0.23,1,5,8,0.158,12,15.37,1.66,108.44,86.23,100.21,0.151,High,Yes,Needs Attention
-0.32,0.34,-0.34,0.06,-0.27,0.11,-0.02,-0.21,3,7.64,8,0.178,10.53,9.97,0.11,120.51,91.33,99.54,0.149,High,Yes,Needs Attention
9,48,22,27.77,87.1,6.4,49.51,1,9,52.54,8,0.657,7.31,13.76,29.49,98.34,31.5,79.97,0.391,High,Yes,Needs Attention
32,13,42,23.5,92.98,5.79,106.62,3,2,63.97,8,0.669,6.81,7.67,27.2,88.79,64.67,51.03,0.407,Moderate,No,Average
52,68,78,17.49,16.96,6.9,86.05,1,7,16.49,8,1.361,9.28,15.12,21.93,70.96,8.04,21.96,0.744,High,Yes,Needs Attention
0.42,0.1,-0.18,-0.07,0.03,-0.5,0.28,0.47,1,5,8,0.34,9.88,13.25,2.59,125.76,71.05,100.5,0.151,High,Yes,Needs Attention
119,9,50,26.75,83.92,6.25,40.79,2,5,49.25,8,1.321,7.23,7.19,27.99,0,75.99,50.32,0.672,High,Yes,Needs Attention
-0.13,-0.28,-0.19,-0.03,-0.03,0.13,-0.3,0.15,4,5,8,0.152,10.28,11.1,2.58,120.94,78.87,94.72,0.148,High,Yes,Needs Attention
0.07,-0.2,-0.16,0.02,0.08,0.13,-0.1,0.21,3,5,8,0.193,8.79,15.73,3.55,123.19,83.7,101.95,0.149,High,Yes,Needs Attention
26,15,6,17.22,94.79,6.91,108.01,1,4,62.07,8,0.48,6.42,6.96,15.71,88.12,69.31,98.24,0.29,Moderate,No,Needs Attention
58,71,15,27.83,67.59,6.92,74.01,3,1,40.54,8,1.003,8.43,7.72,31.55,66.58,4.68,86.63,0.585,Moderate,No,Average
66,53,41,25.08,80.52,7.78,257,0,6,66.84,8,1.098,6.57,11.72,25.76,55.37,23.28,58.08,0.629,Low,No,Average
90,49,21,24.84,68.36,6.47,74.05,3,3,46.78,8,1.241,8.77,20.53,25.54,26.97,37.98,89.76,0.627,Moderate,No,Average
-0.15,0.15,-0.05,-0.36,0,0.2,-0.13,-0.08,8,5,8,0.166,9.74,9.31,0.61,120.86,79.57,96.35,0.15,High,Yes,Needs Attention
0.48,-0.2,0.34,0.01,-0.46,0.19,-0.1,0.4,7,5,8,0.116,7.93,13.98,1.99,118.82,77.56,102.75,0.152,High,Yes,Needs Attention
0.03,0.04,-0.5,-0.28,0.47,0.07,0.23,0.33,9,5,8,0.194,9.85,13.04,-0.45,123.87,75.78,101.47,0.149,High,Yes,Needs Attention
7,79,23,19.64,19.69,5.82,96.66,0,0,17.64,8,0.863,7.57,9.64,20.71,111.2,0.43,85.05,0.485,High,Yes,Needs Attention
0.51,-0.17,-0.3,-0.08,0.03,-0.64,0.2,0.33,1,5,8,0.1,10.44,12.64,2.21,120.63,86.2,101.85,0.15,High,Yes,Needs Attention
-0.18,0.58,-0.01,-0.33,0.48,0.18,-0.1,-0.48,5,5,5,0.199,9.49,10.21,1.5,117.08,82.16,102.41,0.095,High,Yes,Needs Attention
4,23,5,22.68,93.36,7.48,110.33,1,4,59.17,8,0.461,9.27,10.57,24.75,111.31,57.73,97.02,0.248,Moderate,No,Needs Attention
24,55,78,17.3,15.15,6.65,75.58,1,7,8.41,8,1.178,10.44,5.35,18.31,96.86,31.35,17.77,0.621,High,Yes,Needs Attention
-0.42,-0.24,-0.84,0.36,-0.15,0.14,-0.53,0.69,4,5,8,0.369,8.69,11.9,2.9,115.94,85.82,97.36,0.146,High,Yes,Needs Attention
0.05,0.25,-0.34,-0.34,-0.14,0.4,0.19,0.3,4,5,8,0.3,7.73,15.6,2.74,123.95,81.09,99.24,0.15,High,Yes,Needs Attention
-0.25,0.37,0.1,-0.28,0.18,-0.09,-0.19,-0.42,3,5,5.98,0.317,8.99,12.23,2.71,123.21,90.73,103.73,0.113,High,Yes,Needs Attention
-0.17,0.06,-0.32,0.02,-0.2,-0.28,0.29,0.01,4,5,8,0.421,8.53,16.36,2.16,116.34,78.95,101.25,0.149,High,Yes,Needs Attention
0.02,0.65,-0.21,0.36,0.37,-0.47,0.29,-0.3,5,5,7.15,0.263,11.57,14.32,3.27,121.05,83.74,99.38,0.136,High,Yes,Needs Attention
40,58,75,18.59,14.78,6.17,89.61,1,7,6.4,8,1.251,9.37,11.76,21.4,76.15,20.43,30.49,0.669,High,Yes,Needs Attention
78,37,22,25.34,63.32,6.33,74.52,3,3,39.16,8,1.1,9.1,9.49,30.85,33.98,46.61,70.07,0.558,Moderate,No,Average
-0.2,-0.66,-0.12,0.16,-0.19,0.26,0.24,-0.15,3,7.18,8,0.149,9.47,10.05,3.49,117.21,79.67,94.94,0.147,High,Yes,Needs Attention
-0.3,0.21,-0.37,-0.36,-0.17,0.04,-0.11,0.38,9,5,8,0.206,9.57,6.12,1.01,120.05,81.64,90.38,0.149,High,Yes,Needs Attention
32,14,37,22.73,88.49,6.83,104.68,3,2,55.37,8,0.646,7.51,10.93,22.86,90.61,75.56,67.83,0.396,Moderate,No,Needs Attention
98,26,52,27.34,90.7,6.15,28.69,3,8,53.58,8,1.288,8.59,12.58,28.45,22.75,57.81,47.61,0.67,High,Yes,Needs Attention
116,25,50,29.26,92.92,6.09,28.71,3,8,48.72,8,1.294,7.74,18.86,30.26,8.54,56.91,53.87,0.714,High,Yes,Needs Attention
102,11,47,27.99,92.78,6.5,27.15,3,8,52.31,8,1.105,6.37,14.11,30.26,13.09,65.9,52.56,0.62,High,Yes,Needs Attention
0.81,0.01,-0.15,-0.07,-0.25,-0.12,-0.11,0.23,7,5,8,0.237,11.38,8.54,0.38,117.31,80.74,104.24,0.152,High,Yes,Needs Attention
0.06,0.48,-0.33,-0.17,0.04,-0.14,-0.23,0.08,5,5,8,0.19,9.46,6.24,3.12,128.16,75.49,99.82,0.151,High,Yes,Needs Attention
-0.55,0.28,-0.3,-0.27,-0.26,0.18,-0.14,-0.63,3,5,2.73,0.1,9.3,11.17,-0.85,110.89,83.27,101.94,0.05,High,Yes,Needs Attention
0.21,0.06,0.08,-0.23,0.34,0.06,-0.77,0.17,0,5,8,0.1,6.91,15.25,-1.18,117.53,83.39,100.97,0.151,High,Yes,Needs Attention
0.46,0,-0.11,-0.49,-0.79,-0.07,0.41,-0.4,1,5,6.07,0.11,10.4,11.12,0.81,114.18,79.28,101.46,0.115,High,Yes,Needs Attention
0.39,0.05,0.18,-0.32,0.05,-1.05,0.39,0.12,1,5,8,0.133,9.85,14.17,-0.08,118.63,86.6,106.56,0.152,High,Yes,Needs Attention
0.19,0.1,0.05,-0.08,0.04,-0.06,-0.31,0.12,0,5,8,0.235,9.85,11.28,-0.47,117.64,85.99,93.45,0.151,High,Yes,Needs Attention
-0.16,-0.15,-0.33,0.38,-0.05,0.08,0.34,0.11,4,5,8,0.214,9.35,14.87,0.92,123.17,80.75,100.06,0.148,High,Yes,Needs Attention
-0.02,-0.25,-0.63,0.06,-0.21,0.56,0,0.18,4,5,8,0.28,9.18,5.61,0.42,121.3,82.51,101.42,0.147,High,Yes,Needs Attention
0.47,0.19,-0.26,-0.47,-0.49,0.11,0.18,-0.19,1,5,8,0.263,9.39,18.42,1.05,113,77.46,100.45,0.151,High,Yes,Needs Attention
95,30,52,29.48,90.34,6.64,26.04,3,8,55.78,8,1.348,7.95,7.55,30.05,22.06,48.91,46.41,0.674,High,Yes,Needs Attention
0.2,0.04,0.26,0.05,0.08,0.08,0.08,-0.06,1,5,8,0.252,10.39,15.17,0.74,119.8,75.65,97.6,0.151,High,Yes,Needs Attention
-0.01,0,0.08,-0.17,0.16,0.19,-0.16,0.13,0,5,8,0.217,9.51,10.91,1.32,123.71,78.09,106.04,0.15,High,Yes,Needs Attention
0.35,-0.2,0.02,-0.25,-0.15,0.02,-0.34,0.21,0,5,8,0.289,10.7,11.54,2.77,131.81,79.78,99.7,0.15,High,Yes,Needs Attention
4,20,41,24.27,93.8,6.54,104.54,3,2,64.32,8,0.664,7.33,11.04,27.98,119.51,53.36,68.75,0.345,Moderate,No,Needs Attention
0.02,0.19,-0.48,0.48,-0.59,0.21,0.09,0.31,5,5,8,0.228,9.26,13.02,2.2,114.92,82.12,102.59,0.149,High,Yes,Needs Attention
73,35,38,24.89,81.98,5.01,185.95,0,6,60.74,8,1.178,7.9,13.83,26.73,46.53,49.09,60.84,0.584,Moderate,No,Average
0.28,0.51,-0.1,-0.26,-0.27,-0.24,0.49,0.16,1,5,8,0.1,8.4,16.23,0.97,120.62,79.46,102.31,0.152,High,Yes,Needs Attention
111,6,53,26.49,88.59,6.31,46.06,2,5,51.32,8,1.197,7.77,17.63,28.71,6.4,63.21,47.44,0.648,High,Yes,Needs Attention
-0.07,-0.15,0.32,-0.2,0.17,-0.06,0.17,0.05,6,5,8,0.176,8.2,13.33,1.89,122.42,79.14,105.05,0.15,High,Yes,Needs Attention
1,48,24,29.35,85.6,6.23,59.04,1,9,50.46,8,0.73,6.58,18.85,32.84,107.64,26.43,71.33,0.374,Moderate,No,Needs Attention
0.03,-0.11,-0.12,-0.19,-0.19,-0.31,0.18,0.07,9,5,8,0.325,7.74,12.37,-1.52,122.74,77.67,92.92,0.149,High,Yes,Needs Attention
95,7,45,27.3,90.8,6.03,25.09,3,8,47.25,8,0.966,7.3,16.31,28.45,22.62,78.81,56.44,0.581,High,Yes,Needs Attention
-0.01,0.3,-0.05,-0.07,-0.03,0.14,0.12,0.1,8,5,8,0.314,11.36,13.71,1.94,119.46,69.96,103.39,0.151,High,Yes,Needs Attention
-0.06,0.19,0.19,-0.03,0.07,-0.21,0.36,-0.43,6,5,5.73,0.108,9.63,9.8,1.43,127.39,76.54,100.95,0.108,High,Yes,Needs Attention
15,6,41,19.01,88.84,6.9,108.68,3,2,61,8,0.481,8.17,12.72,19.1,98.69,77.32,61.69,0.333,Moderate,No,Needs Attention
91,55,15,18.09,72.61,6.38,78.96,3,3,39.07,8,1.147,10.29,14.01,17.64,30.36,22.19,87.1,0.631,Moderate,No,Average
-0.15,0,0.17,-0.02,-0.03,0.08,-0.09,-0.32,8,5,6.94,0.175,10.15,11.87,2.69,124.12,76.89,93.91,0.13,High,Yes,Needs Attention
0.11,0.16,-0.02,-0.1,-0.03,-0.06,0.23,-0.02,6,5,8,0.1,8.99,13.65,0.26,120.74,87.97,101.14,0.151,High,Yes,Needs Attention
31,40,22,29.41,86.16,6.37,53.35,1,9,49.18,8,0.81,6.97,15.46,28.28,80.93,41.51,83.27,0.43,Moderate,No,Average
0.38,0.26,0.05,-0.21,0.13,-0.17,0.47,0.02,8,5,8,0.258,9.75,11.91,2.57,126.37,83.48,100.64,0.152,High,Yes,Needs Attention
0.88,0.46,-0.35,-0.44,-0.57,-0.76,0.25,0.33,1,5,8,0.29,9.13,1,1.75,118.06,81.52,95.11,0.153,High,Yes,Needs Attention
0.03,-0.12,0.24,-0.07,-0.07,0.06,0.04,-0.16,6,5,8,0.166,9.19,18.71,1.26,117.33,80.77,98.42,0.15,High,Yes,Needs Attention
0.2,-0.13,0.17,0.14,-0.11,0.11,-0.08,0.09,8,5,8,0.198,10.74,10.81,0.27,118.25,85.19,102.06,0.151,High,Yes,Needs Attention
0.34,0.22,0.37,-0.23,0.14,-0.23,-0.42,0.26,0,5,8,0.203,10.77,8.71,1.1,117.75,87.4,106.81,0.153,High,Yes,Needs Attention
0.41,0.37,0.06,-0.07,0.04,-0.1,0.59,-0.04,8,5,8,0.34,8.1,7.5,3.25,113.64,72.9,92.11,0.153,High,Yes,Needs Attention
0.4,-0.04,0.12,-0.15,-0.08,-0.03,-0.11,0.17,7,5,8,0.1,8.93,10.65,-1.07,120.42,79.9,101.32,0.151,High,Yes,Needs Attention
47,79,78,17.48,14.76,6.61,65.11,1,7,15.31,8,1.347,8.92,9.75,16.63,70.01,0.83,18.27,0.763,High,Yes,Needs Attention
24,67,22,20.12,22.9,5.62,104.63,0,0,22.12,8,0.878,9.78,9.05,20.68,99.35,11.28,80.03,0.494,High,Yes,Needs Attention
0.55,0.2,0.32,0.32,-0.1,0,0.02,-0.13,7,5,8,0.12,10.9,9.27,1.78,122.04,83.72,102.03,0.153,High,Yes,Needs Attention
30,44,16,29.73,82.89,6.44,50.92,1,9,50.55,8,0.719,10.38,14.12,30.49,98.13,37.03,83.07,0.422,Moderate,No,Average
0.2,-0.05,-0.1,-0.25,-0.03,0.02,-0.39,0.2,0,6.06,8,0.19,9.29,20.12,2.21,118.74,87.75,102.63,0.15,High,Yes,Needs Attention
0.04,0.57,-0.18,-0.23,0.04,0,0.24,-0.02,8,5,8,0.15,9.33,15.28,2.9,115.94,83.83,104.74,0.151,High,Yes,Needs Attention
0.22,0.04,-0.2,0.11,-0.47,-0.32,0.18,0.61,5,5,8,0.206,10.35,16.49,2.03,112.43,85.42,99.54,0.15,High,Yes,Needs Attention
0.48,0.07,-0.33,-0.12,-0.34,-0.44,0.24,0.14,1,5,8,0.252,9.08,10.49,2.22,130.49,75.13,94.98,0.151,High,Yes,Needs Attention
0.43,-0.03,0.27,0.09,-0.03,-0.01,-0.07,0.11,7,5,8,0.185,9.61,12.42,2,122.88,76.81,105.43,0.152,High,Yes,Needs Attention
0.1,-0.19,-0.02,0.11,-0.14,-0.21,-0.14,0.1,7,5,8,0.163,9.34,13.71,1.62,116.44,77.3,103.33,0.15,High,Yes,Needs Attention
0.66,0.84,0.05,0.03,-0.52,-0.19,0.4,0.27,1,5,8,0.196,7.14,9.36,-0.41,127.81,84.45,102.21,0.155,High,Yes,Needs Attention
-0.05,0.08,-0.18,-0.18,-0.09,-0.32,0.08,0.04,9,5,8,0.199,9.88,10.3,-0.22,126.83,76.05,97.42,0.15,High,Yes,Needs Attention
0.04,0.35,-0.33,0.19,0.18,-0.01,-0.06,-0.31,5,5,7.33,0.1,9.56,15.42,-0.34,113.2,75.9,104.27,0.138,High,Yes,Needs Attention
24,80,22,16.71,19.18,5.64,96.77,0,0,18.44,8,0.993,10.54,16.36,17.99,92.23,0,86.17,0.535,High,Yes,Needs Attention
-0.13,0.03,0.07,-0.38,0.19,-0.13,0.26,0.07,9,5,8,0.164,9.75,12.27,1.47,119.47,90.98,99.44,0.15,High,Yes,Needs Attention
-0.21,0.09,-0.31,0.2,0.55,0.03,-0.24,0.7,9,5,8,0.298,8.48,7.22,-0.47,114.86,79.34,100.69,0.149,High,Yes,Needs Attention
55,77,22,31.43,62.99,7.76,64.78,3,1,42.05,8,1.171,7.92,10.82,33.04,64.52,5.12,73.74,0.616,Moderate,No,Average
0.41,-0.09,0.08,-0.7,0.21,0.01,-0.29,0.23,0,5,8,0.296,7.65,6.23,-0.51,123.15,75.53,97.04,0.151,High,Yes,Needs Attention
0.27,0.21,0.78,0.34,0.44,-0.55,-0.14,0.08,2,5,8,0.127,8.53,12.3,0.24,112.86,83.63,94.92,0.154,High,Yes,Needs Attention
6,18,37,19.66,89.94,5.94,108.05,3,2,59.76,8,0.536,8.14,13.02,20.22,115.47,54.91,63.52,0.333,Moderate,No,Needs Attention
98,25,52,25.28,83.15,6.22,49.29,2,5,50.24,8,1.151,7.42,10.92,25.1,27.84,51.08,46.64,0.667,High,Yes,Needs Attention
0.34,-0.08,0.01,-0.29,-0.04,-0.29,0.19,0,1,5,8,0.145,10.67,12.97,2.12,121.66,77.15,101.48,0.151,High,Yes,Needs Attention
-0.07,0.07,0.02,0.21,-0.05,-0.15,0.36,0.23,6,5,8,0.3,7.78,13.67,1.46,119.69,80.81,96.41,0.15,High,Yes,Needs Attention
0.37,-0.45,-0.34,-0.12,0.09,-0.34,-0.07,0.65,8,5,8,0.316,9.51,13.03,2.6,116.29,77.28,99.67,0.149,High,Yes,Needs Attention
0.56,0.38,0,-0.29,-0.02,-0.76,0.52,0.26,1,5,8,0.114,9.27,7.19,0.54,123.59,85.72,96.19,0.153,High,Yes,Needs Attention
0.39,0.2,0.07,0.04,-0.08,0.12,0.32,-0.17,8,5,8,0.167,10.71,10.99,0.93,113.73,81.81,100.68,0.152,High,Yes,Needs Attention
-0.31,0,0,-0.18,0.13,0.21,0.25,0.16,6,5,8,0.192,10.42,13.64,4.13,121.52,77.24,93.47,0.149,High,Yes,Needs Attention
-0.3,-0.32,0.26,0.05,-0.01,0.02,-0.15,0.01,9,5,8,0.245,10.39,18.31,-0.88,120.43,84.31,100.35,0.149,High,Yes,Needs Attention
-0.38,-0.12,0.09,-0.13,0.07,-0.14,-0.26,-0.29,8,5,7.64,0.1,11.29,10.91,3.3,126.01,78.55,98.8,0.142,High,Yes,Needs Attention
-0.47,-0.05,-0.18,-0.06,-0.13,-0.1,0.4,0.08,3,5,8,0.1,9.39,14.2,3.92,117.56,77.69,100.9,0.148,High,Yes,Needs Attention
-0.27,-0.17,-0.15,0.16,0.23,0.18,-0.14,0.39,9,5,8,0.236,11.08,15.51,2.81,117.78,83.75,93.54,0.148,High,Yes,Needs Attention
0.04,-0.29,0.14,0.26,0.14,0.1,0.16,-0.28,3,5,7.91,0.1,8.7,11.21,1.26,113.75,70.48,102.48,0.148,High,Yes,Needs Attention
0,17,42,23.2,91.19,6.86,109.09,3,2,55.41,8,0.518,6.39,16.59,26.84,122.19,65.94,56.81,0.327,Moderate,No,Needs Attention
0.15,-0.09,-0.3,-0.1,-0.03,0.27,-0.09,-0.29,5,5,7.62,0.212,10.5,16.81,0.92,117.73,77.24,101.17,0.142,High,Yes,Needs Attention
96,46,22,20.58,69,6.5,66.29,3,3,40.04,8,1.217,6.52,17.52,21.02,19.69,31.14,70.52,0.638,Moderate,No,Average
51,72,75,18.89,14.99,7.1,80.11,1,7,16.8,8,1.377,9.95,13.83,19.81,65.17,15.83,20.03,0.744,High,Yes,Needs Attention
0.21,0.24,0.25,-0.19,0.14,-0.09,-0.48,0.2,0,6.03,8,0.175,9.85,21.44,0.45,122.48,77.64,98.19,0.152,High,Yes,Needs Attention
0.3,0.11,0.43,-0.21,0.19,-0.4,-0.02,-0.22,2,5,8,0.273,10.82,9.54,-0.13,114.19,83.71,105.07,0.152,High,Yes,Needs Attention
0.44,0.12,-0.13,-0.21,-0.01,-0.25,0.07,0,1,5,8,0.225,9.69,20.5,2.96,114.49,81,102.24,0.151,High,Yes,Needs Attention
0.14,-0.22,-0.02,-0.56,0.09,0.25,-0.61,0.24,0,5,8,0.148,9.8,15.07,-0.22,124.34,81.75,100.54,0.15,High,Yes,Needs Attention
12,63,17,18.36,19.38,5.72,138.41,0,0,26.57,8,0.755,9.77,17.36,19.82,107.17,16,79.3,0.432,High,Yes,Needs Attention
49,71,76,19.71,17.64,6.61,85.58,1,7,12.88,8,1.407,8.65,10.72,19.04,75.78,7.79,19.57,0.738,High,Yes,Needs Attention
0.03,-0.28,-0.1,0.03,-0.2,-0.12,-0.14,0.04,4,5,8,0.335,9.05,15.38,1.58,118.17,86.39,101.21,0.149,High,Yes,Needs Attention
-0.44,-0.39,-0.42,-0.06,-0.59,-0.23,0.43,-0.01,4,5.17,8,0.255,10.24,17.71,-0.29,120.43,84.11,103.22,0.146,High,Yes,Needs Attention
-0.15,0.09,0.02,0.22,0.3,0.02,-0.2,0.26,9,5,8,0.297,9.71,7.65,-0.05,120.93,77.91,100.82,0.15,High,Yes,Needs Attention
0.06,0.04,0.48,-0.36,0.22,0.08,-0.6,0.02,0,5,8,0.155,9.34,11.35,0.98,126.88,75.78,106.36,0.152,High,Yes,Needs Attention
-0.33,-0.17,0.49,0.08,-0.42,0.21,0.31,0.06,9,5,8,0.158,9.68,3.43,3.17,126.86,77.83,96.78,0.15,High,Yes,Needs Attention
0.49,0.11,-0.04,-0.16,0.03,-0.91,0.27,-0.11,1,5,8,0.185,11.34,11.29,2,125.28,83.82,100.76,0.152,High,Yes,Needs Attention
85,58,41,21.77,80.32,7.04,226.66,0,6,64.75,8,1.293,7.3,8.74,24.03,31.86,26.71,52.23,0.7,Moderate,No,Healthy
39,28,10,31.35,91.48,7.18,109.15,1,4,59.77,8,0.581,6.99,11.13,32.66,76.07,54.22,90.84,0.381,Moderate,No,Needs Attention
12,61,19,19.33,24.14,5.66,68.51,0,0,13.43,8,0.853,7.44,23.69,20.33,111.8,12.53,86.88,0.432,High,Yes,Needs Attention
59,58,17,28.55,66.31,7.37,62.83,3,1,43.04,8,1.075,8.05,18.87,31.24,67.88,25.02,78.83,0.553,Moderate,No,Average
-0.37,0.19,-0.06,0.1,0.11,0.06,-0.18,0.01,4,5,8,0.174,10.4,6.24,0.76,126.18,85.02,103.43,0.149,High,Yes,Needs Attention
0.08,0.24,-0.2,-0.1,0.62,-0.03,0.11,0.44,9,5,8,0.252,10.57,14.22,2.65,119.99,80.45,105.96,0.15,High,Yes,Needs Attention
107,10,49,25.83,89,6.76,45.25,2,5,50.69,8,1.214,7.63,15.2,29.18,16.64,77.92,48.24,0.637,High,Yes,Needs Attention
14,22,9,17.25,91.14,6.54,112.51,1,4,57.22,8,0.528,8.43,10.65,17.49,109.73,52.72,92.87,0.286,Moderate,No,Needs Attention
24,18,6,26.57,94.45,6.29,116.38,1,4,62.88,8,0.38,8.12,12.71,27.03,96.74,64.74,100.32,0.294,Moderate,No,Needs Attention
33,37,19,27.93,86.55,7.18,43.48,1,9,53.37,8,0.722,8.7,13.1,28.61,87.96,38.92,81.92,0.418,High,Yes,Needs Attention
0.61,-0.28,-0.28,-0.13,-0.06,-0.27,-0.32,-0.39,5,5,6.47,0.196,10.74,6.61,-0.83,119.88,84.51,103.43,0.121,High,Yes,Needs Attention
-0.5,0.35,-0.12,-0.1,-0.03,0.26,-0.11,0.29,9,5,8,0.248,11.32,7.87,0.7,116.56,82.1,93.02,0.149,High,Yes,Needs Attention
-0.04,-0.12,0.07,-0.01,0.01,0.28,0.34,0.45,6,5,8,0.149,9.58,12.69,3.44,116.61,87.33,102.32,0.15,High,Yes,Needs Attention
-0.22,-0.1,-0.26,0.4,0.03,0.16,-0.3,0.07,4,5,8,0.1,8.42,12.4,0.33,116.71,82.1,102.33,0.148,High,Yes,Needs Attention
66,44,20,19.08,69.02,6.74,80.73,3,3,45.13,8,0.893,8.69,9.17,22.57,46,34.38,74.7,0.539,Moderate,No,Average
4,41,20,28.15,83.8,6.65,37.45,1,9,44.81,8,0.585,8.44,8.82,29,116.71,37.04,76.14,0.349,High,Yes,Needs Attention
100,18,52,26.2,80.38,6.88,56.48,2,5,50.07,8,1.225,9.31,11.64,30.87,19.8,61,50.42,0.651,Moderate,No,Average
99,29,55,29.19,91.46,6.66,26.48,3,8,50,8,1.433,8.74,15.54,29.67,24.81,48.96,43.79,0.691,High,Yes,Needs Attention
-0.05,-0.07,0.19,-0.23,-0.13,0.21,-0.37,-0.15,3,5,8,0.247,11.7,11.69,1.05,126.35,85.46,104.26,0.15,High,Yes,Needs Attention
0.38,-0.34,-0.19,-0.24,-0.06,-0.3,0.19,0.24,1,5,8,0.206,10.37,18.49,-0.11,126.24,85.44,101.43,0.149,High,Yes,Needs Attention
0.43,0.4,-0.09,-0.14,-0.44,-0.05,0.17,-0.01,1,5,8,0.202,9.99,9.22,0.33,126.66,73.61,100.32,0.152,High,Yes,Needs Attention
0.28,0.09,-0.13,0.09,0.32,0.17,-0.09,-0.01,2,5,8,0.29,8.36,12.77,3.6,115.93,80.06,99.45,0.151,High,Yes,Needs Attention
33,12,8,25.26,90.31,6.82,117.37,1,4,63.41,8,0.471,7.8,10.58,27.47,79.84,68.25,93.17,0.307,Moderate,No,Needs Attention
0.14,0.21,-0.2,-0.16,0.07,0.04,-0.18,0.23,0,5,8,0.19,9.2,14.35,2.88,124.51,76.66,103.41,0.15,High,Yes,Needs Attention
14,8,43,21.93,94.46,7.05,111.72,3,2,60.99,8,0.503,7.6,8.87,21.46,112.91,73.75,59.14,0.342,Moderate,No,Needs Attention
0.04,0.16,-0.05,0.04,-0.08,-0.27,-0.05,-0.09,6,5,8,0.314,9.81,19.71,2.52,127.74,85.68,98.36,0.15,High,Yes,Needs Attention
0.69,-0.47,0.15,-0.61,0.46,0.1,-0.4,0.06,0,5,8,0.234,10.21,5.24,-0.57,121.73,84.04,104.81,0.151,High,Yes,Needs Attention
108,22,46,26.18,86.73,6.12,53.33,2,5,53.38,8,1.199,7.48,18.86,25.67,2.02,63.39,56.63,0.669,Moderate,No,Average
0.7,-0.03,0.4,0.08,-0.28,0.39,-0.2,0.11,7,5,8,0.197,10.69,12.36,1.94,121.13,77.16,101.14,0.153,High,Yes,Needs Attention
5,65,16,21.33,18.49,5.87,109.1,0,0,17.66,8,0.757,6.56,14.21,23.17,117.78,15.15,84.37,0.415,High,Yes,Needs Attention
69,37,42,23.06,83.37,7.07,251.05,0,6,70.03,8,1.068,7.86,17.34,24.64,57.26,39.94,60,0.59,Low,No,Average
8,23,38,19.3,87.18,7.01,105.48,3,2,53.27,8,0.571,8.77,15.43,21.88,119.15,57.96,54.67,0.357,Moderate,No,Needs Attention
0.3,0.19,-0.34,0.59,0.21,0.09,-0.43,0.29,2,5,8,0.149,11.61,9.08,3.4,124.25,81.13,101.31,0.15,High,Yes,Needs Attention
11,72,20,19.52,24.93,5.95,113.33,0,0,27.61,8,0.845,9.86,14.4,23.22,106.06,11.84,86.56,0.466,High,Yes,Needs Attention
17,77,23,24.51,20.82,5.67,64.19,0,0,24.23,8,0.873,10.91,19.47,24.22,97.85,8.25,77.88,0.508,High,Yes,Needs Attention
-0.14,-0.62,-0.45,-0.04,-0.33,-0.27,0.04,0.19,4,5,8,0.156,9.93,8.45,3.71,122.81,83.38,100.78,0.146,High,Yes,Needs Attention
90,14,52,24.85,89.2,6.39,59.68,2,5,48.02,8,1.029,7.52,20.47,29.17,26.04,62.56,45.62,0.609,Moderate,No,Average
0.02,0.04,-0.24,-0.32,-0.09,0.38,-0.04,0.02,8,5,8,0.205,10.28,13.54,0.63,127.36,74.55,102.21,0.149,High,Yes,Needs Attention
0.03,0.13,0.18,0.13,-0.13,0.13,0.16,-0.18,8,5,8,0.188,9.75,10.27,-0.87,111.45,81.95,99.04,0.151,High,Yes,Needs Attention
76,39,24,24.25,55.65,7,64.24,3,3,35.18,8,1.008,7.58,8.43,23.67,46.83,47,81.24,0.564,Moderate,No,Average
0.38,0.33,-0.07,0.06,-0.6,-0.36,0.18,0.06,1,5,8,0.22,9.25,11.11,0.87,121.22,79.57,96.62,0.152,High,Yes,Needs Attention
0.01,0.33,0.27,0.28,0.16,-0.12,-0.09,-0.03,2,5,8,0.264,8.63,4.18,4.8,118.96,73.56,97.92,0.152,High,Yes,Needs Attention
22,78,76,17.85,19.09,8.62,76.32,1,7,18.18,8,1.312,9.8,10.34,19.38,93.37,10.34,21.6,0.681,High,Yes,Needs Attention
107,5,52,26.66,89.98,6.88,57.41,2,5,49.6,8,1.228,7.51,10.95,27.23,2.69,76.96,55.34,0.631,Moderate,No,Average
0.39,0.24,-0.06,-0.17,-0.42,0.03,0.19,-0.1,1,5,8,0.184,9.4,7.7,0.3,116.95,80.44,99.3,0.152,High,Yes,Needs Attention
0.19,-0.04,0.06,-0.12,-0.06,-0.16,-0.24,0.12,7,6.11,8,0.156,9.18,14.99,-0.6,117.24,75.37,97.75,0.151,High,Yes,Needs Attention
112,25,51,25.05,85.57,6.93,56.72,2,5,52.12,8,1.244,8.12,11.12,27.86,13.56,55.06,40.64,0.705,Moderate,No,Healthy
31,53,16,28.74,85.82,6.45,48.55,1,9,50.07,8,0.753,8.38,9.46,30.1,85.09,29.75,80.35,0.453,High,Yes,Needs Attention
-0.01,0.13,-0.15,0.1,-0.29,-0.21,-0.06,0.5,5,5,8,0.201,8.63,10.7,4.75,122.27,81.88,102.26,0.15,High,Yes,Needs Attention
0.97,-0.31,0.14,0.2,-0.24,-0.12,-0.49,0.35,7,5,8,0.142,8.47,13.42,2.64,112.57,77.59,101.96,0.152,High,Yes,Needs Attention
0,18,14,29.77,92.01,7.21,114.42,1,4,54.57,8,0.4,8.4,12.29,32.51,122.4,61.77,83.4,0.247,Moderate,No,Needs Attention
0.61,0.39,0.28,-0.67,0.14,0.01,-0.33,0.05,0,5,8,0.13,8.37,9.2,0.47,108.2,77.15,97.34,0.154,High,Yes,Needs Attention
0.39,0.22,0.02,-0.1,-0.05,-0.02,-0.47,0.06,0,5,8,0.1,10.3,12.5,-0.24,130.09,86.44,107.42,0.152,High,Yes,Needs Attention
53,73,77,19.71,18.1,7.33,73.64,1,7,21.39,8,1.484,10.91,11.8,19.9,66.29,10.58,33.79,0.759,High,Yes,Needs Attention
-0.05,-0.02,-0.18,0.22,-0.15,0.16,0.48,0.49,6,5,8,0.161,11.37,7.44,-0.33,106.08,77.92,104.78,0.149,High,Yes,Needs Attention
22,79,17,21.42,20.4,5.91,116.52,0,0,25.55,8,0.841,9.98,10.85,24.29,94.41,0,89.24,0.511,High,Yes,Needs Attention
25,17,40,18.91,87.75,6.61,111.28,3,2,53.85,8,0.604,8.27,14.32,19.83,90.62,64.11,67.09,0.394,Moderate,No,Needs Attention
-0.2,-0.1,0.2,-0.06,0.02,-0.15,0.19,0.05,9,5,8,0.233,12,14.29,2.87,116.92,78.13,108.66,0.15,High,Yes,Needs Attention
-0.17,0.23,0.14,-0.18,-0.03,0.36,0.27,0.21,9,5,8,0.311,7.42,11.08,1.52,118.35,78.1,98.65,0.151,High,Yes,Needs Attention
89,60,17,25.38,57.21,5.98,101.7,3,3,36.99,8,1.164,7.86,14.71,26.44,27.69,15.46,79.49,0.647,Moderate,No,Average
0.79,-0.14,0.17,0.07,-0.27,-0.22,-0.27,0.15,7,5,8,0.188,10.61,8.08,-0.18,115.13,76.09,107.16,0.152,High,Yes,Needs Attention
0.08,0.24,-0.66,0.01,-0.25,-0.33,0.2,0.05,5,5,8,0.284,9.42,8.2,1.96,114.13,80.41,96.8,0.149,High,Yes,Needs Attention
0,18,14,29.77,92.01,7.21,114.42,1,4,58.79,8,0.247,8.69,10.99,30.94,124.11,60.93,81.89,0.247,Moderate,No,Needs Attention
95,39,36,23.86,83.15,5.56,285.25,0,6,63.48,8,1.377,7.63,17.99,26.71,31.01,50.99,59.98,0.655,Low,No,Average
-0.09,0.04,0.05,-0.02,0.16,-0.32,0.02,-0.09,2,5,8,0.396,9.88,12.65,0.41,118.82,82.34,99.42,0.15,High,Yes,Needs Attention
34,60,23,20.13,24.97,5.66,100.05,0,0,19.03,8,0.685,8.85,10.9,22.55,85.91,15.39,69.06,0.504,High,Yes,Needs Attention
91,55,15,18.09,72.61,6.38,78.96,3,3,45.23,8,1.158,7.41,18.18,22.05,23.37,18.86,79.27,0.631,Moderate,No,Average
0.28,0.04,0.14,-0.13,-0.11,-0.26,-0.07,0.2,1,5,8,0.145,9.21,10.85,1.78,120.08,81.55,97.37,0.151,High,Yes,Needs Attention
65,60,22,25.37,72.52,6.61,107.91,3,3,43.4,8,1.061,8.21,20.94,28.05,56.15,18.41,73.22,0.592,Moderate,No,Average
0.29,0.38,0.07,0.06,0.43,-0.14,0.09,-0.42,5,5,5.66,0.171,8.96,9.95,2.42,118.61,84.95,104.18,0.108,High,Yes,Needs Attention
29,22,43,19.66,87.95,5.56,106.04,3,2,58.3,8,0.829,8.5,7.95,24.01,92.98,59.13,57.03,0.43,Moderate,No,Average
4,23,5,22.68,93.36,7.48,110.33,1,4,58.61,8,0.383,8.07,11.33,24.74,117.54,49.07,97.31,0.248,Moderate,No,Needs Attention
0.25,-0.05,-0.07,0.2,0.48,0.43,-0.42,-0.42,3,5,5.69,0.128,10.84,11,2.75,114.48,75.97,101.94,0.107,High,Yes,Needs Attention
0.24,-0.01,0.17,0.23,-0.11,0.15,0.41,0.22,7,5,8,0.189,8.62,8.77,1.68,125.73,77.31,99,0.151,High,Yes,Needs Attention
0.62,-0.26,-0.05,-0.35,-0.39,-0.02,-0.49,0.07,7,5,8,0.243,8.06,22.41,-0.01,118.34,82.03,104,0.151,High,Yes,Needs Attention
0.19,0,0.11,-0.06,-0.02,0.15,0.32,0.13,6,5,8,0.107,9.75,13.27,-0.37,128.19,75.79,101.7,0.151,High,Yes,Needs Attention
-0.03,-0.94,0.1,-0.3,-0.31,-0.23,0.09,-0.5,3,5,3.97,0.1,12,13.86,3.1,122.13,81.55,98.63,0.072,High,Yes,Needs Attention
0.61,0.04,0.22,-0.21,-0.41,0.08,0.15,0.24,7,5,8,0.365,11.03,10.15,-0.22,129.24,74.62,93.04,0.153,High,Yes,Needs Attention
0.47,-0.26,0.12,-0.04,-0.31,0.07,-0.29,0.12,7,5,8,0.151,9.2,9.69,2.58,125.41,80.28,101.96,0.151,High,Yes,Needs Attention
99,50,15,18.15,71.09,5.57,88.08,3,3,53.29,8,1.173,8.4,16.1,20.27,22.14,31.48,79.95,0.639,Moderate,No,Average
0.31,0.22,-0.05,-0.21,-0.1,0.01,0.02,0,1,5,8,0.171,10.48,5.3,2.67,116.07,85.63,101.57,0.151,High,Yes,Needs Attention
39,58,85,17.89,15.41,6,68.55,1,7,15.12,8,1.336,8,7.43,18.62,77.49,22.98,15.32,0.695,High,Yes,Needs Attention
24,67,22,20.12,22.9,5.62,104.63,0,0,20.46,8,1.02,10.55,11.01,20.43,98.67,9.73,72.56,0.494,High,Yes,Needs Attention
4,14,41,19.85,89.81,6.43,102.82,3,2,60.07,8,0.6,7.34,17.4,21.92,116.72,71.97,60.03,0.326,Moderate,No,Needs Attention
8,26,36,18.78,87.4,6.8,102.52,3,2,58.15,8,0.499,7.47,10.5,19.84,109.05,53.27,64.77,0.36,Moderate,No,Needs Attention
-0.11,-0.21,-0.05,0.05,-0.02,0.02,0.15,0.02,3,5,8,0.1,9.77,13.66,-0.3,124.28,83.3,100.83,0.149,High,Yes,Needs Attention
-0.04,0.06,-0.57,-0.22,-0.04,0.1,-0.02,0.16,4,5,8,0.165,10.9,12.11,4.19,120.23,77.49,101.16,0.148,High,Yes,Needs Attention
0.25,-0.06,-0.04,-0.1,-0.02,0.08,-0.33,0.06,0,5,8,0.179,9,17.19,0.21,123.95,80.42,97.43,0.15,High,Yes,Needs Attention
0.7,-0.27,0.11,0.14,-0.3,-0.04,-0.35,0.62,7,5,8,0.1,8.05,5.66,0.15,114.42,77.06,102.26,0.152,High,Yes,Needs Attention
-0.16,0.05,-0.11,-0.16,-0.08,0.12,0.11,-0.69,3,5,1.74,0.264,10.07,14.94,0.98,125.16,81.24,97.36,0.032,High,Yes,Needs Attention
87,48,25,18.65,61.38,6.66,93.62,3,3,45.74,8,1.073,6.17,11.2,22.03,35.5,35.22,70.7,0.627,Moderate,No,Average
0.27,0.06,-0.06,0.07,-0.13,-0.18,-0.01,0.43,8,5,8,0.321,9.45,15.7,-1.68,125.72,77.96,102.76,0.151,High,Yes,Needs Attention
40,64,16,16.43,24.24,5.93,140.37,0,0,23.29,8,1.066,10.33,8.72,19.68,84.89,13.8,87.75,0.514,High,Yes,Needs Attention
0.19,-0.07,0.3,-0.18,0.08,-0.1,-0.26,0.18,7,5,8,0.183,10.33,12.1,-0.05,119.39,81.5,102.12,0.151,High,Yes,Needs Attention
0.46,0.11,-0.37,-0.04,-0.07,-0.5,0.22,0.28,1,5,8,0.236,10.79,11.59,1.86,118.71,76.59,99.54,0.151,High,Yes,Needs Attention
32,25,35,18.1,85.71,5.89,107.01,3,2,58.56,8,0.653,8.23,7.99,18.59,96.92,48.93,57.24,0.424,Moderate,No,Average
0.03,-0.09,-0.18,0.2,-0.08,-0.34,0.1,0.11,6,5,8,0.248,12,6.88,4.69,118.52,81.5,106.11,0.149,High,Yes,Needs Attention
-0.07,0.14,0.1,0.03,0.31,-0.11,-0.16,0.46,9,5,8,0.161,9.15,9.68,1.72,123.81,79.43,92.08,0.151,High,Yes,Needs Attention
76,57,18,18.98,74.53,6.09,94.26,3,3,46.19,8,1.019,8.28,12.52,19.42,42.09,22.48,84.34,0.603,Moderate,No,Average
0.11,0.08,-0.26,0.3,0.3,-0.15,-0.33,-0.01,2,5,8,0.176,9.3,8.97,1.35,110.58,82,108.7,0.15,High,Yes,Needs Attention
99,56,17,24.11,73.13,6.23,71.08,3,3,43.02,8,1.195,8.88,10.68,25.74,14.86,26.64,83.6,0.664,Moderate,No,Average
0.57,-0.59,0.03,0.02,-0.5,-0.18,-0.27,0.02,7,5,8,0.174,9.7,4.46,1.79,121.46,79.95,101.13,0.15,High,Yes,Needs Attention
15,14,8,10.01,90.22,6.22,119.39,1,4,58.57,8,0.498,9.21,10.52,12.17,108.51,61.51,93.52,0.261,Moderate,No,Needs Attention
0.06,-0.17,-0.31,-0.36,-0.28,0,0.23,0.35,4,5,8,0.135,9.23,16.09,1.14,121.99,77.62,101.1,0.149,High,Yes,Needs Attention
0,-0.07,0,0.09,-0.03,-0.12,-0.01,0.11,8,5,8,0.338,11.16,14.82,-0.48,125.73,82.41,109.4,0.15,High,Yes,Needs Attention
-0.2,0.36,-0.29,-0.17,0.13,-0.22,0.07,-0.07,5,5,8,0.1,10.34,11.65,0.82,122.16,80.19,96.92,0.15,High,Yes,Needs Attention
0.41,-0.43,0,-0.01,-0.45,-0.1,-0.32,0.11,7,5,8,0.329,9.73,12.97,2.4,115.71,78.23,96.13,0.15,High,Yes,Needs Attention
0.71,0.63,0.28,-0.16,-0.08,-0.7,0.58,0.26,1,5,8,0.128,10.29,8.69,0.34,122.26,76.23,98.41,0.155,High,Yes,Needs Attention
0.03,0.23,0.02,-0.12,-0.01,0.09,0.12,-0.03,8,5,8,0.202,10.01,18.5,2.39,120.82,82.24,106.94,0.151,High,Yes,Needs Attention
-0.52,-0.67,-0.53,-0.06,-0.62,-0.55,0.26,0.05,4,5,8,0.15,10.12,20.27,1.49,117.64,79.78,98.22,0.145,High,Yes,Needs Attention
0.11,0.27,-0.05,0.07,0.09,-0.3,-0.14,-0.12,2,5,8,0.174,9.54,12.66,1.24,122.25,82.74,101.77,0.151,High,Yes,Needs Attention
8,54,20,28.33,80.77,7.03,38.8,1,9,46.86,8,0.756,7.03,22.36,31.62,112.4,29.52,84.28,0.401,High,Yes,Needs Attention
-0.08,0.37,-0.27,-0.17,0.02,-0.06,-0.09,0.1,5,5,8,0.32,9.41,9.28,-1.28,117.05,78.38,103.39,0.15,High,Yes,Needs Attention
0.35,0.01,0.26,-0.12,-0.08,-0.25,-0.33,0.21,7,5,8,0.299,8.07,7,0.37,118.76,83.79,103.81,0.152,High,Yes,Needs Attention
0,17,42,23.2,91.19,6.86,109.09,3,2,60.99,8,0.522,8.31,9.16,26.55,127.07,63.55,63.67,0.327,Moderate,No,Needs Attention
-0.16,0.07,0,0.05,-0.1,0.11,-0.16,0.19,5,5,8,0.214,8.52,11.12,4.3,127.06,81,101.23,0.15,High,Yes,Needs Attention
12,6,8,30.85,92.87,6.39,107.41,1,4,59.64,8,0.293,7.21,21.25,35.78,108.94,65.25,90.17,0.227,Moderate,No,Needs Attention
0.07,0.25,-0.21,-0.01,0.04,-0.04,0.28,-0.09,5,5,8,0.121,10.4,10.88,1.57,120.22,75.87,100.8,0.15,High,Yes,Needs Attention
-0.13,-0.04,0.12,0.04,0,-0.13,0.19,-0.05,6,5,8,0.108,10.59,8.56,2.23,112.96,76.37,98.52,0.15,High,Yes,Needs Attention
0.01,0.12,0.3,-0.27,0.29,-0.02,-0.87,-0.07,0,5,8,0.168,7.97,8.41,2.46,128.59,78.61,109.79,0.151,High,Yes,Needs Attention
-0.24,0.46,0.08,-0.15,0.15,0.09,-0.18,-0.29,3,5,7.71,0.222,9.65,16.56,3.26,125.42,80,97.79,0.146,High,Yes,Needs Attention
0.21,0.18,-0.16,0.23,0.04,-0.3,0.67,0.08,6,5,8,0.1,10.21,15.99,2.2,123.55,80.44,102.09,0.151,High,Yes,Needs Attention
-0.09,0.1,-0.2,-0.1,-0.09,-0.17,0.01,-0.08,9,5,8,0.195,9.8,10.06,2.79,108.72,81.04,94.2,0.149,High,Yes,Needs Attention
-0.01,0.1,0.3,0.16,0.02,-0.32,0.48,-0.28,6,5,7.76,0.324,11.09,4.5,2.35,120.21,77.16,100.23,0.147,High,Yes,Needs Attention
-0.13,-0.19,-0.65,-0.03,-0.42,0.37,0.32,0.02,4,5,8,0.284,8.94,7.49,2.25,119.49,82.96,99.5,0.147,High,Yes,Needs Attention
-0.01,0.48,0.25,0.17,0.04,-0.26,-0.04,-0.2,2,5,8,0.158,7.7,18.88,0.29,123.42,86.76,102.45,0.152,High,Yes,Needs Attention
17,59,17,18.42,23.43,5.69,132.98,0,0,19.03,8,0.646,9.97,14.76,19.43,100.74,19.59,85.81,0.434,High,Yes,Needs Attention
-0.34,-0.09,0.2,0.11,0.02,0.42,-0.25,-0.31,9,5,7.27,0.235,9.21,12.26,0.83,119.18,77.44,105.47,0.136,High,Yes,Needs Attention
0.18,-0.15,0.05,-0.53,0.05,0.3,-0.63,0.16,0,5,8,0.1,7.99,19.48,-0.81,122.92,77.41,105.3,0.15,High,Yes,Needs Attention
0.04,0.08,-0.02,-0.1,0.06,-0.04,0.33,-0.16,6,5,8,0.289,9.59,19.83,-1.08,116.09,80.26,99.75,0.15,High,Yes,Needs Attention
0.62,0.41,0.3,-0.47,0.4,0.13,-0.44,0.34,0,5,8,0.191,10.97,11.86,0.39,116.51,77.49,95.92,0.154,High,Yes,Needs Attention
97,12,47,25.29,89.64,6.77,58.29,2,5,50.54,8,1.283,6.25,11.93,26.39,23.97,61.08,49.69,0.609,Moderate,No,Average
0.57,0.18,-0.16,-0.36,-0.13,-0.54,0.13,-0.01,1,5,8,0.1,12,9.67,1.3,126.12,73.99,101.37,0.152,High,Yes,Needs Attention
-0.28,-0.34,0.27,-0.13,-0.3,-0.13,0.12,-0.23,9,5,8,0.271,8.92,10.86,2.2,124.32,84.42,100.36,0.149,High,Yes,Needs Attention
-0.09,0.24,0.14,0.35,-0.19,0.02,0.15,0.34,5,5,8,0.194,9.84,6.05,2.13,125.47,84.89,100.89,0.151,High,Yes,Needs Attention
84,21,55,28.47,94.79,6.49,21.08,3,8,55.47,8,1.134,6.16,6.04,29.58,36.32,65.4,42.86,0.622,High,Yes,Needs Attention
-0.05,0.28,0.02,-0.18,-0.08,-0.25,0.12,-0.09,8,5,8,0.1,9.79,5.11,-0.05,127.53,80.63,105.73,0.151,High,Yes,Needs Attention
0.08,0.22,-0.47,-0.13,-0.33,-0.35,0.1,-0.22,1,5,8,0.247,9.62,16.34,2.69,111.21,75.82,94.58,0.15,High,Yes,Needs Attention
4,24,43,22.4,88.15,7.2,109.87,3,2,57.75,8,0.68,6.06,5.75,23.75,126.11,54.25,54.64,0.363,Moderate,No,Needs Attention
26,11,11,13.7,90.96,7.61,106.29,1,4,60.86,8,0.631,10.3,19.8,14.55,104.76,63.03,84.69,0.293,Moderate,No,Needs Attention
29,70,15,30.33,63.55,6.87,74.17,3,1,43.31,8,0.965,7.67,9.08,31.55,93.28,3.88,84.16,0.497,Moderate,No,Average
60,51,36,22.7,82.81,6.03,257,0,6,61.25,8,1.034,7.19,18.95,23.1,64.16,30.02,68.99,0.59,Low,No,Average
0.44,-0.04,0.06,-0.38,-0.24,-0.57,-0.22,-0.11,7,5,8,0.122,10.73,10.54,0.32,119.37,82.2,98.79,0.151,High,Yes,Needs Attention
-0.06,-0.01,-0.08,-0.04,-0.01,-0.03,-0.35,-0.13,3,5,8,0.1,11.56,5.74,0.62,119.01,87.84,100.49,0.15,High,Yes,Needs Attention
9,16,39,18.41,91.12,6.1,105.18,3,2,62.09,8,0.702,8.6,17.14,19.48,107.95,63.67,63.66,0.341,Moderate,No,Needs Attention
32,13,42,23.5,92.98,5.79,106.62,3,2,56.61,8,0.66,6.22,17.61,25.98,87.75,61.57,56.66,0.407,Moderate,No,Average
11,18,42,21.58,94.88,5.94,102.86,3,2,54.83,8,0.744,7.59,8.38,23.69,111.78,61.51,59.53,0.362,Moderate,No,Needs Attention
34,45,21,28.19,82.61,6.29,37.01,1,9,48.69,8,0.842,5.8,10.67,32.01,88.1,33.87,80,0.452,High,Yes,Needs Attention
90,14,52,24.85,89.2,6.39,59.68,2,5,56.63,8,1.162,8.42,8.38,28.17,39.93,64.04,43.48,0.609,Moderate,No,Average
0.55,0.14,-0.18,-0.41,0.23,-0.52,0.05,-0.06,1,5.52,8,0.179,8.11,11.52,4.02,119.95,81.23,98.32,0.152,High,Yes,Needs Attention
25,70,16,19.63,18.91,5.76,106.36,0,0,20.46,8,0.919,8.47,12.43,21.97,87.56,5.14,85.42,0.489,High,Yes,Needs Attention
6,62,22,20.53,18.09,5.82,120.45,0,0,18.47,8,0.739,9.29,10.59,22.84,122.22,18.52,83.13,0.426,High,Yes,Needs Attention
0.78,0,-0.06,0.18,-0.15,-0.1,-0.34,0.31,7,5,8,0.175,10.2,4.72,0.95,113.12,82.61,105.19,0.152,High,Yes,Needs Attention
0.4,0.43,0.1,-0.01,-0.16,0.02,0.11,-0.23,8,5,8,0.261,9.49,9.68,2.73,116.8,85.25,108.28,0.153,High,Yes,Needs Attention
9,8,40,22.49,89.92,6.55,111.66,3,2,57.49,8,0.53,9.02,14.81,23.01,112.36,73.24,61.94,0.319,Moderate,No,Needs Attention
0.44,0.51,-0.07,0.18,0.35,-0.25,-0.14,-0.47,2,5,4.86,0.141,10.46,11.16,-0.53,121.65,83.66,98.42,0.094,High,Yes,Needs Attention
-0.05,0.31,0.09,-0.38,0.01,-0.1,0.25,-0.05,9,6.17,8,0.25,10.39,10.69,3.41,112.82,77.91,99.65,0.151,High,Yes,Needs Attention
27,72,23,19.93,21.8,5.96,64.03,0,0,22.47,8,0.927,7.98,8.28,19.56,89.27,6.78,76.54,0.521,High,Yes,Needs Attention
0.28,0.28,0.48,0.3,-0.07,-0.04,0.17,-0.57,3,5,3.43,0.245,11.45,9.56,2.46,112.32,85.11,97.89,0.067,High,Yes,Needs Attention
22,37,20,27.63,86.49,6.61,39.26,1,9,47.95,8,0.638,6.78,17.64,27.81,101.11,37.51,81.53,0.389,High,Yes,Needs Attention
-0.05,0.11,-0.09,-0.07,-0.34,0.08,0.17,-0.18,3,5,8,0.103,11.5,7.44,3.12,125.97,78.28,101.81,0.15,High,Yes,Needs Attention
5,74,21,16.24,21.36,5.59,66.97,0,0,19.02,8,0.939,11.24,14.88,19.63,108.89,10.51,74.3,0.458,High,Yes,Needs Attention
0.15,0.12,0.06,-0.08,-0.1,-0.07,0.07,0.26,8,5,8,0.326,10.27,12.19,2.21,124.83,79.04,104.29,0.151,High,Yes,Needs Attention
95,13,46,29.84,93.76,6.13,23.28,3,8,57.18,8,1.195,8.44,12.98,33.21,29.65,65.86,46.65,0.603,High,Yes,Needs Attention
91,7,52,25.08,83.46,6.41,56.4,2,5,52.32,8,1.069,4.58,9.07,26.59,25.7,71.94,47.11,0.59,Moderate,No,Average
110,7,45,26.64,84.7,6.19,48.32,2,5,52.67,8,1.148,7.44,10.59,31.49,0.09,73.47,59.6,0.625,High,Yes,Needs Attention
-0.18,-0.28,0,0.02,0.06,-0.1,0.31,-0.03,4,5,8,0.308,10.85,11.98,2.64,114.82,84.62,102.43,0.149,High,Yes,Needs Attention
87,6,45,29.83,90.79,6.4,22.84,3,8,52.78,8,1,8.4,9.92,29.98,30.02,77.7,53.57,0.555,High,Yes,Needs Attention
0.66,0.25,0.11,0.18,-0.33,-0.2,0.1,0.18,7,5,8,0.156,8.54,13.33,1.78,127.05,79.8,107.77,0.153,High,Yes,Needs Attention
76,60,39,20.05,80.35,6.77,208.58,0,6,61.13,8,1.4,7.45,13.83,21.32,43.41,24.37,59.24,0.674,Moderate,No,Average
-0.15,0.42,-0.63,0.12,0.22,0.14,0.09,-0.28,5,5,7.86,0.194,7.21,20.69,1.24,115.12,80.95,92.62,0.146,High,Yes,Needs Attention
95,16,46,27.08,90.14,6.75,24.45,3,8,47.69,8,1.283,7.91,13.11,26.09,25.74,67.44,55.81,0.612,High,Yes,Needs Attention
0.47,0.2,0.14,-0.34,-0.18,0.11,0.16,-0.05,1,5,8,0.1,7.87,4.35,1.74,113.05,75.69,92.75,0.152,High,Yes,Needs Attention
0.03,-0.01,0.17,-0.09,-0.09,0.06,0.04,0.04,8,5.14,8,0.243,10.88,16.65,-0.67,122.54,86.96,96.5,0.151,High,Yes,Needs Attention
0.35,-0.05,-0.36,-0.5,-0.32,0.04,0.34,-0.1,1,5,8,0.365,10.94,11.18,-2.79,114.76,80.93,102.85,0.15,High,Yes,Needs Attention
0.62,-0.19,0.06,0.02,-0.23,-0.35,-0.24,0.1,7,5,8,0.205,9.28,20.05,1,115.22,69.2,98.1,0.151,High,Yes,Needs Attention
40,78,20,19.19,20.83,5.67,80.15,0,0,21.92,8,1.007,9.75,17.88,19.56,81.88,8.64,82.32,0.569,High,Yes,Needs Attention
0.44,-0.17,0,-0.26,-0.17,0.18,-0.52,0.17,0,5,8,0.108,9.54,9.98,-0.05,128.31,80.19,95.37,0.151,High,Yes,Needs Attention
0.05,0.13,-0.08,-0.09,0.07,-0.06,-0.14,0.03,3,5,8,0.287,9.99,14.89,-3.24,130.94,78.29,103.51,0.15,High,Yes,Needs Attention
16,7,8,22.79,90.61,6.42,116.51,1,4,55.88,8,0.324,6.34,9.62,23.01,98.8,70.58,85.24,0.242,Moderate,No,Needs Attention
9,25,41,24.82,91.91,5.97,109.29,3,2,60.48,8,0.642,8.07,12.01,26.06,108.02,56.76,64.27,0.375,Moderate,No,Needs Attention
0.46,-0.29,0.27,-0.13,-0.06,-0.34,-0.4,0.14,7,5,8,0.104,8.11,14.7,0.42,122.12,76.74,97.83,0.151,High,Yes,Needs Attention
0.15,-0.16,0.04,-0.49,0.06,0.04,-0.27,-0.48,5,5,4.28,0.325,7.92,16.45,1.59,125.69,77.85,106.08,0.08,High,Yes,Needs Attention
41,74,18,28.76,61.03,6.6,73.38,3,1,39.28,8,1.09,8.1,15.58,32.35,68.18,3.79,78.64,0.554,Moderate,No,Average
-0.06,0.67,-0.7,-0.09,0.05,-0.09,0.21,-0.53,5,5,3.54,0.197,9.54,12.3,2.18,120.5,78.16,108.4,0.066,High,Yes,Needs Attention
-0.25,0.36,0.11,0.06,0.31,0.63,0.16,0.4,9,5.58,8,0.109,10.01,21.93,3.1,117.81,77.58,96.06,0.151,High,Yes,Needs Attention
-0.12,0.11,-0.08,-0.07,0.13,-0.25,0.1,-0.18,2,5,8,0.322,9.1,10.54,3.09,110.5,83.3,92.9,0.15,High,Yes,Needs Attention
0.46,0.24,-0.13,0.13,0.75,-0.15,0.37,0.61,9,5,8,0.174,11.62,5.57,0.1,112.85,80.84,100.3,0.152,High,Yes,Needs Attention
0.08,-0.06,0.02,-0.01,0.1,-0.32,-0.11,-0.05,2,5,8,0.112,9.91,6.34,2.15,117.08,81.63,104.92,0.15,High,Yes,Needs Attention
0.36,-0.08,0.16,-0.15,0.04,-0.37,-0.15,0.02,7,5,8,0.1,9.98,17.9,2.84,119.93,82.52,103,0.151,High,Yes,Needs Attention
-0.29,-0.78,-0.27,0.05,-0.27,-0.52,0.39,-0.04,4,5,8,0.14,9.95,11.69,0.9,125.33,80.41,104.92,0.146,High,Yes,Needs Attention
95,13,46,29.84,93.76,6.13,23.28,3,8,50.18,8,1.008,8.41,12.64,30.15,26.77,62.92,57.24,0.603,High,Yes,Needs Attention
0.33,0.07,-0.02,-0.37,-0.19,-0.53,0.53,-0.08,1,5,8,0.152,10.33,9.83,1.93,124.41,87.15,96.74,0.151,High,Yes,Needs Attention
0.13,0.26,0,-0.13,-0.32,-0.12,0.54,-0.19,6,5,8,0.262,10.2,10.19,-0.85,120,83.45,103.07,0.151,High,Yes,Needs Attention
-0.19,0.01,0.03,-0.42,-0.03,0.07,-0.15,0.16,8,5,8,0.169,10.49,8.85,-0.55,116.67,86.44,100.34,0.15,High,Yes,Needs Attention
0.21,0.19,0,-0.13,-0.01,0.03,-0.07,-0.17,6,5,8,0.231,7.93,13.88,0.37,118.87,83.95,97.16,0.151,High,Yes,Needs Attention
109,21,55,24.9,89.74,6.77,57.45,2,5,55.13,8,1.252,5.72,11.61,27.08,14.48,57.16,45.72,0.695,Moderate,No,Average
72,40,38,20.41,82.21,7.59,245.15,0,6,59.47,8,1.105,7.62,13.74,22.24,53.16,30.61,61.77,0.597,Moderate,No,Average
105,14,50,26.21,87.69,6.42,59.66,2,5,52.63,8,1.368,7.36,13.36,29.26,14.26,61.08,55.66,0.647,Moderate,No,Average
-0.18,-0.09,0.18,0.06,0.14,-0.1,0.13,-0.05,6,5,8,0.172,10.33,10.3,0.18,115.53,82.64,97.76,0.15,High,Yes,Needs Attention
0.43,0.28,-0.55,-0.41,-0.01,0.42,0.15,-0.23,8,5,8,0.232,9.77,6.17,-0.37,121.25,79.31,98.3,0.151,High,Yes,Needs Attention
108,23,51,26.84,83.85,6.11,40.23,2,5,52.41,8,1.167,8.24,5.82,29.13,14.39,55.32,46.21,0.687,High,Yes,Needs Attention
34,29,8,31.88,91.15,6.45,105.34,1,4,58.68,8,0.748,6.23,24.11,32.18,92.16,41.02,99.59,0.363,Moderate,No,Needs Attention
-0.3,-0.83,-0.7,-0.44,-0.68,-0.21,0.49,-0.24,4,5,8,0.151,9.76,17.91,0.15,116.91,80.78,98.13,0.144,High,Yes,Needs Attention
0.06,0,-0.07,0.14,-0.21,0.06,-0.11,0.18,8,5,8,0.284,8.41,17.36,-1.15,116.6,75.67,105.26,0.15,High,Yes,Needs Attention
-0.22,0.49,-0.1,-0.04,0.12,0.24,0.22,-0.21,5,5,8,0.191,10.13,9.3,1.9,124,76.61,95.97,0.151,High,Yes,Needs Attention
25,70,16,19.63,18.91,5.76,106.36,0,0,20.05,8,0.915,7.4,12.04,23.44,92.96,13.4,86.03,0.489,High,Yes,Needs Attention
0.4,0.3,0.34,-0.47,0.11,-0.31,0.47,-0.03,1,5,8,0.26,10.1,8.74,-0.51,117.35,75.58,100.71,0.153,High,Yes,Needs Attention
34,35,21,28.45,82.68,6.68,58.19,1,9,53.43,8,0.704,6.21,6.75,31.48,92.27,41.27,83.93,0.42,Moderate,No,Average
31,51,25,27.54,85.57,7.2,53.02,1,9,50.91,8,0.929,7.23,9.64,28.95,82.14,29.74,79.35,0.473,Moderate,No,Average
0.45,0.64,-0.44,0.02,0.21,-0.29,0.19,-0.25,5,5,8,0.143,10.64,17.3,-1.13,129.83,82.85,100.77,0.152,High,Yes,Needs Attention
0.2,0.09,0.49,0.22,0.38,-0.3,-0.17,-0.21,2,5,8,0.267,9.97,15.36,0.38,116.74,78.3,97.36,0.152,High,Yes,Needs Attention
100,14,49,29.49,91.08,6.37,26.02,3,8,52.83,8,1.147,5.83,8.12,29.56,24.33,71.87,57.5,0.63,High,Yes,Needs Attention
63,35,16,22.03,65.36,6.27,83.73,3,3,42.04,8,0.912,7.44,10.74,23.06,56.46,39.89,81.45,0.49,Moderate,No,Average
14,5,36,24.93,85.19,5.83,104.77,3,2,53.5,8,0.493,6.12,15,27.06,107.36,69.18,54.93,0.312,Moderate,No,Needs Attention
80,18,52,27.87,91.15,6.48,24.05,3,8,52.82,8,1.104,5.78,9.72,32.14,38.69,55.84,40.57,0.593,High,Yes,Needs Attention
0.36,-0.03,0.05,-0.01,0.04,-0.08,0.14,0.44,8,5,8,0.116,9.87,12.32,-0.66,123.92,73.42,93.49,0.151,High,Yes,Needs Attention
-0.16,-0.11,0.05,-0.29,0.13,-0.5,0.65,-0.03,9,5,8,0.218,10.31,13.61,0.48,118.42,81.46,102.33,0.149,High,Yes,Needs Attention
77,52,17,24.86,65.74,5.71,75.82,3,3,43.16,8,1.08,8.55,13.56,25.02,40.14,24.09,91.86,0.587,Moderate,No,Average
0.17,0.24,-0.16,0.38,0.32,-0.03,-0.26,0.09,2,5,8,0.158,10.34,13.02,-0.02,128.9,74.12,92,0.151,High,Yes,Needs Attention
0.35,0.11,-0.21,0.23,0.39,-0.02,-0.26,0.11,2,5,8,0.197,9.73,9.39,1.87,119.8,81.41,97.08,0.151,High,Yes,Needs Attention
-0.12,0.03,-0.39,-0.47,-0.07,-0.59,0.14,0.42,8,5,8,0.208,9.48,9.8,1.03,116.74,83.27,100.75,0.149,High,Yes,Needs Attention
52,68,78,17.49,16.96,6.9,86.05,1,7,12.79,8,1.339,8.25,7.47,16.27,60.55,16.2,28.18,0.744,High,Yes,Needs Attention
33,75,84,19.46,18.73,7.22,68.81,1,7,14.36,8,1.342,8.84,5.75,20.99,96.33,8.5,12.85,0.728,High,Yes,Needs Attention
0.12,-0.2,0.13,-0.01,-0.1,0,0.12,-0.19,3,5,8,0.12,8.43,11.54,-0.32,117.12,76.53,102.23,0.15,High,Yes,Needs Attention
0.39,-0.16,0.1,-0.07,-0.38,-0.06,-0.1,0.1,7,5,8,0.39,8.91,15.27,1.45,129.92,81.26,98.9,0.151,High,Yes,Needs Attention
-0.04,-0.05,0.07,-0.08,0.14,-0.31,-1.17,-0.01,0,5,8,0.285,9.84,6.48,3.32,122.03,82.04,110.36,0.15,High,Yes,Needs Attention
-0.05,0.09,0.21,0.22,0.42,-0.2,0.08,-0.18,2,5,8,0.223,9.62,13.09,2.41,120.76,78.01,100.37,0.151,High,Yes,Needs Attention
0.27,-0.25,-0.19,0.22,0.18,-0.11,-0.27,0.46,8,5,8,0.293,12,15.14,1.99,120.58,80.91,101.61,0.149,High,Yes,Needs Attention
0.52,0.07,-0.1,0.45,0.08,0.15,-0.05,0.21,2,5,8,0.1,8.4,4.65,1.16,130.56,74.92,100.44,0.151,High,Yes,Needs Attention
-0.22,0,0,0.36,-0.17,-0.13,0.15,-0.49,3,5,4.66,0.1,9.63,10.92,1.96,109.26,77.49,98.34,0.087,High,Yes,Needs Attention
37,79,19,27.54,69.35,7.14,69.41,3,1,47.34,8,0.978,6.59,18.58,29.88,84.07,2.49,84.8,0.561,Moderate,No,Average
-0.25,-0.12,0.2,0.08,-0.11,0.08,0.07,-0.21,9,5,8,0.1,9.36,14.21,2.28,118.92,86.15,95.16,0.149,High,Yes,Needs Attention
0.09,-0.23,-0.12,-0.26,0.01,-0.39,-0.2,-0.02,5,5,8,0.18,9.4,4.52,1.09,118.84,84.84,92.11,0.149,High,Yes,Needs Attention
20,79,77,18.55,16.03,7.65,76.33,1,7,19.61,8,1.272,10.19,14.63,20.38,100.75,3.64,22.4,0.682,High,Yes,Needs Attention
0.01,0.08,-0.18,0.04,-0.46,0.03,-0.1,-0.34,3,5,6.81,0.273,9.31,9.01,-0.43,118.66,80.24,103.44,0.127,High,Yes,Needs Attention
0.5,0.05,0.08,-0.22,-0.2,-0.59,0.36,0.5,1,5,8,0.113,9.56,14.77,0.18,120.44,79.65,97.6,0.152,High,Yes,Needs Attention
34,66,17,18.81,21.28,5.89,125.08,0,0,19.45,8,0.934,8.79,9.24,21.37,85.88,8.21,83.75,0.505,High,Yes,Needs Attention
0.24,0.16,0.04,-0.12,0.33,0.13,-0.35,0.29,0,5,8,0.204,8.34,11.79,2.64,113.19,76.5,95.08,0.151,High,Yes,Needs Attention
0.46,0.32,0.06,0.25,0.43,0.01,-0.26,0.42,2,5,8,0.233,9.09,9.85,1.89,121.45,76.47,104.19,0.153,High,Yes,Needs Attention
0.25,0.44,0.07,0.18,0.37,0.07,-0.14,-0.17,2,5,8,0.163,9.36,12.01,3.9,123.33,81.86,102.54,0.152,High,Yes,Needs Attention
0.58,0.11,-0.07,0.13,-0.56,-0.16,-0.09,0.07,7,5.2,8,0.314,9.84,9.73,2.39,116.71,83.67,100.15,0.152,High,Yes,Needs Attention
-0.45,0,-0.03,-0.37,0.05,-0.05,0.17,-0.02,3,5,8,0.189,10.31,11.11,0.78,129.79,82.95,100.7,0.149,High,Yes,Needs Attention
0.19,-0.22,0.1,-0.08,-0.16,-0.39,-0.27,0.09,7,5.61,8,0.342,9.52,7.3,-0.41,126.49,84.95,94.33,0.15,High,Yes,Needs Attention
-0.16,-0.24,0.05,-0.18,-0.01,0.15,0.18,-0.14,6,5,8,0.135,9.5,13.96,3.48,124.38,80.53,94.55,0.149,High,Yes,Needs Attention
-0.35,-0.26,-0.18,-0.22,-0.53,-0.2,-0.13,-0.72,3,5,1.82,0.255,8.04,12.7,2.44,124.51,76.33,99.69,0.032,High,Yes,Needs Attention
101,17,47,29.49,94.73,6.19,26.31,3,8,53.93,8,1.185,7.92,5.53,33.69,19.15,62.8,55.05,0.636,High,Yes,Needs Attention
0.53,-0.43,0.1,0.08,-0.17,-0.24,-0.26,0.04,7,5,8,0.175,9.06,15.97,4.83,125.18,77.53,102.16,0.15,High,Yes,Needs Attention
-0.24,0.05,0.19,-0.07,0.24,-0.31,0.3,-0.28,6,5,7.16,0.251,10.49,11.29,-0.5,128.09,82.58,98.36,0.134,High,Yes,Needs Attention
97,12,47,25.29,89.64,6.77,58.29,2,5,63.5,8,1.112,8.83,12.65,24.86,27.04,66.56,55.98,0.609,Moderate,No,Average
0.09,-0.13,0.13,0.02,-0.26,-0.57,0.5,0.18,9,5,8,0.1,9.57,15.06,-2.77,117.06,79.74,105.55,0.15,High,Yes,Needs Attention
0.12,0.05,0.14,-0.05,-0.08,-0.2,-0.27,0.16,7,5,8,0.1,8.73,13.31,2.83,119.68,82.72,99.51,0.151,High,Yes,Needs Attention
0.12,-0.11,-0.69,-0.08,-0.15,0.03,0.03,0.17,4,5,8,0.298,9.74,16.66,2.4,122.75,77.15,101.93,0.148,High,Yes,Needs Attention
44,74,85,20.19,19.64,7.15,78.26,1,7,15.98,8,1.516,9.61,10.83,21.84,80.19,9.86,14.17,0.76,High,Yes,Needs Attention
0.02,-0.17,0.01,0.21,0.01,-0.3,0.03,-0.26,5,5,7.86,0.35,9.43,16.14,-0.13,119.59,74.78,99.48,0.147,High,Yes,Needs Attention
8,16,6,12.23,90.26,7.11,108.42,1,4,61.04,8,0.379,6.93,12.49,13.6,109.17,65.23,94.68,0.241,Moderate,No,Needs Attention
19,17,39,24.72,85.56,6.73,111.28,3,2,56.05,8,0.547,8.17,14.03,26.5,108.92,62.64,67.81,0.373,Moderate,No,Needs Attention
-0.39,0.02,-0.21,-0.14,-0.21,0.32,0.13,-0.7,3,5,1.92,0.163,10.25,13.61,2.53,115.03,83.29,103.87,0.034,High,Yes,Needs Attention
53,73,77,19.71,18.1,7.33,73.64,1,7,15.89,8,1.419,8.95,16.96,21.62,62.29,1.5,26.3,0.759,High,Yes,Needs Attention
113,20,48,27.47,94.88,6.44,27.28,3,8,55.38,8,1.205,5.72,14.89,29.97,0.36,53.88,50.19,0.683,High,Yes,Needs Attention
-0.21,-0.07,0.04,-0.05,0.01,0.07,0.27,-0.1,3,5,8,0.33,10.21,10.23,1.26,115.49,83.07,96.37,0.149,High,Yes,Needs Attention
13,30,37,20.86,91.62,6.28,106.87,3,2,53.13,8,0.859,6.69,9.43,24.13,113.24,48.44,64.56,0.39,Moderate,No,Needs Attention
-0.2,-0.14,-0.57,0.18,0.25,0.06,-0.21,0.54,4,5,8,0.233,9.96,11.8,2.63,126.6,79.78,105.54,0.147,High,Yes,Needs Attention
0.35,0.84,-0.65,-0.4,-0.04,-0.1,0.51,-0.04,8,5,8,0.202,9.9,8.96,-0.68,119.28,76.52,107.54,0.152,High,Yes,Needs Attention
83,11,53,29.54,92.92,6.16,21.97,3,8,48.54,8,0.978,5.54,7.79,33.12,39.48,72.65,37.19,0.582,High,Yes,Needs Attention
-0.18,-0.46,0.86,-0.15,0.44,0.33,0.43,-0.27,6,5,7.6,0.325,9.82,3.49,3.19,120.13,81.66,108.93,0.143,High,Yes,Needs Attention
0.01,0.03,0.13,0.28,0,-0.19,-0.22,-0.11,2,5,8,0.207,10.26,5.8,2.48,114.03,80.93,101.54,0.151,High,Yes,Needs Attention
0.75,0.25,0.29,-0.43,-0.03,-0.25,0.2,0.18,1,5,8,0.185,10.39,19.94,1.49,130.34,75.07,103.35,0.154,High,Yes,Needs Attention
60,44,23,24.79,70.05,5.72,76.73,3,3,47.16,8,1,8.12,9.37,28.78,66.87,38.01,70.04,0.53,Moderate,No,Average
0.13,-0.09,-0.06,-0.15,-0.14,0.02,0.07,0.34,8,5,8,0.153,7.78,19.61,-1.1,121.64,76.12,99.11,0.15,High,Yes,Needs Attention
108,23,51,26.84,83.85,6.11,40.23,2,5,48.12,8,1.304,8.93,13.61,30.2,7.72,54.37,52.29,0.687,High,Yes,Needs Attention
59,70,84,17.33,18.75,7.55,82.62,1,7,15.17,8,1.363,9.69,11.8,18.12,59.88,4.54,11.3,0.788,High,Yes,Needs Attention
38,21,35,20.34,89.38,5.84,110.97,3,2,57.9,8,0.851,6.31,6,23.48,78.54,58.37,53.45,0.429,Moderate,No,Average
0.52,0.1,0.21,0.15,-0.13,0.22,0.08,0.08,7,5,8,0.197,8.97,12.02,1.83,119.97,84.16,101.13,0.152,High,Yes,Needs Attention
66,44,20,19.08,69.02,6.74,80.73,3,3,41.4,8,1.073,8.26,19.57,18.72,55.55,36.91,79.8,0.539,Moderate,No,Average
10,5,5,21.21,91.35,7.82,112.98,1,4,61.45,8,0.304,8.15,18.23,21.97,108.29,73.23,100.77,0.209,Moderate,No,Needs Attention
-0.07,0.33,-0.46,-0.21,-0.33,0.16,0.05,0.53,4,5,8,0.188,9.27,13.1,2.82,112.8,80.11,99.82,0.149,High,Yes,Needs Attention
0.44,0.12,0.48,-0.2,-0.2,-0.54,-0.05,0.23,7,5,8,0.109,10.58,7.41,0.98,130.22,80.29,99.17,0.153,High,Yes,Needs Attention
0.31,-0.01,-0.3,0.12,-0.32,-0.3,0.03,0.25,5,5,8,0.261,7.97,8.17,0.69,120.88,80.27,103.09,0.15,High,Yes,Needs Attention
27,56,22,19.92,20.7,5.83,108.64,0,0,20.04,8,0.76,8.19,8.59,20.48,95.28,24.71,82.13,0.468,High,Yes,Needs Attention
0.01,0.15,-0.26,0.1,0.04,0.42,0.23,-0.23,5,5,8,0.16,7.68,17.11,2.56,117.88,75.69,97.43,0.15,High,Yes,Needs Attention
0.09,0.14,0.16,0.1,-0.17,-0.08,0.13,0.02,7,5,8,0.202,8.86,18.53,4.23,112.1,80.29,103.62,0.151,High,Yes,Needs Attention
115,11,46,24.42,89.4,6.62,40.32,2,5,52.31,8,1.242,9.02,12.78,22.71,4.58,61.98,51.91,0.655,High,Yes,Needs Attention
0.2,0.04,0.16,-0.15,-0.03,-0.02,0.17,0.06,1,5,8,0.1,11.81,10.79,5.55,118.18,82.26,99.91,0.151,High,Yes,Needs Attention
-0.09,-0.31,0.32,-0.29,-0.38,-0.35,0.07,-0.35,3,5,7.05,0.181,9.99,18.19,1.52,123.64,75.9,102.36,0.132,High,Yes,Needs Attention
94,5,55,28.59,91.89,6.09,26.88,3,8,49.36,8,1.188,6.81,8.09,30.96,30.53,79.71,48.38,0.602,High,Yes,Needs Attention
82,22,45,26.22,85.35,6.51,54.6,2,5,47.79,8,1.064,7.39,12.21,27.07,41.83,48.22,56.27,0.59,Moderate,No,Average
0.33,0.35,-0.04,-0.14,-0.12,-0.33,0.14,-0.09,1,5,8,0.186,10.23,13.85,1.35,124.61,86.35,95.72,0.152,High,Yes,Needs Attention
0.2,0.17,-0.13,0.19,0.15,0.12,0.69,0.12,6,5,8,0.214,8.18,8.55,1.98,128.82,73.27,92.65,0.151,High,Yes,Needs Attention
-0.42,0.22,0.47,-0.55,-0.02,-0.1,-0.15,-0.48,3,5,4.5,0.192,9.18,9.46,-0.62,122.37,74.98,98.78,0.085,High,Yes,Needs Attention
26,65,22,17.85,18.78,5.95,143.1,0,0,20.48,8,0.796,10.72,9.15,18.14,99.5,16.2,81.89,0.494,High,Yes,Needs Attention
29,25,14,30.49,90.46,7.78,113.33,1,4,51.31,8,0.605,6.44,17.67,33.77,93.47,57.47,87.8,0.354,Moderate,No,Needs Attention
0.41,0.19,-0.35,-0.37,-0.37,-0.37,0.31,-0.18,1,5,8,0.281,9.01,19.66,-1.2,110.09,78.68,101.32,0.151,High,Yes,Needs Attention
-0.18,0.49,-0.75,-0.01,0.08,-0.15,0.24,-0.2,5,5,8,0.113,9.76,12.46,2.15,119.41,83.08,100.72,0.149,High,Yes,Needs Attention
105,30,50,25.3,81.78,6.38,57.04,2,5,47.87,8,1.28,7.99,10.93,26.24,10.66,46.81,51.24,0.697,Moderate,No,Average
0.42,-0.12,0.18,0.15,-0.27,0.04,0,0.06,7,5,8,0.1,9.13,9.6,0.21,120.74,78.52,95.84,0.151,High,Yes,Needs Attention
79,45,20,23.81,59.25,5.72,89.96,3,3,39.9,8,1.139,8.35,12.01,28.27,37.04,33.79,83.12,0.58,Moderate,No,Average
-0.56,-0.39,-0.25,0.13,-0.32,-0.52,-0.41,0.3,4,5,8,0.185,10.37,9.8,0.2,123.59,78.24,103.64,0.146,High,Yes,Needs Attention
0.42,0.13,-0.15,-0.32,0.55,0.19,0.34,0.23,9,5,8,0.134,11.7,11.61,-0.52,124.49,72.13,98.73,0.151,High,Yes,Needs Attention
0.53,0.23,-0.03,-0.74,0.28,0.07,-0.37,0.4,0,5,8,0.212,9.62,13.65,0.48,125.49,79.67,101.78,0.152,High,Yes,Needs Attention
9,8,15,14.34,94.36,7.99,110.22,1,4,58.13,8,0.296,7.35,10.38,14.69,119.1,71.54,78.13,0.245,Moderate,No,Needs Attention
106,14,45,24.47,84.16,6.42,57.27,2,5,52.31,8,1.107,9.17,11.24,25.98,5.62,70.31,55.72,0.635,Moderate,No,Average
109,12,48,29.46,92.13,6.71,20.76,3,8,47.73,8,1.097,6.9,11.26,31.19,5,62.86,51.47,0.647,High,Yes,Needs Attention
0.74,0.27,0.2,-0.06,-0.19,-0.08,-0.04,0.03,1,5,8,0.122,8.43,10.73,1.79,133.9,77.17,104.84,0.154,High,Yes,Needs Attention
18,9,40,19.45,89.02,5.63,106.16,3,2,57.76,8,0.711,7.77,10.23,20.76,107.05,75.81,59.21,0.348,Moderate,No,Needs Attention
101,11,51,25.51,84.24,6.79,44.21,2,5,49.43,8,1.119,8.72,15.05,25.96,20.12,70.17,52.47,0.629,High,Yes,Needs Attention
57,73,85,18.49,14.72,7.36,91.95,1,7,20.22,8,1.527,9.74,4.92,20.96,63.16,9.2,13.44,0.794,High,Yes,Needs Attention
-0.03,-0.31,0.1,0.13,0.02,0.09,0.37,0.32,6,5,8,0.132,9.65,18.3,1.46,119.75,82.12,90.76,0.149,High,Yes,Needs Attention
12,6,8,30.85,92.87,6.39,107.41,1,4,65.85,8,0.417,5.98,12.54,31.61,98.33,75.83,91.1,0.227,Moderate,No,Needs Attention
0.13,0.02,0.14,-0.19,-0.2,-0.02,0.24,-0.18,3,5,8,0.12,9.7,14.44,3.53,116.01,87.26,100.65,0.151,High,Yes,Needs Attention
0.26,-0.18,0.35,-0.76,0.41,-0.01,-0.32,0.35,0,5,8,0.206,10.97,14.9,0.56,119.18,80.55,100.25,0.151,High,Yes,Needs Attention
30,44,16,29.73,82.89,6.44,50.92,1,9,49.87,8,0.744,6.44,9.17,32.87,86.42,31.95,84.66,0.422,Moderate,No,Average
15,9,11,11.55,94.15,7.91,108.83,1,4,57.26,8,0.596,7.15,8.34,14.89,102.07,73.56,86.97,0.254,Moderate,No,Needs Attention
0.61,0.85,-0.39,-0.11,0.03,0.22,0.57,-0.18,8,5,8,0.257,9.36,7.87,3.32,132.18,76.88,99.1,0.153,High,Yes,Needs Attention
-0.26,0.12,0.16,-0.13,0.51,0.34,0.08,-0.46,3,5,5.65,0.153,9.04,11.01,2.41,119,79.44,95.33,0.106,High,Yes,Needs Attention
0.36,0.43,0.43,-0.06,0.53,-0.77,0.06,-0.7,2,5,1.79,0.262,9.98,14.8,1.44,121.03,81.05,91.58,0.037,High,Yes,Needs Attention
0.32,0,0.22,0.12,0.05,0.41,0.22,0.19,6,5,8,0.374,10.19,9.66,1.52,120.89,76.71,99.35,0.152,High,Yes,Needs Attention
44,63,15,26.42,64.51,7.34,63.47,3,1,43.52,8,0.802,8.57,14.43,27.55,78.95,14.96,82.02,0.519,Moderate,No,Average
0.5,0.13,-0.48,-0.28,-0.19,-0.33,0.14,-0.26,1,5,7.99,0.134,8.78,2.53,-2.03,117.11,81.77,104.8,0.15,High,Yes,Needs Attention
96,46,22,20.58,69,6.5,66.29,3,3,47.56,8,1.165,6.38,10.46,23.16,30.23,31.81,69.27,0.638,Moderate,No,Average
-0.55,-0.37,-0.55,-0.04,-0.64,-0.47,0.23,0.64,4,5,8,0.158,10.03,16.67,1.83,122.77,84.26,101.71,0.146,High,Yes,Needs Attention
11,61,21,18.62,23.02,5.53,135.34,0,0,27.58,8,0.731,8.67,11.32,21.36,102.56,15.06,87.49,0.434,High,Yes,Needs Attention
-0.35,-0.31,-0.75,-0.13,-0.44,-0.06,0.14,0.09,4,5,8,0.1,11.6,8.68,1.19,119.81,76.35,100.02,0.146,High,Yes,Needs Attention
5,18,14,33.11,93.48,7.43,119.17,1,4,59.99,8,0.534,9.3,9.37,35.61,114.14,69.62,85.99,0.262,Moderate,No,Needs Attention
34,59,18,23.38,21.99,5.74,87.67,0,0,16.51,8,0.752,11.19,1,22.81,84.91,14.88,83.71,0.486,High,Yes,Needs Attention
95,13,46,29.84,93.76,6.13,23.28,3,8,53.79,8,1.108,6.47,7.95,29.59,27.55,66.89,56.02,0.603,High,Yes,Needs Attention
0.78,0.15,0.24,0.22,-0.29,0.18,0.12,0.2,7,5,8,0.291,10.33,16.23,-1.99,122.39,87.26,98.13,0.153,High,Yes,Needs Attention
-0.11,-0.22,-0.3,0.18,-0.33,-0.26,0.39,0.27,4,5,8,0.194,10.63,9.67,1.48,122.69,80.11,96.27,0.148,High,Yes,Needs Attention
0.68,-0.02,0.12,-0.15,-0.06,-0.12,-0.48,0.27,0,5.58,8,0.126,10.51,10.14,0.19,121.01,85.41,102.49,0.152,High,Yes,Needs Attention
37,6,13,26.03,91.51,7.51,101.28,1,4,57.92,8,0.428,7.11,2.67,26.17,83.43,76.61,79.37,0.315,Moderate,No,Needs Attention
13,5,8,23.85,90.11,7.47,103.92,1,4,59.12,8,0.338,8.78,5.48,25.85,96.24,74.97,95.33,0.227,Moderate,No,Needs Attention
0.33,0.16,0.06,0.14,0.33,0.17,-0.11,0.42,2,5,8,0.143,9.74,16.76,1,123.56,79.32,98.37,0.152,High,Yes,Needs Attention
12,78,23,16.07,18.72,6,88.07,0,0,17.57,8,0.894,9.41,14.47,15.42,110.44,0,77.01,0.496,High,Yes,Needs Attention
0.23,0.26,0.42,-0.03,-0.03,-0.26,0.43,0.21,6,5,8,0.1,8.21,6.81,5.29,114.85,78.46,97.48,0.153,High,Yes,Needs Attention
0.33,0.37,0.43,0.02,0.62,-0.25,-0.07,-0.04,2,5,8,0.272,10.38,9.48,1.46,121.07,80.56,105.29,0.153,High,Yes,Needs Attention
0.68,0.37,-0.74,-0.69,0.75,-0.07,0.27,0.27,9,5,8,0.211,9.47,11.88,-0.81,122.56,80.56,101.74,0.151,High,Yes,Needs Attention
84,18,46,27.09,93.42,6.78,25.32,3,8,58.35,8,1.103,7.88,7.22,27.59,41.86,71.86,52.71,0.587,High,Yes,Needs Attention
-0.13,0,0.23,-0.03,0.1,-0.06,0.13,0.11,6,5,8,0.316,9.98,3.98,1.21,122.68,81.12,98.37,0.15,High,Yes,Needs Attention
0.43,-0.2,0.09,0.03,-0.28,-0.28,-0.2,0.11,7,5,8,0.167,9.94,11.36,1.27,121.18,82.72,99.32,0.151,High,Yes,Needs Attention
-0.09,-0.29,0.18,-0.14,0.02,0.05,0.16,0,6,5,8,0.141,9.7,14.29,3.31,124.82,84.95,109.41,0.149,High,Yes,Needs Attention
119,19,55,25.19,83.45,6.82,46.87,2,5,49.38,8,1.314,8.45,14.37,26.57,0,63.16,39.73,0.718,High,Yes,Needs Attention
-0.27,-0.59,-0.19,0.06,-0.31,-0.17,-0.17,0.01,4,5,8,0.178,9.56,15.5,4.34,122.33,80.25,104.52,0.147,High,Yes,Needs Attention
0.2,0.25,-0.34,-0.3,-0.52,-0.57,0.38,-0.2,1,5,8,0.193,8.31,5.79,0.55,116.69,79.43,102.61,0.15,High,Yes,Needs Attention
59,62,83,18.58,19.22,8.1,72.95,1,7,17.04,8,1.358,9.84,12.23,20.72,66.55,16.6,23.16,0.76,High,Yes,Needs Attention
116,25,50,29.26,92.92,6.09,28.71,3,8,56.06,8,1.184,6.62,10.93,32.29,0,56.78,52.52,0.714,High,Yes,Needs Attention
118,18,52,28.05,90.83,6.56,20.76,3,8,53.09,8,1.283,6.15,11.65,31.34,6.08,61.32,48.01,0.703,High,Yes,Needs Attention
40,78,20,19.19,20.83,5.67,80.15,0,0,21.47,8,1.057,8.21,11.15,22.66,80.09,4.5,84.08,0.569,High,Yes,Needs Attention
0.1,0.25,0.23,-0.3,0.37,-0.05,-0.27,0.18,0,5,8,0.214,10.02,9.36,0.79,124.73,75.71,100.69,0.152,High,Yes,Needs Attention
0.38,0.33,0.15,-0.2,0.11,0.05,-0.6,0.08,0,5,8,0.301,9.65,1,1.29,115.72,80.26,102.87,0.153,High,Yes,Needs Attention
85,52,45,26.31,82.37,7.22,265.54,0,6,67.55,8,1.448,5.56,16.65,24.09,35.45,34.21,60.71,0.693,Low,No,Average
0.18,0.18,0.3,0.67,0.53,-0.02,-0.33,0.17,2,5,8,0.265,9.35,13.32,1.88,120.12,78.92,100.07,0.152,High,Yes,Needs Attention
0.06,0.58,-0.65,0.1,0.25,-0.06,-0.02,-0.22,5,5,8,0.311,10.91,6.06,3.24,122.11,86.79,98.95,0.15,High,Yes,Needs Attention
0.24,-0.16,0,-0.17,0.06,0.07,-0.36,0.24,0,5,8,0.262,9.3,13.89,2.68,114.52,80.81,97.42,0.15,High,Yes,Needs Attention
-0.08,0.41,-0.76,-0.29,0.12,0.25,-0.14,-0.05,9,5,8,0.334,9.58,10.21,1.08,123.26,79.36,102.56,0.149,High,Yes,Needs Attention
89,22,52,24.9,86.11,6.22,53.15,2,5,52.97,8,1.326,8.64,10.32,28.95,21.77,58.47,44.49,0.631,Moderate,No,Average
111,5,55,26.28,84.42,6.52,50.79,2,5,51.93,8,1.302,8.43,8.93,27.2,5.66,73.75,43.6,0.651,Moderate,No,Average
0.27,0.42,-0.16,-0.53,-0.51,0.61,0.4,0.1,1,5,8,0.26,10.78,14.15,-0.1,111.92,71.66,96.29,0.152,High,Yes,Needs Attention
12,20,39,19.86,86.2,6.03,111.02,3,2,54.16,8,0.61,4.82,8.8,20.66,112.14,63.52,63.03,0.362,Moderate,No,Needs Attention
-0.26,-0.39,-0.65,0.22,0.03,-0.61,0.02,0.38,4,5,8,0.189,11.48,7.61,0.04,122.26,89.16,97.64,0.146,High,Yes,Needs Attention
42,58,25,27.46,62.9,6.51,69.46,3,1,38.7,8,0.923,8.81,16.53,29.89,80.28,23.92,69.85,0.527,Moderate,No,Average
-0.02,-0.05,-0.28,-0.42,-0.13,-0.19,0.16,-0.15,3,6.67,8,0.248,12,11.28,1.51,127.39,82.22,95.84,0.149,High,Yes,Needs Attention
5,13,37,22.34,89.79,5.65,103.32,3,2,57.64,8,0.472,6.72,11.41,24.75,113.42,66.27,60.72,0.314,Moderate,No,Needs Attention
4,24,43,22.4,88.15,7.2,109.87,3,2,58.5,8,0.611,5.78,14.77,23.28,119.05,60.63,55.08,0.363,Moderate,No,Needs Attention
0,12,7,20.18,90.65,6.97,116.81,1,4,64.05,8,0.126,7.49,9.33,21.59,120.33,67.84,94.01,0.208,Moderate,No,Needs Attention
66,54,21,25.19,60.2,5.92,72.12,3,3,39.27,8,1.184,7.97,10.13,23.42,53.57,27.07,78.35,0.573,Moderate,No,Average
88,35,40,23.58,83.59,5.85,291.3,0,6,66.27,8,1.16,8.31,13.22,25.64,38.53,38.74,61.48,0.634,Low,No,Average
0.12,0.05,0.04,0.29,0.23,-0.08,-0.16,0,2,5,8,0.238,10.82,5.83,1.94,130.29,77.83,101.76,0.151,High,Yes,Needs Attention
0.53,-0.01,-0.07,0.16,-0.29,-0.5,-0.09,-0.26,7,5,8,0.319,9.67,12.88,0.01,117.31,81.48,103.03,0.151,High,Yes,Needs Attention
0.11,0.06,0.04,0.2,0.1,-0.11,-0.07,-0.18,2,5,8,0.225,9.51,8.98,1.54,124.06,83.57,92.33,0.151,High,Yes,Needs Attention
0.1,-0.04,0.08,0.07,0.3,-0.25,-0.15,0.21,2,5,8,0.316,10.27,15.42,1.18,121.5,83.78,95.41,0.15,High,Yes,Needs Attention
-0.18,0.59,-0.12,0.05,0.12,-0.02,0.17,0.07,5,5,8,0.102,9.49,14.19,4.2,121.84,73.09,102.34,0.151,High,Yes,Needs Attention
0.03,0.59,-0.02,-0.27,-0.15,0.04,0.07,-0.17,8,5,8,0.395,9.41,13.66,-0.36,121.21,73.5,100.87,0.152,High,Yes,Needs Attention
-0.01,0.2,-0.28,-0.31,-0.08,-0.21,-0.39,0.17,5,5,8,0.286,10.79,5.57,1.69,118.34,82.14,104.19,0.15,High,Yes,Needs Attention
-0.35,0.24,0.19,-0.06,-0.11,0.29,0.02,0.04,9,5,8,0.217,11.01,11.59,-0.2,102.43,76.77,93.63,0.15,High,Yes,Needs Attention
0.07,0.07,0.2,0.1,0.1,0.07,0.07,-0.02,8,5,8,0.316,10.83,7.29,0.76,127.6,83.51,97.9,0.151,High,Yes,Needs Attention
85,25,47,26.11,87.64,6.3,58.48,2,5,53.55,8,1.049,7.39,11.85,28.03,31.53,48.48,51.81,0.614,Moderate,No,Average
75,54,36,26.29,84.57,7.02,257.49,0,6,68.96,8,1.167,5.5,2.74,27.47,43.79,25.61,64.67,0.643,Low,No,Average
0.37,-0.1,-0.1,-0.06,-0.36,0.09,-0.05,0.31,7,5,8,0.317,9.61,5.84,1.43,118.53,79.96,100.24,0.15,High,Yes,Needs Attention
120,23,55,27.84,91.61,6.73,26.48,3,8,49.38,8,1.239,6.7,16.76,29.84,0,58.92,46.88,0.734,High,Yes,Needs Attention
53,65,76,20.19,16.42,6.72,77.34,1,7,18.53,8,1.409,9.21,13.48,20.95,68.2,10.88,23.54,0.731,High,Yes,Needs Attention
0.07,0.28,0.15,0.17,-0.01,-0.09,-0.02,-0.15,2,5,8,0.246,9.08,10.58,3,119.71,71.85,105.34,0.152,High,Yes,Needs Attention
0.87,0.39,-0.41,-0.46,-0.39,-0.18,-0.08,-0.12,1,5,8,0.363,9.74,8.37,0.58,115.55,80.3,107.17,0.153,High,Yes,Needs Attention
117,25,53,29.12,92.13,6.41,24.52,3,8,53.96,8,1.243,6.41,7.66,30.47,3.75,57.11,42.53,0.725,High,Yes,Needs Attention
-0.14,0.18,-0.39,-0.06,0.09,-0.39,-0.33,0.07,5,5,8,0.327,8.47,12.8,1.98,119.97,83.85,100.57,0.149,High,Yes,Needs Attention
0.42,-0.01,0.18,-0.54,0.4,-0.14,-0.66,0,0,5,8,0.159,10.96,10.63,1.3,124.22,78.58,103.01,0.152,High,Yes,Needs Attention
0.11,-0.12,0.15,0.05,0.1,0.06,0.07,-0.22,6,5,8,0.165,8.78,18.19,2.52,113.19,83.22,102.19,0.15,High,Yes,Needs Attention
0.54,-0.19,0.31,0.12,-0.01,-0.27,0,0.05,7,5,8,0.106,9.75,11.26,2.1,115.43,82.13,98.06,0.152,High,Yes,Needs Attention
-0.02,-0.38,0.82,-0.1,0.12,0.17,0.59,0.15,6,5,8,0.115,10.7,12.23,2.1,123.65,85.67,100.2,0.151,High,Yes,Needs Attention
86,55,21,21.54,59.64,6.8,109.75,3,3,43.48,8,1.204,9.17,6.45,22.55,30.8,24.78,72.67,0.634,Moderate,No,Average
0.28,-0.04,0.04,0.13,0.04,0.06,0.01,0.18,7,5,8,0.113,10.54,10.56,0.03,115.2,73.12,99.88,0.151,High,Yes,Needs Attention
5,21,38,22.43,90.34,6.11,112.46,3,2,59.68,8,0.643,7.79,12.71,21.79,112.05,58.73,56.16,0.342,Moderate,No,Needs Attention
31,26,9,11.7,93.26,7.57,103.2,1,4,58.64,8,0.543,8.14,10.51,10.69,88.5,54.35,93.03,0.348,Moderate,No,Needs Attention
0.24,-0.12,0.05,0.32,0.37,-0.14,0.13,-0.08,9,5,8,0.104,11.11,10.06,4.46,119.27,82.19,95.49,0.15,High,Yes,Needs Attention
0.33,-0.14,0.26,0.13,-0.03,0.12,0.06,-0.19,9,5,8,0.16,10.18,13.31,-1.69,118.62,74.01,100.39,0.151,High,Yes,Needs Attention
-0.03,0.55,-0.17,-0.15,0.42,-0.22,-0.3,0.64,9,5,8,0.229,7.9,18.06,3.14,114.89,78.2,101.45,0.151,High,Yes,Needs Attention
0,0.07,0.02,-0.46,0.32,-0.09,-0.33,-0.13,5,5.53,8,0.178,9.21,12.58,-0.19,123.87,83.4,100.28,0.15,High,Yes,Needs Attention
31,26,9,11.7,93.26,7.57,103.2,1,4,63.49,8,0.599,8.11,16.58,14.98,95.63,53.58,88.47,0.348,Moderate,No,Needs Attention
85,9,53,28.21,92.87,6.45,28.79,3,8,53.05,8,1.138,6.8,14.49,26.41,25.45,69.78,46.16,0.582,High,Yes,Needs Attention
13,23,6,23.96,90.26,7.37,102.7,1,4,58.92,8,0.539,9.11,16.34,25.11,99.23,64.63,98.72,0.277,Moderate,No,Needs Attention
-0.18,-0.05,-0.48,-0.2,-0.72,-0.25,0.29,0.54,4,5,8,0.171,9.7,9.56,3.48,125.19,75.77,98.78,0.148,High,Yes,Needs Attention
36,29,13,20.68,90.92,7.83,109.75,1,4,59.15,8,0.584,7.56,11.17,23.25,91.85,55.93,87.09,0.384,Moderate,No,Needs Attention
39,76,76,19.97,15.57,6.14,69.16,1,7,14.49,8,1.352,10.49,11.19,20.96,70.35,8.08,21.77,0.725,High,Yes,Needs Attention
0.2,0.09,0.18,0.13,0.11,-0.34,0.05,0.14,6,5,8,0.24,9.56,14.19,-1.28,123.88,79.01,103.9,0.151,High,Yes,Needs Attention
0.59,0.22,0.2,-0.07,-0.06,-0.63,0.17,0.16,1,5,8,0.1,9.93,15.17,-0.55,127.6,79.65,100.11,0.153,High,Yes,Needs Attention
0.34,0.32,-0.03,-0.07,0,-0.04,0.15,0,1,5,8,0.133,10.65,12.5,3.51,115.35,79.53,96.97,0.152,High,Yes,Needs Attention
49,69,82,18.32,15.36,6.26,81.79,1,7,13.75,8,1.342,7.89,15.51,19.3,78.9,11.73,18.03,0.75,High,Yes,Needs Attention
79,59,17,20.38,63.74,6.64,108.51,3,3,45.64,8,1.113,7.87,9.75,21.77,40.11,18.62,82.04,0.615,Moderate,No,Average
0.08,0.02,0.05,-0.07,0.07,0.14,0.02,-0.22,8,5,8,0.14,10.58,15.54,1.86,121.49,78.27,105.52,0.15,High,Yes,Needs Attention
-0.3,0.06,-0.32,0.13,0.11,0.15,-0.09,0.62,9,5,8,0.253,9.81,16.06,-0.32,116.7,78.52,100.14,0.148,High,Yes,Needs Attention
0.18,-0.19,-0.3,-0.06,-0.51,-0.52,-0.1,0.41,5,5,8,0.1,11.23,14.71,2.05,124.83,78.9,94.77,0.149,High,Yes,Needs Attention
-0.29,0.04,0.26,0.19,0.06,-0.05,0.15,-0.17,6,5,8,0.1,8.17,12.54,1.06,124.46,78.72,101.73,0.15,High,Yes,Needs Attention
22,56,17,29.88,87.33,6.89,44.75,1,9,53.88,8,0.743,5.88,14.85,31.82,106.62,15.04,90.14,0.439,High,Yes,Needs Attention
-0.12,-0.22,-0.16,-0.24,-0.27,0.38,0.37,-0.11,4,5,8,0.183,10.53,8.42,0.39,127.32,80.61,104.95,0.148,High,Yes,Needs Attention
39,25,36,18.9,95,5.57,107.61,3,2,57.15,8,0.684,8.24,12.79,18.04,80.95,52.89,59.59,0.448,Moderate,No,Average
8,45,18,27.93,85.42,7.01,43.25,1,9,54.77,8,0.577,7.42,13.2,28.79,127.54,27.53,80.93,0.367,High,Yes,Needs Attention
14,67,22,23.83,24.75,5.62,84.64,0,0,18.88,8,0.786,9.53,6.68,26.29,112.75,11.6,77.88,0.465,High,Yes,Needs Attention
69,37,42,23.06,83.37,7.07,251.05,0,6,60.97,8,1.057,8.41,13.9,25.15,53.7,41.48,57.93,0.59,Low,No,Average
0.4,0,-0.13,-0.66,0,-0.37,0.11,0.07,1,5,8,0.214,8.94,7,0.89,114.61,85.1,101.65,0.151,High,Yes,Needs Attention
0.01,0.28,0.03,0.07,0.25,0.38,-0.42,-0.16,9,5,8,0.149,9.04,10.29,2.92,112.34,77.56,98.59,0.151,High,Yes,Needs Attention
120,25,50,28.05,94.82,6.33,21.85,3,8,54.06,8,1.488,7.57,12.16,29.24,0,57.67,46.34,0.725,High,Yes,Needs Attention
1.15,0.38,-0.57,-0.44,-0.82,-0.63,0.14,-0.01,1,5,8,0.245,10.67,9.08,1.14,114.18,85.15,104.38,0.153,High,Yes,Needs Attention
0.24,0.91,0.39,0.66,0.32,0.02,-0.22,-0.23,2,5,8,0.145,8.58,12.33,1.44,126.65,76.58,95.12,0.155,High,Yes,Needs Attention
99,55,35,21.72,80.24,6.5,277.96,0,6,68.23,8,1.342,7.55,12.27,24.65,23.44,24.81,61.79,0.714,Low,No,Average
-0.55,-0.66,-0.75,0.01,-0.06,0.07,0.42,0.14,4,5,8,0.198,9.51,8.72,1.95,117.48,87.57,96.23,0.144,High,Yes,Needs Attention
0.72,0.12,0.13,0.4,-0.04,0.08,-0.19,0.05,9,5,8,0.303,10.17,14.27,1.06,118.6,80.8,102.32,0.153,High,Yes,Needs Attention
80,26,55,24.53,88.99,6.14,49.12,2,5,54.1,8,1.118,7.52,8.94,23.8,38.71,55.49,45.43,0.626,High,Yes,Needs Attention
68,41,16,21.78,57.81,6.16,102.09,3,3,41.81,8,1.011,7.76,21.15,24.94,56,37.37,87.53,0.524,Moderate,No,Average
0.26,-0.03,-0.1,0.13,-0.24,0.34,-0.22,0.25,8,5,8,0.204,11,11.56,0.51,115.35,82.78,96.96,0.15,High,Yes,Needs Attention
0.3,-0.23,-0.26,-0.37,0.09,-0.11,0.07,0.15,8,5,8,0.318,9.21,7.31,1.24,121.45,80.07,95.25,0.149,High,Yes,Needs Attention
0.31,0.16,-0.1,0.19,0.09,-0.35,-0.41,0,2,5,8,0.305,9.46,8.06,5.22,121.19,72.51,98.32,0.151,High,Yes,Needs Attention
-0.43,-0.18,-0.21,-0.33,-0.03,0.07,0.2,-0.13,3,5,8,0.211,8.16,16.59,2.37,116.19,78.76,99.48,0.148,High,Yes,Needs Attention
83,41,43,21.05,82.68,6.25,233.11,0,6,64.11,8,1.181,6.97,10.36,24.97,44.94,34.27,57.84,0.647,Moderate,No,Average
0.16,0.2,0.12,0.31,0.14,-0.12,-0.11,-0.09,2,5,8,0.243,10.26,6.54,1,118.36,80.25,93.15,0.151,High,Yes,Needs Attention
27,76,83,19.13,14.92,6.29,89.62,1,7,18.94,8,1.302,9.7,15.41,22.24,88.04,0.33,18.91,0.71,High,Yes,Needs Attention
43,66,79,19.46,15.23,7.98,74.59,1,7,14.95,8,1.462,9.97,10.34,21,81.26,15.91,17.42,0.714,High,Yes,Needs Attention
0.51,0.3,0.07,0.01,0.43,0.06,-0.13,0,2,5,8,0.212,10.29,14.61,2.06,119.76,79.88,97.34,0.153,High,Yes,Needs Attention
-0.06,-0.25,0.14,0.09,0.22,-0.36,-0.13,-0.04,2,5,8,0.167,11.83,15.74,4.62,122.1,75.26,104.55,0.149,High,Yes,Needs Attention
0.13,-0.16,-0.01,-0.18,-0.01,0.14,-0.15,-0.07,8,5,8,0.163,9,13.1,0.9,113.95,78.19,91.28,0.15,High,Yes,Needs Attention
0.26,0.09,0.21,-0.23,-0.02,0.18,-0.92,0.44,0,5,8,0.106,8.13,21.58,1.3,123.8,82.39,101.08,0.152,High,Yes,Needs Attention
86,36,24,26.55,72.89,5.79,73.34,3,3,48.92,8,1.121,6.88,5.1,26.7,44.86,48.59,77.27,0.584,Moderate,No,Average
87,54,20,25.62,63.47,6.58,108.83,3,3,41.94,8,1.1,7.46,8.73,28.45,26.69,22.39,76.72,0.631,Moderate,No,Average
0,27,38,22.45,89.9,6.74,109.39,3,2,60.61,8,0.678,6.53,10.98,23.11,121.77,48.61,60.21,0.346,Moderate,No,Needs Attention
1.29,-0.13,-0.01,0.06,-0.52,0,-0.3,0.43,7,5,8,0.103,9.86,21.04,3.09,114.78,87.93,104.89,0.153,High,Yes,Needs Attention
6,62,22,20.53,18.09,5.82,120.45,0,0,16.72,8,0.75,10.55,19.19,19.56,127.45,17.96,85.85,0.426,High,Yes,Needs Attention
-0.1,0.1,-0.34,-0.14,-0.12,0.15,0.24,0.02,4,5,8,0.29,11.29,17.15,2.18,126.3,80.27,104.6,0.149,High,Yes,Needs Attention
0.26,0.33,-0.18,-0.15,-0.07,-0.16,0.02,0.09,5,5,8,0.1,10.26,8.82,0.38,121.15,76.71,107.72,0.151,High,Yes,Needs Attention
0.52,-0.01,-0.14,0.12,0.48,0.01,0.08,-0.2,9,5,8,0.364,11.88,9.29,2.72,113.34,80.87,97.37,0.151,High,Yes,Needs Attention
76,44,17,20.42,62.55,5.86,65.28,3,3,37.34,8,0.988,7.83,8.69,21.9,39.07,42.86,76.68,0.559,Moderate,No,Average
0.37,0.22,0.3,-0.31,-0.04,-0.13,0.22,0.19,1,5,8,0.217,8.12,8.87,0.39,123.36,80.8,99.49,0.153,High,Yes,Needs Attention
0.64,0.23,-0.13,-0.18,-0.35,-0.26,-0.02,-0.21,1,5,8,0.25,10.81,17.97,0.74,112.55,84.03,103.35,0.152,High,Yes,Needs Attention
0.07,-0.09,0.19,0.06,0.17,0.45,0.29,-0.09,6,5,8,0.259,7.91,11.02,0.28,113.27,80.21,92.39,0.15,High,Yes,Needs Attention
60,55,45,21.41,83.33,5.94,287.58,0,6,65.97,8,1.182,6.91,11.55,24.17,60.04,20.9,51.29,0.629,Low,No,Average
4,13,6,15.63,94.26,7.56,101.47,1,4,61.27,8,0.418,7.91,15.1,15.56,116.67,64.27,90.74,0.22,Moderate,No,Needs Attention
-0.04,0.03,0.14,0.16,0.18,0.1,0.07,-0.35,3,5,6.92,0.242,9.64,5.35,1.26,121.94,75.5,101.29,0.13,High,Yes,Needs Attention
0.1,-0.11,-0.07,-0.19,-0.08,-0.19,0.23,0.1,1,5,8,0.34,9.56,12.21,1.83,117.7,80.98,100.98,0.15,High,Yes,Needs Attention
22,64,82,19.49,17.17,6.47,87.51,1,7,16.77,8,1.25,8.14,7.61,23.41,102.6,20.9,14.9,0.655,High,Yes,Needs Attention
76,44,17,20.42,62.55,5.86,65.28,3,3,46.96,8,1.179,8.18,10.82,21.91,39.69,36.64,83.72,0.559,Moderate,No,Average
34,60,23,20.13,24.97,5.66,100.05,0,0,17.61,8,0.974,10.13,9.65,21.27,89.13,18.77,72.42,0.504,High,Yes,Needs Attention
84,29,49,29.94,93.91,6.25,20.39,3,8,57.7,8,1.028,7.42,9.45,31.85,37.07,47.84,49.29,0.63,High,Yes,Needs Attention
0.49,-0.03,-0.02,-0.08,-0.36,0.04,-0.34,0.28,0,5,8,0.412,8.93,12.9,-1.69,122.51,81.45,94.96,0.151,High,Yes,Needs Attention
0.41,0.37,0.19,-0.44,0.62,-0.42,-0.17,-0.34,2,5,7.03,0.16,8.49,12.88,-0.74,125.5,74.68,99.21,0.135,High,Yes,Needs Attention
-0.18,0.16,-0.11,-0.03,-0.13,-0.15,0.12,0.23,5,5,8,0.319,8.94,11.12,0.91,117.9,75.3,96.91,0.15,High,Yes,Needs Attention
0.05,-0.39,-0.12,0.15,-0.18,-0.15,0.2,-0.02,6,5,8,0.199,10.15,13.48,0.58,116.64,83.99,102.88,0.149,High,Yes,Needs Attention
13,72,21,24.32,21.03,5.82,60.28,0,0,15.93,8,0.921,9.57,8.53,23.42,98.56,6.89,78.9,0.475,High,Yes,Needs Attention
0.34,0.52,0.05,-0.15,-0.23,-0.69,0.5,0.37,1,5,8,0.15,8.96,14.73,2.64,109.56,78.29,99.04,0.153,High,Yes,Needs Attention
19,78,16,20.65,23.11,5.97,67.72,0,0,16.76,8,0.928,6.96,11.18,22.54,100.12,1.32,91.07,0.496,High,Yes,Needs Attention
0.1,0.06,0.11,-0.05,0.01,-0.09,0.03,0.04,8,5,8,0.181,10.17,10.07,1.66,119.36,82.84,101.42,0.151,High,Yes,Needs Attention
114,30,51,29.25,90.07,6.07,25.93,3,8,49.68,8,1.496,6.6,8.82,29.71,0.57,50.66,47.53,0.726,High,Yes,Needs Attention
0.36,0.13,-0.03,0.1,0.11,-0.28,-0.42,-0.21,2,5,8,0.238,10.44,11.03,1.72,115.28,76.9,97.7,0.151,High,Yes,Needs Attention
64,35,23,23.02,61.89,5.68,63.04,3,3,35.87,8,1.007,7.45,19.48,25.29,63.62,42.17,72.28,0.514,Moderate,No,Average
0.16,0.02,-0.31,-0.11,-0.13,-0.22,-0.24,0.18,5,5,8,0.1,8.77,11.75,0.99,124.22,79.2,100.05,0.15,High,Yes,Needs Attention
0.13,-0.08,0.04,-0.15,0,-0.25,-0.38,-0.04,0,5,8,0.194,9.9,7.42,2.02,113.56,81.29,101.19,0.15,High,Yes,Needs Attention
0.05,-0.07,0.31,0.07,0.54,0.39,-0.24,-0.3,3,5,6.9,0.235,12,15.68,0.38,117.74,79.93,92.03,0.13,High,Yes,Needs Attention
0,5,36,24.35,90.89,6.15,105.53,3,2,57.84,8,0.464,8.23,10.11,26,122.03,74.5,58.54,0.272,Moderate,No,Needs Attention
25,70,16,19.63,18.91,5.76,106.36,0,0,15.57,8,0.943,9.41,13.14,22.84,91.87,10.19,81.94,0.489,High,Yes,Needs Attention
0.03,-0.11,0.11,-0.17,0.04,0.28,-0.16,-0.09,8,5,8,0.171,10.11,9.58,3.18,115.93,79.97,95.5,0.15,High,Yes,Needs Attention
30,7,15,33.23,91.06,7.83,115.77,1,4,54.57,8,0.516,5.72,17.12,36.72,88.31,69.88,85.17,0.303,Moderate,No,Needs Attention
99,12,52,28.7,94.31,6,22.22,3,8,50.91,8,1.272,6.27,9.64,30.63,26.45,72.43,48.73,0.629,High,Yes,Needs Attention
44,58,18,28.04,65.07,6.81,72.5,3,1,42.27,8,0.738,5.61,17.59,29.59,81.91,20.07,81.51,0.513,Moderate,No,Average
0.2,-0.08,0.46,0.02,0.07,0.19,-0.04,-0.26,8,5,7.4,0.251,11.48,7.8,0.85,116.12,80.6,101.74,0.14,High,Yes,Needs Attention
92,21,48,25.82,82.04,6.38,54.83,2,5,57.94,8,1.139,9.23,10.83,24.61,30.3,50.76,49.66,0.625,Moderate,No,Average
0.48,0.3,-0.22,0.19,0.08,-0.02,-0.04,-0.08,2,5,8,0.13,10.14,17.6,-0.33,119.49,78.84,100.04,0.152,High,Yes,Needs Attention
0.41,0.06,-0.1,-0.32,-0.05,-0.37,0.13,0.16,1,5,8,0.229,9.89,12.67,0.93,114.55,75.54,96.09,0.151,High,Yes,Needs Attention
0.92,0.17,-0.21,-0.43,-0.43,0.06,0.29,0.15,1,5,8,0.303,8.21,21.09,0.91,117.59,75.91,101.35,0.153,High,Yes,Needs Attention
0.56,-0.02,-0.29,0.01,-0.24,-1.18,0.36,0.51,1,5,8,0.285,9.54,10.92,3.63,113.12,89.71,100.59,0.151,High,Yes,Needs Attention
42,74,83,19.26,14.28,7.55,65.78,1,7,14.41,8,1.383,11.19,13.03,22.73,83.82,7,12.21,0.748,High,Yes,Needs Attention
0.39,-0.33,0.37,-0.32,0.39,0,0.46,-0.5,6,5,4.36,0.273,9.87,19.62,0.15,127.37,85.23,99.01,0.083,High,Yes,Needs Attention
0.06,0.15,-0.43,-0.03,0.09,-0.01,0.3,-0.36,5,5,6.81,0.268,9.18,5.94,2.7,117.89,83.27,100.28,0.127,High,Yes,Needs Attention
0.19,0.19,-0.19,-0.04,0.2,-0.08,-0.05,-0.08,2,5,8,0.194,7.99,5.45,0.74,116.56,83.74,101.31,0.151,High,Yes,Needs Attention
3,67,24,17,19.91,5.52,103.29,0,0,15.02,8,0.709,10.63,8.82,19.52,122.27,12.2,77.27,0.439,High,Yes,Needs Attention
0.14,-0.09,0.06,0.1,-0.08,0.13,0.3,0,3,5,8,0.15,9.68,15.25,2.81,125.94,86.52,97.06,0.15,High,Yes,Needs Attention
24,21,42,20.82,87.23,7,109.44,3,2,58.69,8,0.789,5.81,5.56,24.18,90.43,62.39,61.05,0.409,Moderate,No,Average
106,20,51,29.73,90.97,6.34,20.49,3,8,50.84,8,1.259,6.55,14.39,30.49,13.26,60.17,51.09,0.672,High,Yes,Needs Attention
0.2,-0.64,-0.62,-0.3,-0.53,0.32,-0.04,0.21,4,5,8,0.11,8.49,14.11,2.72,119.51,81.69,97.72,0.147,High,Yes,Needs Attention
37,24,13,19.14,90.71,7.85,108.02,1,4,58.56,8,0.509,7.35,20.06,17.83,79.15,55.45,82.43,0.371,Moderate,No,Needs Attention
61,44,17,26.1,71.57,6.93,102.27,3,3,49.93,8,0.999,8.17,16.18,29.54,60.93,36.21,80.41,0.515,Moderate,No,Average
-0.05,0.22,-0.21,0.15,0.76,-0.12,-0.26,0.53,9,5,8,0.156,9.23,13.46,1.61,116.55,79.61,94.32,0.15,High,Yes,Needs Attention
-0.16,0.3,-0.06,0.02,0.61,-0.02,0.23,0.29,9,5,8,0.227,10.51,17.44,1.51,117.46,81.23,100.89,0.15,High,Yes,Needs Attention
53,73,77,19.71,18.1,7.33,73.64,1,7,19.53,8,1.517,9.38,14.16,18.15,66.49,13.96,27.73,0.759,High,Yes,Needs Attention
-0.04,0.25,-0.03,-0.06,-0.04,-0.01,0.17,0.03,8,5,8,0.1,10.81,10.16,0.86,112.59,74.93,105.72,0.151,High,Yes,Needs Attention
97,8,52,24.91,86.97,6.24,49.49,2,5,53.28,8,1.138,7.22,7.42,28.44,12.72,76.57,43.64,0.611,High,Yes,Needs Attention
0.73,0.24,-0.25,-0.49,-0.77,-0.06,0.2,0.06,1,5,8,0.191,12,9.72,0.37,123.86,78.29,103.4,0.152,High,Yes,Needs Attention
20,40,15,29.57,88.08,7.2,45.04,1,9,55.77,8,0.68,6.98,11.84,32.14,96.3,45.08,85.34,0.377,High,Yes,Needs Attention
0.44,0.11,-0.01,-0.41,0.16,0.18,-0.3,0.19,0,5,8,0.302,8.84,12.7,1.14,130.23,78.56,90.43,0.152,High,Yes,Needs Attention
120,8,46,29.56,90.71,6.73,28.37,3,8,54,8,1.138,6.46,3.46,32.65,9.86,73.65,52.67,0.66,High,Yes,Needs Attention
-0.15,-0.01,0.23,-0.13,0.2,0.41,0.5,0.28,6,5,8,0.246,9.53,11.12,1.66,117.62,79.37,98,0.15,High,Yes,Needs Attention
-0.25,0.09,0.32,-0.02,0.21,0.33,-0.08,-0.42,6,5,6.11,0.283,8.03,12.11,0.08,131.95,72.99,104.52,0.115,High,Yes,Needs Attention
0.12,0.16,0.38,0.16,0.3,-0.08,-0.78,0.03,0,5,8,0.189,10.04,14.19,1.74,124.57,86.8,96.14,0.152,High,Yes,Needs Attention
74,55,19,18.05,62.89,6.29,84.24,3,3,43.43,8,1.077,6.27,18.51,21.95,42.77,21.23,83.25,0.594,Moderate,No,Average
0.33,-0.06,-0.23,-0.47,-0.13,-0.14,0.16,-0.02,1,5,8,0.234,9.91,12.74,1.78,106.76,80.4,99.8,0.15,High,Yes,Needs Attention
17,64,17,21.02,24.94,5.66,124.61,0,0,21.3,8,0.816,7.78,8.36,22.35,106.44,11.79,77.22,0.45,High,Yes,Needs Attention
-0.19,0.25,-0.19,0.42,-0.37,-0.23,0.11,0.59,5,5,8,0.246,9.38,4.73,5.3,120.35,74.4,97.98,0.15,High,Yes,Needs Attention
0.08,-0.14,-0.16,0.16,-0.03,-0.08,-0.3,0.02,3,5,8,0.244,10.36,14.75,3.4,122.08,79.32,106.29,0.149,High,Yes,Needs Attention
0.53,0.4,-0.09,-0.28,-0.13,-0.44,0.36,0.02,1,5,8,0.126,12,8.52,2.45,118.33,77.23,99.4,0.153,High,Yes,Needs Attention
0.17,0.27,0.25,0.48,0.34,-0.36,-0.18,-0.21,2,5,8,0.283,8.66,15.47,2.46,114.11,75.05,103.37,0.152,High,Yes,Needs Attention
-0.16,0.24,-0.15,-0.04,0.08,0.11,0.09,0.33,9,5,8,0.293,9.6,17.59,2.56,118.02,79.62,103.55,0.15,High,Yes,Needs Attention
60,68,83,19.12,18.43,6.62,85.53,1,7,16.26,8,1.481,8.57,5.82,21.76,63.53,6.07,15.21,0.782,High,Yes,Needs Attention
77,52,17,24.86,65.74,5.71,75.82,3,3,42.53,8,0.956,7.24,14.22,23.09,41.23,28.5,77.87,0.587,Moderate,No,Average
117,24,53,29.17,92.21,6.29,21.3,3,8,52.66,8,1.355,6.73,17.17,31.26,1.2,55.49,42.39,0.722,High,Yes,Needs Attention
0.04,-0.16,0.02,0.02,-0.33,0,-0.13,-0.15,7,5,8,0.215,10.58,16.08,1.28,112.36,70.24,105.79,0.15,High,Yes,Needs Attention
60,61,78,20.71,19.84,6.32,94.04,1,7,17.35,8,1.302,8.77,3.61,21.46,60.46,16.91,22.61,0.745,High,Yes,Needs Attention
-0.03,-0.49,0.19,-0.07,-0.1,-0.11,0.3,-0.05,9,5,8,0.169,12,8.59,1.14,114.47,82.36,92.87,0.149,High,Yes,Needs Attention
19,7,10,14.78,91.22,6.12,100.2,1,4,55.22,8,0.303,7.89,6.88,13.95,105.59,68.75,93.34,0.257,Moderate,No,Needs Attention
0.17,0.22,0.25,0.26,0.1,-0.29,0.23,-0.49,3,5,4.44,0.252,8.74,14.09,-0.95,116.16,81.83,92.6,0.085,High,Yes,Needs Attention
0.12,-0.2,-0.01,-0.23,0.11,0.01,-0.14,0.13,0,5,8,0.213,9.38,13.65,3.14,118.4,81.93,96.71,0.15,High,Yes,Needs Attention
0.39,0.77,0.11,0.46,0.01,-0.28,-0.17,-0.16,2,5,8,0.1,8.95,1.21,2.65,130.43,75.16,100.22,0.154,High,Yes,Needs Attention
23,59,25,27.83,88.73,6.32,56.69,1,9,52.63,8,0.87,8.33,10.8,25.71,95.47,20.95,85.08,0.475,Moderate,No,Average
0.17,0.21,0.01,-0.09,0,-0.16,-0.28,-0.08,2,5,8,0.198,8.11,15.2,0.55,117.63,83.09,103.25,0.151,High,Yes,Needs Attention
-0.23,-0.38,0.04,-0.03,-0.81,-0.13,0.3,-0.28,4,5,7.73,0.238,8.43,12.59,2.79,123.16,76.87,98.03,0.143,High,Yes,Needs Attention
-0.13,-0.25,-0.52,-0.15,-0.12,0.18,0.21,-0.09,4,5.26,8,0.163,9.16,12.59,0.93,111.2,79.43,100.63,0.147,High,Yes,Needs Attention
89,60,17,25.38,57.21,5.98,101.7,3,3,39.31,8,1.132,9,10.54,28.75,37.25,24.6,86.68,0.647,Moderate,No,Average
92,44,16,18.88,65.77,6.08,94.76,3,3,43.02,8,1.05,9.34,7.76,21.95,32.97,32.57,89.69,0.603,Moderate,No,Average
-0.12,0.07,-0.17,0.32,0.01,-0.24,0.47,0.25,6,5,8,0.156,11.13,11.93,-0.22,122.74,81.77,99.18,0.149,High,Yes,Needs Attention
107,22,54,28,90.85,6.63,21.62,3,8,49.01,8,1.3,8.01,12.21,29.29,0,53.68,45.13,0.69,High,Yes,Needs Attention
104,25,55,29.81,90.37,6.12,22.69,3,8,50.73,8,1.316,7.41,14.46,30.64,14.7,54.36,41.68,0.693,High,Yes,Needs Attention
0.44,0.44,-0.52,0.1,-0.11,0.01,-0.33,0.48,2,5,8,0.187,10.55,14.79,-0.48,113.2,81.35,103.18,0.151,High,Yes,Needs Attention
0.95,-0.07,0.37,-0.1,-0.18,0.13,-0.34,0.01,7,5,8,0.174,8.61,12.34,-0.78,124.67,70.45,103.73,0.154,High,Yes,Needs Attention
85,37,39,24.53,82.74,6.36,224.68,0,6,62.99,8,1.138,5.84,16.38,24.82,40.26,40.86,53.25,0.628,Moderate,No,Average
49,76,18,27.05,67.7,7.39,60.47,3,1,45.94,8,1.259,8.49,10.5,27.59,72.94,5.72,80.41,0.583,Moderate,No,Average
0.43,0.12,0.16,-0.27,0.37,-0.12,-0.45,0.25,0,5,8,0.143,8.74,6.22,1.65,113.55,80.78,94.99,0.152,High,Yes,Needs Attention
29,68,23,24.16,19.28,5.83,116.73,0,0,20.05,8,0.875,9.2,13.91,27.23,98.47,9.91,77.6,0.515,High,Yes,Needs Attention
-0.14,-0.08,0.21,-0.18,0.24,0.33,0.27,0.2,6,5,8,0.463,9.86,12.51,2.09,118.83,75.66,94.84,0.15,High,Yes,Needs Attention
-0.26,-0.34,-0.24,0,-0.03,-0.01,-0.09,-0.17,3,5,8,0.229,10,13.99,2.63,129.29,82.85,94.96,0.147,High,Yes,Needs Attention
0.68,-0.12,0.3,-0.15,-0.16,-0.16,-0.25,0.33,7,5.05,8,0.1,10.69,6.94,0.95,120.65,78.83,104.19,0.152,High,Yes,Needs Attention
0.22,0.4,-0.24,-0.34,-0.24,-0.15,0.39,0.18,1,5,8,0.27,10.59,19.16,2.06,122.31,81.78,99.58,0.151,High,Yes,Needs Attention
0.05,-0.07,0.17,0.19,0.04,-0.09,0.36,0.17,6,5,8,0.128,9.94,14.84,1.47,117.65,81.59,99.59,0.15,High,Yes,Needs Attention
-0.43,-0.29,0.06,-0.33,-0.14,-0.12,0.63,-0.15,3,5,8,0.269,9.31,10.85,0.51,127.46,78.5,101.67,0.148,High,Yes,Needs Attention
0.26,-0.24,-0.01,-0.34,-0.09,0.13,-0.16,-0.08,0,5,8,0.183,9.86,8.26,4.01,122.78,84.53,103.89,0.15,High,Yes,Needs Attention
0.29,0.2,-0.12,-0.09,-0.11,0.02,0.15,-0.04,1,5,8,0.167,9.16,16.31,-2.09,126.92,77.42,98.45,0.151,High,Yes,Needs Attention
8,54,20,28.33,80.77,7.03,38.8,1,9,48.95,8,0.821,7.53,7.59,27.02,112.89,30.76,78.41,0.401,High,Yes,Needs Attention
-0.15,-0.04,-0.27,-0.42,0.2,-0.64,0.54,-0.02,9,5,8,0.243,12,21.05,1.65,119.91,85.33,98.7,0.149,High,Yes,Needs Attention
0.07,0.04,0,-0.21,0.19,-0.13,0.09,-0.1,8,5,8,0.278,9.93,9.55,0.89,122.91,84.16,104.33,0.15,High,Yes,Needs Attention
-0.19,0.03,-0.11,0.03,-0.36,-0.16,-0.11,0.58,5,5,8,0.233,10.21,18.88,-0.63,127.4,79.25,99.84,0.149,High,Yes,Needs Attention
7,63,24,22.95,24.04,5.86,107.73,0,0,22.39,8,0.728,8.44,11.26,22.87,118.08,27.19,74.84,0.438,High,Yes,Needs Attention
-0.15,0.4,-0.72,0.08,0.07,0.38,0.21,-0.48,5,5,5.11,0.246,10.77,18.32,0.19,120.84,80.21,102.28,0.095,High,Yes,Needs Attention
41,69,82,20.02,16.63,6.72,68.98,1,7,15.48,8,1.449,10.09,9.06,22.86,69.71,11.96,25.33,0.726,High,Yes,Needs Attention
28,80,17,19.62,18.67,5.81,144.16,0,0,20.12,8,0.961,10.05,12.08,22.94,96.05,0,83.3,0.532,High,Yes,Needs Attention
-0.17,-0.08,-0.31,0.18,-0.11,-0.15,0.19,0,6,5,8,0.341,9.97,15.22,4.14,112.98,75.56,99.23,0.148,High,Yes,Needs Attention
80,16,46,25.5,81.4,6.94,48.48,2,5,48.98,8,1.12,8.75,14.65,24.62,40.18,69.18,61.77,0.569,High,Yes,Needs Attention
0.57,0.03,-0.14,-0.38,0.25,0.42,-0.45,0.29,0,5,8,0.22,11.02,16.4,-0.93,118.85,77.68,105.46,0.151,High,Yes,Needs Attention
0.17,-0.08,-0.31,0.41,0.91,-0.23,-0.11,0.9,9,5,8,0.219,10.01,10.05,-0.24,112.74,83.76,105.05,0.149,High,Yes,Needs Attention
0.11,-0.01,-0.42,0.32,-0.09,0.04,-0.16,-0.09,5,5,8,0.209,9.64,12.34,3.75,121.75,84.65,98.42,0.149,High,Yes,Needs Attention
0.32,0.31,0.71,0.12,0.48,-0.44,-0.05,-0.41,2,5,5.92,0.108,10.63,16.99,2.25,130.45,82.1,96.89,0.115,High,Yes,Needs Attention
43,66,79,19.46,15.23,7.98,74.59,1,7,10.78,8,1.321,8.47,9.18,21.08,75.44,11.23,13.66,0.714,High,Yes,Needs Attention
23,72,84,19.02,17.13,6.92,79.93,1,7,14.73,8,1.292,8.6,14.29,20.86,100.83,6.64,19.86,0.689,High,Yes,Needs Attention
0.23,0.04,-0.04,-0.22,-0.15,0.01,-0.03,0.31,8,5,8,0.168,9.7,11.12,1.19,131.55,69.25,100.35,0.151,High,Yes,Needs Attention
0.58,0.16,-0.13,-0.18,-0.08,-0.88,0.3,0.38,1,5,8,0.231,8.01,12.82,-0.36,123.73,79.37,92.93,0.152,High,Yes,Needs Attention
23,72,84,19.02,17.13,6.92,79.93,1,7,12.86,8,1.276,10.15,12.34,21.29,93.78,11.21,20.81,0.689,High,Yes,Needs Attention
0.61,0.1,0.22,0,-0.38,0.29,0.12,0.46,7,5,8,0.267,8.8,8.85,1.22,120.58,78.95,98.43,0.153,High,Yes,Needs Attention
26,27,10,28.07,92.91,6.08,114.13,1,4,67.6,8,0.631,6.96,10.96,27.77,96.4,50.64,89.14,0.34,Moderate,No,Needs Attention
99,38,21,22.88,71.6,6.35,67.73,3,3,50.2,8,1.161,7.75,12.58,25.24,28.17,40.81,72.95,0.619,Moderate,No,Average
0.26,0.32,-0.06,0.43,-0.06,0.34,-0.02,0.08,8,5,8,0.1,9.79,11.59,1.29,125.81,84.54,102.03,0.152,High,Yes,Needs Attention
87,54,20,25.62,63.47,6.58,108.83,3,3,42.52,8,1.309,7.82,18.29,27.46,19.15,25.78,82.01,0.631,Moderate,No,Average
0.32,0.22,0,-0.14,-0.11,-0.62,0.28,0.29,1,5,8,0.192,9.69,16.04,1.17,115.4,87.21,99.81,0.152,High,Yes,Needs Attention
0.13,-0.17,0.17,-0.15,-0.04,-0.15,0.2,-0.26,3,5,8,0.194,9.69,13.16,2.69,119.52,77.89,98.16,0.15,High,Yes,Needs Attention
0.03,0.13,-0.18,0.02,0.17,-0.52,0.54,-0.36,6,5,6.57,0.172,9.3,8.95,1.85,114.89,80.74,110.69,0.123,High,Yes,Needs Attention
94,39,18,23.89,57.49,5.89,102.83,3,3,36.85,8,1.067,7.54,8.7,24.06,7.5,39.27,77.19,0.599,Moderate,No,Average
31,76,82,20.82,17.85,7.6,79.21,1,7,15.9,8,1.458,10.39,19.9,22.8,85.37,12.3,15.11,0.719,High,Yes,Needs Attention
0.58,0.38,0.15,-0.23,-0.11,-0.14,0.24,-0.06,1,5,8,0.318,7.65,7.96,1.8,119.4,80.34,102.68,0.153,High,Yes,Needs Attention
0.33,0.48,0.33,-0.23,0.29,0.05,-0.6,0.05,0,5,8,0.242,9.54,12.46,2.04,117.04,88.03,95.61,0.153,High,Yes,Needs Attention
-0.56,-0.21,0.27,-0.03,-0.3,-0.2,0.51,0.14,9,5,8,0.188,9.29,13.44,3.02,115.58,78.53,95.38,0.149,High,Yes,Needs Attention
0.3,0.29,-0.28,0.2,0.14,-0.23,0.68,-0.07,6,5,8,0.251,10.17,10.75,0.78,119.91,85.82,104.81,0.151,High,Yes,Needs Attention
99,41,36,24.46,82.75,6.74,182.56,0,6,61.37,8,1.262,6.23,7.99,26.96,22.72,39.47,66.42,0.673,Moderate,No,Average
26,80,83,17.08,16.15,7.53,71.31,1,7,10.63,8,1.319,8.85,8.86,15.99,91.66,3.35,18.94,0.72,High,Yes,Needs Attention
60,55,44,23,82.32,7.84,263.96,0,6,68.96,8,1.181,7.59,9.81,24.32,66.86,20.12,56.73,0.626,Low,No,Average
0.36,0.11,0.21,0.01,-0.5,-0.11,-0.01,0.04,7,5,8,0.169,10.83,9.16,1.1,119.93,81.28,97.02,0.152,High,Yes,Needs Attention
0.14,0.09,0.6,0.3,-0.3,-0.53,-0.19,-0.17,2,5,8,0.225,10.09,17.31,3.97,115.5,75.63,98.39,0.152,High,Yes,Needs Attention
29,22,40,23.63,89.73,6.15,107.68,3,2,57.93,8,0.762,6.32,11.96,24.9,85.38,59.03,59.68,0.421,Moderate,No,Average
53,73,77,19.71,18.1,7.33,73.64,1,7,11.72,8,1.466,8.81,9.9,22.12,65.94,0.93,26.38,0.759,High,Yes,Needs Attention
37,23,12,31.53,90.51,6.4,113.12,1,4,57.88,8,0.582,8.37,12.43,30.39,88.57,56.62,89.7,0.365,Moderate,No,Needs Attention
27,69,22,17.92,24.91,5.93,69.15,0,0,20.33,8,0.965,7.93,14.67,18.89,88.88,15.38,74.29,0.509,High,Yes,Needs Attention
0.13,-0.07,0.17,-0.17,0.43,-0.06,-0.38,-0.32,2,5,6.97,0.129,9.66,10.62,0.06,122.85,82.26,102.99,0.131,High,Yes,Needs Attention
0.25,0.07,0.18,-0.07,0.01,0.22,0.14,0.23,6,5,8,0.157,9.74,15.61,5.14,120.22,74.99,93.11,0.151,High,Yes,Needs Attention
0.18,-0.27,-0.47,-0.12,-0.14,0.16,-0.06,0.56,4,5,8,0.154,9.37,6.92,0.38,129.79,72.68,99.19,0.148,High,Yes,Needs Attention
0.43,0.4,0,-0.15,-0.03,0.09,0.21,0.06,1,5,8,0.119,12,16.69,1.46,121.52,81.59,95.43,0.153,High,Yes,Needs Attention
0.27,0.05,-0.48,-0.54,0.26,-0.25,-0.04,0.15,9,5,8,0.28,9.33,11.96,1.15,116.24,86.27,97.05,0.15,High,Yes,Needs Attention
112,25,51,25.05,85.57,6.93,56.72,2,5,53.85,8,1.25,8.06,11.81,24.17,11.68,51.14,56.71,0.705,Moderate,No,Healthy
0.22,-0.15,-0.28,-0.07,-0.04,-0.28,-0.11,-0.25,5,5.77,8,0.143,8.98,9.23,0.64,123.63,88.54,94.4,0.149,High,Yes,Needs Attention
28,6,40,22.11,91.34,6.77,106.87,3,2,64.67,8,0.744,7.99,7.09,24.22,90.01,73.97,56.72,0.368,Moderate,No,Needs Attention
109,21,55,24.9,89.74,6.77,57.45,2,5,50.27,8,1.264,8.38,5.33,26.53,5.18,51.17,47.04,0.695,Moderate,No,Average
4,67,25,23.79,24.36,5.95,119.64,0,0,20.19,8,0.761,8.55,8.95,21.84,118.68,6.76,73.12,0.445,High,Yes,Needs Attention
0.25,-0.07,-0.16,-0.07,-0.29,-0.2,0,-0.2,6,5,8,0.119,9.7,14.35,0.58,120.07,83.15,100.78,0.15,High,Yes,Needs Attention
-0.13,-0.32,-0.43,-0.12,-0.34,-0.22,-0.1,0.08,5,5,8,0.261,8.86,8.15,2.91,112.55,80.84,106.15,0.147,High,Yes,Needs Attention
29,16,36,19.81,88.93,5.74,102.86,3,2,53.17,8,0.754,6.38,5.81,22.19,92.27,69.93,66.62,0.39,Moderate,No,Needs Attention
83,58,45,25.76,83.52,5.88,245.66,0,6,64.13,8,1.375,8.7,8.36,29.09,33.82,17.21,53.13,0.706,Moderate,No,Healthy
86,36,24,26.55,72.89,5.79,73.34,3,3,47.22,8,1.119,7.37,10.46,26.57,26.42,44.47,75.47,0.584,Moderate,No,Average
0.37,0.15,-0.19,0.08,0.44,-0.01,-0.26,-0.03,2,5,8,0.208,7.33,10.62,3.5,117.87,79.88,102.31,0.151,High,Yes,Needs Attention
0.66,0.31,-0.04,-0.2,-0.25,-0.17,0.35,0.12,1,5,8,0.164,11.52,11.48,1.23,125.75,79.12,102.58,0.153,High,Yes,Needs Attention
0.08,0.74,-0.47,0.12,0.14,0.3,-0.34,-0.34,5,5,6.79,0.137,8.94,16.13,4.01,125.96,77.73,100.55,0.128,High,Yes,Needs Attention
-0.14,-0.44,0,0.41,0.22,0.15,0.36,0.6,6,5,8,0.3,9.5,17,1.91,124.87,78.99,101.44,0.148,High,Yes,Needs Attention
12,20,10,24.45,93.11,6.53,109.47,1,4,57.33,8,0.513,9.06,20.02,22.88,109.35,60.7,91.45,0.277,Moderate,No,Needs Attention
27,56,20,19.26,20.51,5.54,94.95,0,0,25.72,8,0.763,9.1,5.5,22.03,95.98,25.21,79.63,0.463,High,Yes,Needs Attention
98,7,45,27.79,92.51,6.16,26.85,3,8,53.92,8,1.103,7.27,8.58,28.62,22.49,74.01,52.58,0.59,High,Yes,Needs Attention
0.34,0,-0.02,-0.01,-0.08,-0.17,-0.23,-0.03,7,5,8,0.178,8.52,14.79,0.93,114.13,84.82,102.99,0.151,High,Yes,Needs Attention
-0.07,-0.27,-0.07,0.03,-0.28,-0.29,-0.01,-0.09,4,5,8,0.107,8.12,10.18,-0.65,115.54,75.46,101.24,0.149,High,Yes,Needs Attention
-0.12,-0.11,-0.3,0.28,-0.17,-0.09,0.2,-0.14,4,5,8,0.211,9.59,15.44,4.21,117.08,72.86,91.98,0.148,High,Yes,Needs Attention
25,62,21,26.73,68.14,7.04,67.15,3,1,40.71,8,0.815,8.41,12.83,27.45,102.01,22.07,75.7,0.478,Moderate,No,Average
26,11,11,13.7,90.96,7.61,106.29,1,4,50.58,8,0.412,7.78,18.32,17.56,99.38,65.23,87.08,0.293,Moderate,No,Needs Attention
107,22,54,28,90.85,6.63,21.62,3,8,47.56,8,1.18,7,16.17,28.85,7.6,56.48,45.2,0.69,High,Yes,Needs Attention
0.05,0.06,0.51,-0.24,-0.12,0.17,-0.15,-0.05,3,5,8,0.1,9.77,16.24,-0.13,120.22,77.49,104.31,0.152,High,Yes,Needs Attention
0.25,0.04,-0.06,0.27,-0.04,-0.05,0.07,0.04,8,5,8,0.172,7.91,10.35,3.75,117.74,77.43,112.87,0.151,High,Yes,Needs Attention
36,43,21,28.36,84.86,7.14,52.93,1,9,47.32,8,0.793,8.09,11.61,29.75,83.22,31.17,69.16,0.451,Moderate,No,Average
-0.01,0.4,-0.34,0.03,0.65,-0.52,-0.25,-0.05,2,5,8,0.13,9.9,10.78,1.43,117.33,77.32,101.56,0.15,High,Yes,Needs Attention
-0.04,0.18,-0.2,-0.15,0.02,0.01,-0.04,0.1,9,5,8,0.252,11.72,5.98,-0.57,127.07,82.42,100.48,0.15,High,Yes,Needs Attention
0.33,-0.18,-0.17,-0.13,-0.15,0.25,-0.17,0.01,8,5,8,0.195,9.76,17.89,0.68,119.58,80.16,99.45,0.15,High,Yes,Needs Attention
84,51,35,22.3,80.64,6.04,197.98,0,6,61.42,8,1.266,6.79,14.98,24.44,37.08,31.02,67.17,0.657,Moderate,No,Average
98,8,51,26.18,86.52,6.26,49.43,2,5,53.89,8,1.127,7.54,10.62,25.73,23.12,70.02,49.6,0.611,High,Yes,Needs Attention
84,57,25,22.54,67.99,6.49,64.41,3,3,39.84,8,1.133,7.72,17.22,23.23,30.86,26.61,73.55,0.647,Moderate,No,Average
5,24,40,24.69,93.87,6.3,104.67,3,2,61.57,8,0.623,7.84,9.48,25.56,115.54,53.97,60.12,0.357,Moderate,No,Needs Attention
-0.04,0.19,0.05,0.01,-0.05,0.44,0.1,-0.15,8,5,8,0.1,9.78,4.65,1.61,125.35,71.38,102.18,0.151,High,Yes,Needs Attention
-0.21,0.36,-0.06,0.13,0.44,-0.38,-0.01,-0.26,5,5,8,0.244,8.48,16.03,3.85,127.57,80.91,101.91,0.15,High,Yes,Needs Attention
0.98,0.94,-0.04,-0.13,-0.15,-0.2,0.26,0.15,1,5,8,0.136,8.12,6.89,0.92,113.28,82.13,100.79,0.156,High,Yes,Needs Attention
-0.03,-0.01,0.39,-0.2,0.31,-0.29,-0.15,-0.19,2,5,8,0.276,10.01,11.22,0.26,112.44,77.77,97.28,0.151,High,Yes,Needs Attention
12,78,23,16.07,18.72,6,88.07,0,0,15.69,8,0.851,10.67,12.82,21.69,108.31,6.8,88.28,0.496,High,Yes,Needs Attention
-0.16,0.28,-0.06,0.14,0.16,0.19,-0.24,-0.16,5,5,8,0.285,9.83,13.54,0.99,125.71,76.32,101.5,0.15,High,Yes,Needs Attention
0.05,-0.29,0.23,0.14,-0.03,-0.77,0.24,0.13,9,5,8,0.11,10.56,15.39,1.35,121.75,82.97,102.82,0.15,High,Yes,Needs Attention
61,38,20,18.48,62.7,5.97,65.44,3,3,39.98,8,0.86,9.2,14.32,19.44,62.4,48.98,77.97,0.505,Moderate,No,Average
-0.07,-0.05,0.7,0.01,0.06,0.05,0.05,-0.33,9,5,7.31,0.234,10.02,14.2,1.09,113.27,80.2,100.06,0.139,High,Yes,Needs Attention
45,61,78,19.49,16.06,6.49,81.53,1,7,12.98,8,1.398,8.53,8.84,21.11,72.14,18.09,22.73,0.701,High,Yes,Needs Attention
113,30,50,26.04,83.99,6.28,43.88,2,5,49.78,8,1.491,7.85,13.18,28.92,0,49.58,42.35,0.72,High,Yes,Needs Attention
0.12,-0.21,-0.32,0.3,-0.05,0.22,0.24,0.46,6,5,8,0.201,10.96,5.98,2.41,119.17,86.72,97.45,0.149,High,Yes,Needs Attention
-0.37,-0.02,-0.75,-0.02,-0.29,-0.52,-0.12,0.11,4,5,8,0.34,10.29,18.25,3.1,109.55,81.63,97.81,0.147,High,Yes,Needs Attention
-0.23,0.2,-0.13,-0.06,0.12,-0.14,-0.19,-0.12,3,5,8,0.176,10.5,6.39,3.01,126.89,88.38,97.73,0.15,High,Yes,Needs Attention
78,35,44,26.54,84.67,7.07,183.62,0,6,65.09,8,1.23,7.17,10.61,28.35,49.77,46.12,51.72,0.616,Moderate,No,Average
85,25,47,26.11,87.64,6.3,58.48,2,5,49.88,8,1.067,7.36,6.72,28.17,35.7,52.38,53.18,0.614,Moderate,No,Average
0.02,0.19,-0.07,0.03,0.09,0.28,-0.08,-0.03,9,5.09,8,0.234,9.63,9.08,3.19,112.42,77.48,105.66,0.15,High,Yes,Needs Attention
-0.22,0.27,-0.16,-0.06,0.45,0.1,-0.14,-0.38,5,5,6.06,0.1,9.69,12.05,-0.23,122.1,79.98,100.68,0.113,High,Yes,Needs Attention
0.53,-0.14,0.36,-0.14,-0.09,0.06,0.37,0.16,6,5,8,0.115,10.92,9.88,5.11,128.77,71.97,94.91,0.152,High,Yes,Needs Attention
0,55,22,22.99,20.58,5.92,143.86,0,0,23.03,8,0.699,6.89,16.58,23.72,122.38,23.1,73.88,0.387,High,Yes,Needs Attention
-0.01,0.2,0.6,-0.29,-0.04,-0.27,-0.17,-0.5,3,5,4.5,0.1,9.78,12.91,0.68,125.93,77.99,97.89,0.087,High,Yes,Needs Attention
0.41,0.38,0.38,-0.33,0.21,-0.28,0.32,-0.2,1,5,8,0.241,9.67,10.15,-0.65,117.16,80.58,93.96,0.154,High,Yes,Needs Attention
0.48,0.09,0.01,-0.28,-0.06,-0.27,0.05,-0.13,7,5,8,0.276,8.38,11.47,-0.55,115.16,87.68,101.21,0.152,High,Yes,Needs Attention
92,20,55,25.1,87.53,6.59,59.27,2,5,48.2,8,1.162,8.23,16.88,28.06,27.65,60.22,50.41,0.643,Moderate,No,Average
30,63,16,23.61,21.91,5.53,100.6,0,0,23,8,0.776,8.48,15.64,28.52,80.37,9.31,81.7,0.481,High,Yes,Needs Attention
118,18,52,28.05,90.83,6.56,20.76,3,8,56.17,8,1.29,7.12,7.44,28.7,13.32,58.34,48.3,0.703,High,Yes,Needs Attention
0.18,0.14,0.22,0.05,-0.29,-0.32,-0.14,-0.52,3,5,4.27,0.126,11.61,9.28,2.07,120.52,80.91,98.06,0.082,High,Yes,Needs Attention
0.27,0.03,0.02,-0.18,0.03,-0.18,0.15,-0.1,1,5,8,0.194,10.76,13.9,1.65,124.06,80.34,97.46,0.151,High,Yes,Needs Attention
0.37,-0.01,0.25,-0.31,-0.21,-0.56,-0.12,-0.07,7,5,8,0.212,10.33,13.41,2.69,117.32,86.51,100.51,0.152,High,Yes,Needs Attention
38,14,37,21.81,94.64,6.66,102.65,3,2,58.38,8,0.71,7.76,7.8,26.64,74.28,69.84,60.35,0.413,Moderate,No,Average
-0.04,-0.79,0.39,-0.19,-0.45,-0.22,0.22,-0.19,3,5,8,0.331,9.6,15,3.59,127.17,84.51,96.38,0.149,High,Yes,Needs Attention
-0.21,-0.09,-0.01,-0.11,0.05,0.41,0.3,-0.05,9,5,8,0.141,11.75,8.44,1.03,114.59,79.22,93.53,0.149,High,Yes,Needs Attention
0.6,0.12,-0.11,-0.26,-0.5,-0.09,0.31,-0.45,1,5,5.58,0.315,10.56,17.22,2.03,121.14,84.28,100.37,0.106,High,Yes,Needs Attention
-0.06,0.15,0.01,-0.2,0.23,0.05,-0.31,0.19,0,5,8,0.117,8.99,14.12,2.24,122.28,76.27,104.26,0.15,High,Yes,Needs Attention
0.57,0.24,0.12,-0.7,0.24,0.05,-0.12,0.21,0,5,8,0.211,8.34,7.47,0.77,119.8,83.63,102.71,0.153,High,Yes,Needs Attention
93,53,38,26.93,81.91,7.07,290.68,0,6,68.6,8,1.399,8.27,9.88,26.79,23.08,25.87,67.97,0.699,Low,No,Average
0.02,0.06,-0.5,-0.13,-0.13,0.11,0.11,-0.08,4,5,8,0.288,9.7,9.81,0.17,119.23,74.15,97.8,0.149,High,Yes,Needs Attention
0,25,14,19.34,91.98,6.36,116.45,1,4,58.56,8,0.4,6.02,12.64,22.56,115.25,57.37,89.4,0.269,Moderate,No,Needs Attention
99,55,35,21.72,80.24,6.5,277.96,0,6,66.22,8,1.378,8.17,11.18,25.1,25.05,30.59,60.59,0.714,Low,No,Average
30,20,38,22.6,93.16,7.06,110.09,3,2,59.7,8,0.762,7.15,7.42,23.79,92.86,58.37,64.84,0.412,Moderate,No,Average
25,65,21,33.86,68.59,6.88,69.24,3,1,40.76,8,0.823,8.57,6.42,35.75,94.89,21.25,85.58,0.488,Moderate,No,Average
-0.01,-0.11,0.06,0.01,0.1,0.14,0.03,-0.32,6,5,7.24,0.249,10.19,14.2,3.31,117.17,73.49,101.93,0.136,High,Yes,Needs Attention
0.3,0.02,-0.2,0.3,-0.29,-0.01,0.19,0.54,8,5,8,0.35,9.15,13.14,-0.76,130.24,75.19,106.85,0.15,High,Yes,Needs Attention
-0.54,0.17,0.26,-0.14,-0.42,0.1,0.05,-0.02,9,5,8,0.237,10.39,12.42,0.69,114.03,79.24,97.35,0.15,High,Yes,Needs Attention
0.03,0.1,0.08,-0.23,-0.13,0.22,-0.52,0.35,0,5,8,0.247,9.26,13.08,4.3,112.25,78.42,99.38,0.151,High,Yes,Needs Attention
33,12,15,30.26,92.03,6.05,116.72,1,4,64.3,8,0.614,7.02,9.52,32.21,86.59,65.33,81.34,0.328,Moderate,No,Needs Attention
19,17,39,24.72,85.56,6.73,111.28,3,2,54.84,8,0.533,7.08,12.74,24.53,99.71,63.53,61.14,0.373,Moderate,No,Needs Attention
0.03,0.35,0.39,-0.1,0.06,0.05,0.48,0.2,6,5,8,0.241,10.88,22.15,1.58,125.46,77.54,100.69,0.152,High,Yes,Needs Attention
0.3,-0.08,-0.09,-0.12,-0.13,-0.33,-0.06,-0.05,7,5,8,0.119,9.47,16.7,2.91,122.93,78.64,100.19,0.15,High,Yes,Needs Attention
40,18,43,19.39,86.79,5.77,109.91,3,2,56.6,8,0.759,8.95,10.85,17.07,80.15,63.11,55.1,0.449,Moderate,No,Average
30,70,79,20.27,19.97,7.31,69.64,1,7,14.76,8,1.447,11.03,9.91,22.03,92.5,7.33,19.04,0.689,High,Yes,Needs Attention
0.17,-0.04,0.07,-0.22,0.08,0.15,-0.33,0.14,0,5,8,0.181,9.01,1,0.72,122.24,79.62,101.31,0.151,High,Yes,Needs Attention
6,62,22,20.53,18.09,5.82,120.45,0,0,20.68,8,0.681,6.38,16.27,19.57,124.52,15.42,77.36,0.426,High,Yes,Needs Attention
-0.1,-0.38,-0.21,-0.31,-0.08,0.2,0.21,0.12,4,5,8,0.288,10.8,15.15,1.31,121.37,75.56,95.6,0.148,High,Yes,Needs Attention
9,48,22,27.77,87.1,6.4,49.51,1,9,55.45,8,0.598,7.23,9.82,29.07,107.59,35.05,70.41,0.391,High,Yes,Needs Attention
39,76,76,19.97,15.57,6.14,69.16,1,7,7.58,8,1.31,8.49,6.27,21.43,81.99,10.83,21.62,0.725,High,Yes,Needs Attention
-0.21,0.45,0.26,0.18,0.33,0.31,-0.22,-0.31,3,5,7.5,0.303,9.15,7.38,1.16,107.12,83.81,94.21,0.142,High,Yes,Needs Attention
-0.45,-0.57,-0.42,-0.04,-0.32,-0.45,0.28,-0.3,4,5,7.33,0.195,9.34,13.78,-0.07,120.29,81.9,97.08,0.133,High,Yes,Needs Attention
0.46,0.29,0.05,0.47,0.39,-0.02,-0.35,0.49,2,5,8,0.1,11.04,11.64,-0.21,125,77.14,98.26,0.152,High,Yes,Needs Attention
27,64,15,20.16,24.84,5.51,138.24,0,0,25.47,8,0.88,9.29,14.77,20.62,96.01,14.85,84.42,0.473,High,Yes,Needs Attention
119,19,55,25.19,83.45,6.82,46.87,2,5,45.67,8,1.326,8.95,12.35,27.98,2.49,65.23,42.34,0.718,High,Yes,Needs Attention
-0.04,-0.1,-0.2,0.02,-0.66,-0.35,-0.29,0.8,5,5,8,0.321,10.26,15.87,1.87,123.29,70.97,108.96,0.149,High,Yes,Needs Attention
9,10,10,22.36,93.52,6.01,101.52,1,4,65.57,8,0.326,7.1,13.48,23.76,116.52,68.55,84.96,0.237,Moderate,No,Needs Attention
0.28,0.25,0.04,-0.16,-0.27,0.17,0.22,0.18,1,5,8,0.288,9.37,15.32,-0.22,126.85,82.69,104.8,0.152,High,Yes,Needs Attention
77,58,19,22.81,56.51,5.79,101.6,3,3,39.72,8,1.266,8.9,3.64,23.75,45.24,17.45,80.35,0.612,Moderate,No,Average
0.42,0.08,0.14,0.23,0.04,-0.25,-0.14,0.12,7,5,8,0.136,10.57,7.06,2.84,118,81.61,97.23,0.152,High,Yes,Needs Attention
49,72,15,31.56,67.84,7.14,74.87,3,1,42.12,8,1.001,9.05,10.54,33.82,59.43,9.51,87.35,0.562,Moderate,No,Average
17,52,17,27.88,86.45,6.36,44.64,1,9,44.73,8,0.747,7.33,16.32,28.66,107.89,22.18,81.19,0.412,High,Yes,Needs Attention
60,61,78,20.71,19.84,6.32,94.04,1,7,19.21,8,1.325,9.43,19.52,18.29,62.58,19.35,18.77,0.745,High,Yes,Needs Attention
29,76,15,28.54,64.2,7.03,69.69,3,1,43.42,8,0.942,8.73,11.34,29.03,91.76,1.53,92.16,0.516,Moderate,No,Average
0.07,-0.26,0.15,0.3,0.12,0.07,0.37,-0.19,6,5,8,0.182,9.36,9.55,1.08,116.49,81.92,91.07,0.15,High,Yes,Needs Attention
-0.2,0.63,-0.29,0.45,0.05,-0.16,0.06,0.4,5,5,8,0.181,8.61,4.18,0.59,125.03,82.05,99.31,0.151,High,Yes,Needs Attention
0.23,0.28,0.38,0.6,0.54,-0.08,-0.35,0.11,2,5,8,0.209,8.93,15.45,1.48,118.48,81.32,100.38,0.153,High,Yes,Needs Attention
0.09,0,-0.05,0,-0.01,-0.08,-0.09,-0.14,6,5,8,0.206,9.51,9.8,2.72,119.74,80.29,105.68,0.15,High,Yes,Needs Attention
0.64,-0.11,0.21,-0.56,-0.04,-0.64,0.45,-0.01,1,5,8,0.218,10.41,23.83,0.88,119.08,81.27,98.2,0.152,High,Yes,Needs Attention
0.24,0.13,-0.04,-0.2,-0.06,-0.23,0.14,-0.08,1,5,8,0.154,11.01,9.04,2.78,122.01,75.17,110.68,0.151,High,Yes,Needs Attention
-0.01,0.1,-0.24,-0.21,0.21,-0.25,-0.18,0.03,9,5,8,0.155,8.39,20.42,-0.97,114.27,79.78,103.28,0.15,High,Yes,Needs Attention
20,7,9,29.48,91.58,7.13,111.17,1,4,61.52,8,0.407,6.86,14.99,30.52,102.81,69.81,81.53,0.257,Moderate,No,Needs Attention
-0.07,-0.4,-0.25,-0.1,-0.4,-0.22,0.35,-0.2,4,5,8,0.192,9.4,7.89,-1.51,116.47,84.53,94.44,0.148,High,Yes,Needs Attention
111,15,54,27.71,92.91,6.19,22.06,3,8,45.42,8,1.245,8.22,12.93,28.57,5.57,67.73,46.95,0.679,High,Yes,Needs Attention
83,57,19,25.73,70.75,6.88,98.74,3,3,43.82,8,1.18,7.45,15.09,25.66,41.43,25.72,76.42,0.626,Moderate,No,Average
88,29,51,24.72,88.95,6.1,48.46,2,5,56.5,8,1.063,7.1,11.1,28.14,27.02,57.85,51.19,0.647,High,Yes,Needs Attention
1,27,36,23.99,93.34,5.68,104.99,3,2,51.4,8,0.526,6,15.35,26.1,123.42,51.68,62.19,0.343,Moderate,No,Needs Attention
114,8,50,24.75,88.31,6.58,57.96,2,5,52.16,8,1.21,8.03,15.26,27.77,6.51,69.8,45.22,0.655,Moderate,No,Average
29,67,21,29.79,63.39,6.62,63.02,3,1,36.37,8,0.834,8,14.39,30.65,82.76,11.59,75.14,0.506,Moderate,No,Average
-0.11,-0.2,-0.18,0.17,-0.07,-0.25,0.01,-0.46,4,5,5.06,0.327,9.1,11.93,0.14,126.93,73.79,103.59,0.093,High,Yes,Needs Attention
-0.26,-0.1,0.08,-0.43,-0.19,-0.38,0.24,-0.27,3,5,7.91,0.2,9.5,7.3,-0.51,121.81,74.01,91.83,0.147,High,Yes,Needs Attention
21,21,38,22.55,89.33,6.33,104.9,3,2,58.74,8,0.694,8.64,11.69,24.45,100.97,61.48,66.18,0.389,Moderate,No,Needs Attention
3,77,25,24.85,22.89,5.61,62.21,0,0,19.26,8,0.791,8.17,12.7,29.07,122.04,0,79.3,0.473,High,Yes,Needs Attention
0.29,0.18,-0.17,-0.15,0.2,-0.11,0.08,0.05,2,5.63,8,0.201,8.9,4.5,1.97,127.21,75.52,98.84,0.151,High,Yes,Needs Attention
0.43,0.42,0.15,-0.33,-0.11,0.56,-0.25,-0.46,9,5,5.21,0.109,11.01,12.68,0.61,120.58,79.17,94.23,0.101,High,Yes,Needs Attention
42,67,77,18.99,15.94,6.11,78.71,1,7,16.19,8,1.302,9.43,11.61,20.21,81.09,11.35,25.22,0.708,High,Yes,Needs Attention
-0.31,-0.46,-0.12,0.06,0.21,0.01,0.16,-0.36,3,5,6.31,0.12,10.41,6.81,1.51,122.17,84,98.17,0.116,High,Yes,Needs Attention
48,61,21,30.28,61.69,6.63,65.63,3,1,42.75,8,0.958,8.61,10.67,34.82,70.29,19.24,72.94,0.542,Moderate,No,Average
8,16,6,12.23,90.26,7.11,108.42,1,4,56.04,8,0.175,7.46,10.75,15.58,104.08,60.81,101.64,0.241,Moderate,No,Needs Attention
0.19,0.18,-0.14,0.25,0.32,0.04,-0.09,-0.12,2,5,8,0.111,9.39,19.72,2.14,120.88,83.71,96.6,0.151,High,Yes,Needs Attention
14,57,15,29.88,83.15,6.62,40.12,1,9,48.88,8,0.833,8.5,12.88,31.54,112.89,25.92,79.11,0.413,High,Yes,Needs Attention
0.15,0.01,-0.02,0.03,-0.27,-0.06,-0.13,-0.11,4,5,8,0.267,10.92,16.14,1.98,122.77,74.35,101.16,0.15,High,Yes,Needs Attention
4,18,37,22.92,85.41,7.13,106.28,3,2,56.16,8,0.66,8.7,11.53,25.16,110.66,63.01,62.73,0.327,Moderate,No,Needs Attention
72,60,25,18.53,69.03,5.77,88.1,3,3,47.92,8,1.253,6.84,4.5,19.41,53.49,17.14,80.94,0.621,Moderate,No,Average
0.55,-0.2,0.21,-0.12,-0.29,-0.51,-0.22,0.28,7,5,8,0.257,11.06,14.69,0.11,117.9,77.23,98.27,0.152,High,Yes,Needs Attention
-0.16,0.27,-0.1,0.07,0.18,0.13,0.03,-0.47,3,5,5.02,0.164,9.39,9.37,3.12,109.7,87.21,98.62,0.094,High,Yes,Needs Attention
22,60,24,18.78,20.25,5.63,104.26,0,0,19.11,8,0.753,8.49,10.66,20.31,103.09,20.5,77.34,0.472,High,Yes,Needs Attention
-0.06,0.12,0.01,-0.07,-0.19,0.03,0.24,0.19,9,5,8,0.292,9.59,7.79,2.85,115.33,79.01,100.79,0.15,High,Yes,Needs Attention
-0.32,-0.26,-0.28,-0.03,-0.14,0.08,-0.21,-0.17,3,5,8,0.2,10.58,12.29,3.94,129.22,80.6,101.2,0.147,High,Yes,Needs Attention
83,57,19,25.73,70.75,6.88,98.74,3,3,43.59,8,1.354,8.52,16.26,28.01,42.74,26.5,82.09,0.626,Moderate,No,Average
0.23,-0.05,0.05,-0.1,-0.06,0.07,-0.12,0.1,0,5,8,0.172,9.5,15.73,1.94,118.63,77.24,100.61,0.151,High,Yes,Needs Attention
7,16,9,18.88,92.04,7.81,114.67,1,4,60.61,8,0.55,8.29,18.34,25.18,115.3,61.88,89.33,0.247,Moderate,No,Needs Attention
36,43,22,27.83,87.17,6.39,58.37,1,9,53.85,8,0.793,7.71,18.91,29.64,96.12,39.63,81.33,0.454,Moderate,No,Average
4,41,20,28.15,83.8,6.65,37.45,1,9,54.66,8,0.697,7.08,3.82,28.01,121,32.93,78.56,0.349,High,Yes,Needs Attention
-0.04,-0.12,-0.19,0.09,-0.08,-0.15,-0.11,-0.03,5,5,8,0.334,9.04,7.23,1.17,121.23,84.08,103.41,0.149,High,Yes,Needs Attention
0.1,-0.12,-0.08,-0.03,0.01,0.04,-0.02,0.01,3,5,8,0.118,10.16,4.77,3.8,134.35,73.7,105.63,0.15,High,Yes,Needs Attention
0.07,0.18,-0.26,-0.05,-0.04,-0.02,0.02,0.2,8,8.11,8,0.161,9.67,14.53,-0.49,120.52,78.84,97.55,0.15,High,Yes,Needs Attention
-0.15,-0.03,-0.49,0.09,-0.16,0.04,0.16,-0.12,5,5,8,0.113,8.38,9.23,0.46,123.06,73.63,110.11,0.148,High,Yes,Needs Attention
0.37,-0.24,-0.27,-0.05,-0.15,-0.31,-0.57,0.02,5,5,8,0.101,10.6,10.04,3.11,114.95,76.01,97.42,0.15,High,Yes,Needs Attention
-0.17,-0.11,-0.11,-0.03,-0.44,0.19,-0.17,0.01,5,5,8,0.251,9.28,11.13,1.06,111.8,85.3,97.29,0.149,High,Yes,Needs Attention
0.02,-0.31,-0.75,-0.56,-0.29,0.12,0.32,-0.17,4,5,8,0.178,11.35,13.53,0.77,118.54,84.49,102.91,0.147,High,Yes,Needs Attention
52,68,78,17.49,16.96,6.9,86.05,1,7,14.63,8,1.392,7.92,6.06,20.6,68.19,16.61,23.77,0.744,High,Yes,Needs Attention
0.39,0.29,-0.12,-0.1,-0.33,-0.03,0.05,-0.2,1,5,8,0.248,9.58,6.96,0.32,121.26,73.91,100.41,0.152,High,Yes,Needs Attention
0,-0.25,-0.24,-0.24,-0.21,0.23,0.11,0,4,6.82,8,0.1,9.06,12.01,-0.94,112.9,76.05,103.51,0.149,High,Yes,Needs Attention
1,0.28,0.29,-0.22,-0.42,-0.11,-0.81,0.58,0,5,8,0.312,8.79,16.79,-0.8,122.3,81.08,100.72,0.155,High,Yes,Needs Attention
75,54,36,26.29,84.57,7.02,257.49,0,6,64.92,8,1.162,7.15,11.9,28.66,40.85,28.86,72.26,0.643,Low,No,Average
-0.11,-0.38,-0.46,0.17,-0.16,-0.33,0.16,-0.31,4,5,7.4,0.237,11.52,8.83,2.06,123.15,77.18,100.25,0.136,High,Yes,Needs Attention
0.43,-0.21,-0.18,0.19,0.13,0,0.18,0.46,8,5,8,0.25,9.89,3.41,0.65,124.24,77.89,96.76,0.15,High,Yes,Needs Attention
-0.07,-0.02,0.21,-0.23,0.12,0.04,0.15,0.02,6,5,8,0.31,8.96,15.81,-0.47,118.09,75.49,97.58,0.15,High,Yes,Needs Attention
0.17,-0.05,0.04,0.45,-0.08,0.26,-0.03,0.25,8,5,8,0.193,7.92,9.06,1.54,115.01,86.68,101.85,0.15,High,Yes,Needs Attention
37,74,15,24.92,18.23,5.58,62.71,0,0,11.17,8,0.786,7.57,7.41,28.09,90.72,4.1,86.94,0.533,High,Yes,Needs Attention
-0.16,0.03,-0.01,-0.42,0.06,0.13,-0.14,0.1,8,5,8,0.204,9.21,5.14,-0.17,124.52,80.1,100.84,0.15,High,Yes,Needs Attention
85,58,41,21.77,80.32,7.04,226.66,0,6,68.05,8,1.32,7.11,6.24,22.28,35.76,22.33,55.6,0.7,Moderate,No,Healthy
-0.22,0.18,-0.87,-0.13,0.55,-0.26,-0.27,0.27,9,5,8,0.112,9.51,8.16,-0.42,127.56,84.24,105.3,0.147,High,Yes,Needs Attention
-0.02,-0.38,-0.49,-0.2,-0.36,0.08,0.11,-0.14,4,5,8,0.206,7.49,11.04,0.75,120.44,76.57,108.24,0.147,High,Yes,Needs Attention
0.3,0.12,-0.34,-0.12,-0.23,-0.09,0.21,0.3,1,5,8,0.172,9.66,7.17,1.89,116.6,84.55,100.46,0.15,High,Yes,Needs Attention
39,28,10,31.35,91.48,7.18,109.15,1,4,57.81,8,0.555,8.49,12.74,36.02,75.99,46.89,97.24,0.381,Moderate,No,Needs Attention
0,18,14,29.77,92.01,7.21,114.42,1,4,59,8,0.446,9.07,11.01,31.6,119.46,66.66,89.47,0.247,Moderate,No,Needs Attention
0.6,0.26,0.06,0.05,-0.07,-0.16,-0.86,0.13,0,5,8,0.16,7.86,20.89,1.47,123.26,72.88,108.81,0.153,High,Yes,Needs Attention
0.65,0.07,-0.14,-0.15,-0.11,-1.28,0.51,0.47,1,5,8,0.171,8.95,5.18,2.64,126.3,79.51,102.03,0.152,High,Yes,Needs Attention
0.29,0.26,-0.22,-0.19,-0.09,0.16,0.16,-0.02,8,5,8,0.165,8.9,12.65,2.35,119.83,86.24,100.77,0.151,High,Yes,Needs Attention
0.46,-0.05,-0.03,0.01,-0.24,0.18,-0.56,-0.15,7,5,8,0.301,9.9,12.7,0.64,125.61,82.84,103.4,0.151,High,Yes,Needs Attention
-0.13,0.07,-0.15,0.12,0.04,-0.07,0.12,-0.03,6,5,8,0.195,8.53,7.88,5.07,119.06,81.61,98.42,0.149,High,Yes,Needs Attention
7,16,9,18.88,92.04,7.81,114.67,1,4,60.93,8,0.398,9.13,12.38,20.34,109.09,59.81,92.63,0.247,Moderate,No,Needs Attention
-0.24,-0.14,0.08,0.01,-0.11,-0.06,0.15,-0.16,9,5,8,0.163,9.8,15.08,1.86,113.71,77.2,105.24,0.149,High,Yes,Needs Attention
0.19,0.05,-0.44,-0.42,-0.39,0.07,-0.14,0.7,4,5,8,0.236,9.64,12.39,1.91,117.28,85.33,103.72,0.149,High,Yes,Needs Attention
26,18,42,19.73,89.65,6.91,108.23,3,2,61.7,8,0.824,9.1,17.54,21.75,87.66,63.89,57.88,0.406,Moderate,No,Average
38,60,76,18.65,17.81,8.87,77.93,1,7,18.91,8,1.296,9.29,3.29,22.44,92.05,23.56,24.8,0.672,High,Yes,Needs Attention
0.07,-0.08,0.12,-0.46,0.4,-0.61,-0.07,-0.1,2,5,8,0.256,10.14,8.63,0.16,122.13,80.38,102.91,0.15,High,Yes,Needs Attention
-0.63,-0.19,-0.53,0.03,-0.44,0.32,0.17,-0.31,3,5,7.14,0.24,9.01,17.9,2.71,120.15,79.06,103.43,0.13,High,Yes,Needs Attention
39,37,15,29,83.79,6.82,59.84,1,9,52.09,8,0.636,6.28,15.65,30.75,89.61,46.07,88,0.423,Moderate,No,Average
108,23,51,26.84,83.85,6.11,40.23,2,5,44.52,8,1.222,7.04,14.16,29.81,5.49,58.04,50.36,0.687,High,Yes,Needs Attention
0.45,-0.09,0.44,0.19,-0.09,0.32,0.51,0.37,7,5,8,0.188,11.94,16.93,1.37,118.86,79.41,96.26,0.152,High,Yes,Needs Attention
7,79,23,19.64,19.69,5.82,96.66,0,0,19.66,8,0.796,9.89,4.33,20.61,123,0,74.34,0.485,High,Yes,Needs Attention
0.18,-0.08,-0.06,-0.15,0.17,-0.02,-0.43,0.4,0,5,8,0.115,10.02,15.18,2.45,119.1,83.9,101.9,0.15,High,Yes,Needs Attention
-0.5,-0.25,-0.05,0.04,-0.52,-0.27,0.37,0.16,4,5,8,0.1,8.79,16.26,2.08,132.73,82.01,103.38,0.148,High,Yes,Needs Attention
94,54,17,23.39,61.74,5.87,107.32,3,3,43.42,8,1.082,9.12,9.37,23.66,29.93,23.57,85.81,0.643,Moderate,No,Average
-0.03,-0.07,0.06,-0.19,-0.05,-0.12,0.14,-0.12,3,5,8,0.179,8.39,22.52,3.33,126.56,84.79,97.24,0.15,High,Yes,Needs Attention
0.18,-0.1,0.29,0.11,0.56,-0.21,-0.2,-0.03,2,5,8,0.197,8.17,12.79,2.71,126.49,81.08,99.11,0.151,High,Yes,Needs Attention
-0.14,-0.12,-0.26,0.09,0,0.08,-0.05,-0.34,6,5,6.93,0.133,9.19,3.23,1.48,120.15,81.17,95.56,0.128,High,Yes,Needs Attention
114,27,48,27.82,93.04,6.53,26.32,3,8,52.33,8,1.34,9.38,13.53,28.62,3.56,56.54,46.43,0.708,High,Yes,Needs Attention
90,23,54,28.56,90.46,6.16,27.27,3,8,51.44,8,1.167,9.39,9.12,30.61,29.42,59.67,46.33,0.643,High,Yes,Needs Attention
0.3,0.01,-0.11,0.02,-0.21,0.25,-0.01,0.01,5,5,8,0.288,9.3,16.66,2.51,114.77,81.16,105.54,0.151,High,Yes,Needs Attention
-0.01,-0.13,0.03,0.15,0.16,0.06,0.14,-0.12,3,5,8,0.186,9.07,14.19,-0.74,119.68,79.38,100.37,0.15,High,Yes,Needs Attention
0.24,0.12,0.24,-0.06,-0.05,0.1,0.11,0.09,1,5,8,0.259,8.11,9.61,2,119.74,87.81,107.39,0.152,High,Yes,Needs Attention
-0.08,-0.03,-0.21,0.23,0.04,0.14,0.19,-0.29,6,5,7.75,0.214,9.83,18.01,2.71,128.53,77.09,99.55,0.144,High,Yes,Needs Attention
93,56,42,23.86,82.23,7.38,195.09,0,6,61.84,8,1.234,7.86,15.76,21.83,29.97,26.98,58.12,0.72,Moderate,No,Healthy
85,25,47,26.11,87.64,6.3,58.48,2,5,50.13,8,1.135,8.35,8.69,27.9,46.81,54.66,49.04,0.614,Moderate,No,Average
9,80,19,21.81,18.57,5.95,125.1,0,0,18.21,8,0.749,10.2,11.39,24.35,100.2,1.82,79.61,0.482,High,Yes,Needs Attention
-0.34,-0.17,0.14,-0.03,-0.15,-0.04,0.33,0.05,9,5,8,0.189,9.56,14.07,2.34,114.25,85.1,95.1,0.149,High,Yes,Needs Attention
25,63,20,15.79,21.15,5.5,95.17,0,0,17.62,8,0.788,9.78,10.54,18.49,93.22,15.75,73.82,0.479,High,Yes,Needs Attention
-0.19,-0.23,-0.2,0.12,-0.53,0.02,0.36,-0.57,4,5,3.32,0.227,9.06,10.66,1.13,127.65,82.64,95.51,0.06,High,Yes,Needs Attention
12,63,17,18.36,19.38,5.72,138.41,0,0,16.12,8,0.645,9.8,12.15,18.3,107.45,18.06,83.34,0.432,High,Yes,Needs Attention
0.36,-0.01,0.43,-0.22,-0.09,-0.09,-0.06,0.18,7,5.53,8,0.206,9.25,7.74,-1.42,112.3,77.44,96.62,0.152,High,Yes,Needs Attention
5,65,16,21.33,18.49,5.87,109.1,0,0,20.71,8,0.762,9.75,3.07,24.47,113.77,20.03,82,0.415,High,Yes,Needs Attention
0.56,0.2,0.09,-0.43,0.06,-0.29,0.18,-0.13,1,5,8,0.278,10.13,12.96,2.12,113.45,82.64,101.55,0.153,High,Yes,Needs Attention
99,50,15,18.15,71.09,5.57,88.08,3,3,47.87,8,1.123,8.04,4.04,21.4,14.03,28.26,78.8,0.639,Moderate,No,Average
0.27,-0.13,0.46,0.36,0.4,0.06,0.15,-0.61,3,5,2.64,0.205,10.53,8.03,0.77,129.72,84.54,99.86,0.051,High,Yes,Needs Attention
0.18,0.08,-0.01,-0.02,-0.03,0.03,0.23,-0.19,8,5,8,0.216,8.18,4.91,2.69,118.06,76.59,103.4,0.151,High,Yes,Needs Attention
-0.01,-0.49,-0.56,-0.17,-0.48,0.21,0.39,0.16,4,5,8,0.317,8.7,5.41,-0.92,120.88,80.37,104.3,0.147,High,Yes,Needs Attention
95,16,55,25.27,87.55,6.61,40.13,2,5,50.75,8,1.077,7.29,13.71,25.47,24.54,62.28,47.07,0.639,High,Yes,Needs Attention
31,75,18,15.47,21.44,5.82,88.89,0,0,17.43,8,0.871,7.77,11.11,17.16,87.74,8.01,81.79,0.528,High,Yes,Needs Attention
119,30,49,25.36,80.46,6.9,47.72,2,5,46.33,8,1.612,7.33,10.97,27.85,0,48.08,48.51,0.735,High,Yes,Needs Attention
81,53,42,23.68,81.04,5.18,233.7,0,6,65.35,8,1.234,7.35,6.74,27.7,37.45,30.03,57.67,0.675,Moderate,No,Average
0.17,0,0.22,-0.3,0.2,-0.12,-0.38,0.21,0,5,8,0.1,11.05,9.38,0.84,121.52,82.38,106.39,0.151,High,Yes,Needs Attention
37,79,19,27.54,69.35,7.14,69.41,3,1,45.65,8,0.963,8.16,13.51,27.74,90.09,0,82.09,0.561,Moderate,No,Average
114,27,48,27.82,93.04,6.53,26.32,3,8,53.25,8,1.112,8.45,11.79,27.94,10.74,60.32,51.57,0.708,High,Yes,Needs Attention
-0.15,0.1,0.42,-0.36,0.3,0.09,-0.12,-0.28,3,5,7.32,0.221,10.04,15.29,0.11,114.05,76.92,101.83,0.138,High,Yes,Needs Attention
0.31,0.12,0.52,-0.28,0.13,0.19,-0.28,0.38,7,5,8,0.27,9.21,15.86,4.55,124.63,74.24,99.68,0.153,High,Yes,Needs Attention
-0.34,-0.13,-0.14,-0.11,0.25,-0.02,-0.14,0.6,4,6.82,8,0.123,9.88,10.99,2.53,122.72,83.55,101.04,0.148,High,Yes,Needs Attention
0.07,-0.11,-0.04,-0.11,-0.1,0.12,0.14,0.11,4,5,8,0.162,10.48,4.59,3.06,116.81,71.51,99.05,0.15,High,Yes,Needs Attention
85,37,39,24.53,82.74,6.36,224.68,0,6,67.26,8,1.24,8.87,8.97,25.67,35.91,48.97,59.34,0.628,Moderate,No,Average
0.09,0.19,0.34,0.23,-0.01,-0.54,-0.14,-0.59,2,5,3.21,0.1,9.62,11.61,1.73,122.77,80.22,103.64,0.062,High,Yes,Needs Attention
0.08,0.17,-0.18,-0.36,-0.17,-0.06,-0.11,-0.14,9,5,8,0.1,8.11,8.89,2.19,120.16,74.12,92.38,0.15,High,Yes,Needs Attention
0.28,0.21,0.27,-0.13,-0.26,0.01,0.19,0.2,7,6.56,8,0.186,8.04,7.78,0.61,122.12,76,101.64,0.152,High,Yes,Needs Attention
0.26,0.04,-0.01,-0.38,-0.02,-0.17,0.25,-0.18,1,5,8,0.142,9.42,12.28,0.68,115.43,73.42,98.1,0.151,High,Yes,Needs Attention
98,53,38,20.27,81.64,5.01,270.44,0,6,69.45,8,1.31,5.37,21.72,20.76,31.96,28.53,54.38,0.713,Low,No,Average
-0.08,-0.24,-0.04,-0.03,-0.08,0.21,0.1,-0.07,3,5,8,0.1,11.55,10.05,0.8,110.43,74.93,96.14,0.149,High,Yes,Needs Attention
14,25,40,20.07,90.98,6.41,103.71,3,2,57.68,8,0.691,8.07,11.99,21.64,108.89,57.01,59.86,0.387,Moderate,No,Needs Attention
0.31,0.04,0.46,0.09,0.18,-0.24,0.07,0.26,6,5,8,0.193,9.11,6.75,0.36,121.52,78.74,99.95,0.152,High,Yes,Needs Attention
0.55,0.25,0,-0.17,-0.19,-0.12,-0.11,-0.08,1,5,8,0.249,8.65,16.97,1.76,122.66,77.85,102.96,0.152,High,Yes,Needs Attention
49,71,76,19.71,17.64,6.61,85.58,1,7,20.75,8,1.392,10.34,15.5,21.64,67.46,11.04,27.23,0.738,High,Yes,Needs Attention
0.17,1.06,-0.42,0.18,0.47,-0.19,-0.23,-0.08,5,5,8,0.221,8.62,15.22,1.41,125.68,81.43,94.23,0.153,High,Yes,Needs Attention
10,55,23,21.19,19.63,5.73,137.19,0,0,19.04,8,0.612,8.24,17.44,21.45,109.46,29.58,78.51,0.419,High,Yes,Needs Attention
44,55,25,29.63,65.91,7.42,71.16,3,1,44.42,8,0.983,7.34,10.29,31.29,70.07,22.46,77.91,0.524,Moderate,No,Average
0.3,-0.13,-0.11,-0.36,-0.52,0.3,0.38,-0.09,1,5,8,0.174,9.88,10.79,0.38,114.23,80.01,100.99,0.15,High,Yes,Needs Attention
0.32,0.28,-0.39,-0.19,-0.1,-0.15,-0.26,-0.01,5,5,8,0.188,10.37,18.84,1.38,120.3,77.18,102.4,0.151,High,Yes,Needs Attention
0.19,0.25,0.27,-0.18,0.05,-0.23,0.34,0.01,6,5,8,0.288,10.94,14.53,2.97,111.83,80.4,92,0.152,High,Yes,Needs Attention
-0.08,-0.39,-0.13,-0.11,-0.5,-0.25,-0.01,-0.18,4,5,8,0.139,10.81,3.12,-0.49,129.08,77.28,96.17,0.148,High,Yes,Needs Attention
0.52,-0.01,0.1,-0.16,-0.05,-0.09,-0.22,0.08,7,5,8,0.312,9.75,13.82,4.6,124.72,78.31,105.36,0.152,High,Yes,Needs Attention
-0.12,0.35,-0.09,0.15,0.01,0.1,0.1,0.17,6,5,8,0.316,10.77,9.67,1.54,129.25,77.97,98.97,0.15,High,Yes,Needs Attention
-0.23,-0.36,0.13,0.06,-0.66,-0.43,0.27,-0.17,4,5,8,0.257,9.1,15.59,2.18,128.84,81.53,108.76,0.149,High,Yes,Needs Attention
0.08,0.12,0.3,0.18,-0.14,0.24,0.17,0.15,7,5,8,0.125,7.93,13.63,0.55,118.16,79.89,94.59,0.151,High,Yes,Needs Attention
0.69,-0.18,0.24,0.1,-0.33,0.26,-0.17,0.45,7,5,8,0.1,9.09,5.04,3.31,114.96,82.21,106.02,0.152,High,Yes,Needs Attention
111,6,53,26.49,88.59,6.31,46.06,2,5,51.09,8,1.306,6.73,13.08,27.8,0,73.57,44.56,0.648,High,Yes,Needs Attention
0.01,-0.22,-0.11,-0.11,0.14,0.2,-0.22,0.01,3,5,8,0.207,9.11,12.84,0.8,117.96,77.9,103.56,0.149,High,Yes,Needs Attention
12,61,19,19.33,24.14,5.66,68.51,0,0,15.02,8,0.692,8.19,13.45,19.97,116.83,19.77,79.82,0.432,High,Yes,Needs Attention
0.43,0.36,-0.04,-0.12,-0.15,-0.57,0.08,-0.05,1,5,8,0.298,9.29,14.3,0.98,115.43,75.97,100.5,0.152,High,Yes,Needs Attention
-0.03,-0.1,-0.18,0.08,-0.17,-0.16,-0.06,-0.3,4,5,7.53,0.129,10.37,17.98,2.21,118.98,82.38,102.56,0.14,High,Yes,Needs Attention
0.11,0,0.14,0.04,0.47,0.37,-0.27,-0.39,3,5,5.56,0.168,11.45,13.66,1.8,117.12,78.86,97.41,0.105,High,Yes,Needs Attention
40,78,20,19.19,20.83,5.67,80.15,0,0,13.7,8,1.07,7.5,12.09,20.63,81.87,2.82,83.2,0.569,High,Yes,Needs Attention
108,22,47,28.54,91.73,6.16,25.13,3,8,56.78,8,1.173,6.17,16.59,28.97,18.43,58.88,51.94,0.672,High,Yes,Needs Attention
25,63,20,15.79,21.15,5.5,95.17,0,0,18.81,8,0.839,8.43,20.97,16.14,87.3,23.41,80.71,0.479,High,Yes,Needs Attention
0.09,0.32,-0.05,-0.04,-0.31,0,0.24,-0.04,8,5,8,0.289,10.52,15.66,0.77,113.17,81.21,89.47,0.151,High,Yes,Needs Attention
109,26,45,28.28,90.39,6.22,21.59,3,8,58.42,8,1.297,7.29,12.82,30.47,18.43,54.29,53.65,0.682,High,Yes,Needs Attention
0.36,-0.23,0.04,0.42,-0.03,0.08,0.1,-0.22,8,5,8,0.301,9.03,13.73,2.91,123.31,77.46,105.01,0.15,High,Yes,Needs Attention
-0.21,0.16,-0.03,0.25,-0.44,0.01,0.21,0.14,5,5,8,0.29,10.48,13.02,2.95,118.91,83.05,102.81,0.15,High,Yes,Needs Attention
1.1,-0.08,0.57,-0.12,-0.38,-0.42,-0.07,0.07,7,5,8,0.21,10.72,12.07,1.38,127.44,79,102.98,0.155,High,Yes,Needs Attention
25,70,16,19.63,18.91,5.76,106.36,0,0,17.93,8,0.679,9.26,20.66,21.71,88.17,3.9,84.21,0.489,High,Yes,Needs Attention
119,19,55,25.19,83.45,6.82,46.87,2,5,51.18,8,1.27,6.85,9,26.44,5.66,60.22,51.71,0.718,High,Yes,Needs Attention
-0.23,0.08,0.14,-0.66,0.14,0.23,-0.5,0.31,0,5,8,0.261,10.02,16.62,-1.77,119.89,80.69,101.01,0.15,High,Yes,Needs Attention
-0.17,0,0.24,-0.2,0.19,0.32,-0.38,0.34,0,5,8,0.1,9.51,11.5,0.98,123.2,76.73,97.12,0.15,High,Yes,Needs Attention
110,21,54,26.74,87.82,6.75,47.46,2,5,56.5,8,1.284,7.31,6.08,27.68,0,58.53,49.42,0.695,High,Yes,Needs Attention
-0.51,-0.66,-0.89,-0.08,-0.5,-0.27,0.38,0.34,4,5,8,0.215,9.25,11.25,-0.14,119.21,80.37,104.58,0.144,High,Yes,Needs Attention
0.34,0.39,-0.23,-0.17,-0.39,0.08,0.15,0.45,4,6.7,8,0.321,10.68,9.81,0.48,123.34,79.39,102.75,0.152,High,Yes,Needs Attention
81,45,35,26.53,80.12,6.16,218.92,0,6,61.85,8,1.12,8,14.31,28.23,38.68,39.94,63.39,0.63,Moderate,No,Average
82,25,51,24.31,87.47,6.07,48.11,2,5,57.31,8,1.097,8.6,12.37,24.11,44.28,49.75,50.13,0.617,High,Yes,Needs Attention
0.03,-0.13,-0.01,0.07,-0.11,-0.19,-0.18,0.13,7,5,8,0.195,11.09,7.91,0.5,126.08,88.27,105.58,0.15,High,Yes,Needs Attention
110,15,48,28.58,92.87,6.21,27.6,3,8,56.18,8,1.266,7.89,17.88,32.4,5.21,64.87,53.91,0.659,High,Yes,Needs Attention
101,11,51,25.51,84.24,6.79,44.21,2,5,47.69,8,1.166,7.14,16.36,24.61,23.12,71.32,43.09,0.629,High,Yes,Needs Attention
-0.35,-0.2,0.04,-0.09,-0.13,0.11,0.43,-0.1,3,5,8,0.281,10.79,18.34,1.14,115.39,80.71,97.44,0.148,High,Yes,Needs Attention
0.4,0.06,0.23,0.08,0.23,-0.08,0.39,0.03,8,5,8,0.14,10.21,12.95,-0.17,119.87,73.04,97.07,0.152,High,Yes,Needs Attention
40,30,35,20.89,91.08,6.27,104.44,3,2,61.41,8,0.84,10.08,11.86,21.26,83.28,45.77,61.98,0.463,Moderate,No,Average
-0.02,-0.09,0.22,-0.2,0.01,-0.03,0.04,-0.25,8,5,8,0.236,10.06,14.81,1,115.84,77.99,91.33,0.15,High,Yes,Needs Attention
0.42,-0.19,0.16,0.15,0.26,0.07,-0.09,0.05,7,5,8,0.17,10.44,9.69,0.17,123.51,84.16,107.4,0.151,High,Yes,Needs Attention
40,9,41,24.38,85.4,5.78,106.13,3,2,51.38,8,0.807,7.91,12.52,26.74,77.47,65.46,55.49,0.415,Moderate,No,Average
24,21,42,20.82,87.23,7,109.44,3,2,52.45,8,0.734,7.47,11.3,24.35,93.1,55.58,54.78,0.409,Moderate,No,Average
-0.07,0.46,0.08,0.06,0.36,0.23,0.14,0.02,9,5,8,0.266,9.48,6.16,2.82,123.6,80.2,92.15,0.151,High,Yes,Needs Attention
101,17,47,29.49,94.73,6.19,26.31,3,8,54.53,8,1.206,7.68,12.51,32.53,14.82,64.89,56.47,0.636,High,Yes,Needs Attention
73,35,38,24.89,81.98,5.01,185.95,0,6,63.34,8,1.106,8.22,10.24,24.32,42.57,46.77,61.64,0.584,Moderate,No,Average
113,20,48,27.47,94.88,6.44,27.28,3,8,54.33,8,1.235,8.53,11.03,28.61,12.21,56.06,50.6,0.683,High,Yes,Needs Attention
2,38,18,27.54,89.93,6.62,45.49,1,9,46.32,8,0.498,7.81,13.46,29.74,118.54,35.61,80.81,0.328,High,Yes,Needs Attention
0.38,-0.39,-0.63,-0.02,0.67,-0.14,0.03,0.51,9,5,8,0.294,9.27,17.09,2.79,112.35,82.55,102.98,0.148,High,Yes,Needs Attention
8,25,36,19.91,94.95,6.83,104.03,3,2,60.06,8,0.665,7.05,8.6,24.04,116.28,60.73,62.08,0.357,Moderate,No,Needs Attention
-0.04,0.19,0.16,-0.08,0.17,0.17,0.39,-0.31,6,6.41,7.36,0.12,8.42,10.65,3.02,118.01,78.43,91.88,0.139,High,Yes,Needs Attention
24,67,22,20.12,22.9,5.62,104.63,0,0,16.59,8,0.892,10.84,8.94,22.96,88.98,8.42,72.83,0.494,High,Yes,Needs Attention
0.61,0.82,-0.18,-0.19,-0.23,-0.73,0.41,0.29,1,5,8,0.1,9.21,8.68,5.26,106.85,77.46,94.81,0.154,High,Yes,Needs Attention
0.13,-0.48,-0.06,0.01,0.29,-0.09,-0.34,0.25,8,5.25,8,0.152,10.71,9.62,1.65,124.39,82.06,101.16,0.149,High,Yes,Needs Attention
0.19,0.1,0.02,-0.42,0.4,0.3,-0.34,0.45,0,5,8,0.279,10.02,11.21,0.65,115.51,78.97,103.7,0.151,High,Yes,Needs Attention
0.27,0.33,0.1,-0.16,0.29,-0.07,-0.66,0.23,0,5,8,0.194,10.05,14.34,1.61,113.51,85.3,105.76,0.152,High,Yes,Needs Attention
-0.18,-0.52,-0.28,0.18,-0.46,-0.47,0.38,-0.23,4,5,8,0.204,9.64,13.28,0.31,123.38,84.22,93.74,0.147,High,Yes,Needs Attention
73,58,21,19.97,57.68,6.6,60.65,3,3,37.57,8,0.871,7.52,7.77,21.57,51.03,22.74,81.48,0.606,Moderate,No,Average
0.26,0.14,0.02,-0.38,0.25,0.09,-0.52,0.45,0,5,8,0.171,8.78,17.18,-1.47,115.8,72.04,97.52,0.151,High,Yes,Needs Attention
0.74,-0.45,0.07,-0.08,-0.37,-0.87,-0.07,0.13,7,5,8,0.229,11.49,15.78,0.63,123.82,77.68,111.62,0.151,High,Yes,Needs Attention
0.65,-0.31,0.1,0.06,0.65,0.25,0.44,0.71,9,5,8,0.24,9.85,8.4,1.39,129.62,78.12,105.43,0.151,High,Yes,Needs Attention
39,58,85,17.89,15.41,6,68.55,1,7,9.84,8,1.369,10.49,16.9,20.81,87.73,19.01,21.81,0.695,High,Yes,Needs Attention
-0.1,-0.23,-0.26,0.04,0.21,-0.01,0.21,0.04,9,5,8,0.18,11.13,13.31,3.21,126.06,80.99,103.47,0.148,High,Yes,Needs Attention
20,27,41,20.51,92.52,5.7,110.58,3,2,60.27,8,0.715,7.03,11.37,20.56,101.57,53.85,60.53,0.413,Moderate,No,Average
83,22,54,25.9,81.97,6.28,54.5,2,5,47.59,8,1.047,8.12,13.43,30.51,34.78,51.3,44.39,0.62,Moderate,No,Average
-0.1,0.16,0.34,0.04,0.59,0.34,-0.13,-0.67,3,5,1.97,0.186,9.78,11.9,1.76,119.82,83.06,97.26,0.038,High,Yes,Needs Attention
71,46,40,20.28,82.12,7.24,191.95,0,6,58.65,8,1.041,6.54,14.18,22.14,51.2,34.06,56.8,0.618,Moderate,No,Average
6,48,24,28.64,84.61,6.79,48.48,1,9,47.2,8,0.52,7.45,12.75,27.71,107.71,33.43,78.47,0.388,High,Yes,Needs Attention
0.02,-0.05,0.6,0.19,0,-0.36,0.35,-0.52,6,5,4.23,0.117,10.34,10.65,0.76,116.13,83.03,105.64,0.081,High,Yes,Needs Attention
9,48,22,27.77,87.1,6.4,49.51,1,9,48.55,8,0.795,7.07,3.9,30.84,103.86,28.93,76.57,0.391,High,Yes,Needs Attention
0.17,-0.17,0.3,-0.06,-0.12,-0.29,0.25,-0.55,3,5,3.73,0.18,9.43,14.11,1.69,121.01,85.21,96.81,0.071,High,Yes,Needs Attention
-0.26,-0.35,-0.22,-0.26,-0.18,-0.11,0.24,0.47,4,5,8,0.213,9.58,10.51,1.4,120.68,79.78,94.29,0.148,High,Yes,Needs Attention
-0.07,-0.42,-0.29,0.05,-0.14,-0.38,-0.17,0.02,4,5,8,0.154,11.87,15.11,1.89,116.81,86.47,101.27,0.148,High,Yes,Needs Attention
30,75,81,19.42,16.81,6.41,68.52,1,7,11.18,8,1.173,7.5,13.93,18.76,94.1,1.42,23.92,0.71,High,Yes,Needs Attention
0.76,-0.17,-0.02,-0.45,-0.24,-0.14,0.11,-0.19,7,5,8,0.278,10.26,10.61,0.91,114.02,85.92,105.14,0.152,High,Yes,Needs Attention
102,11,47,27.99,92.78,6.5,27.15,3,8,51.33,8,0.986,7.18,16.09,31.6,14.55,65.38,58.51,0.62,High,Yes,Needs Attention
0.16,-0.16,0.41,0.11,-0.06,0.05,-0.09,-0.02,8,5,8,0.158,9.11,12.82,3.24,123.74,90.36,101.25,0.151,High,Yes,Needs Attention
0.33,-0.36,-0.35,-0.14,-0.24,0.39,0.19,0.04,4,5,8,0.193,9.48,12.65,1.17,124.31,76.55,100.71,0.149,High,Yes,Needs Attention
42,73,25,34.04,67.21,6.5,73.24,3,1,42.19,8,1.058,8.74,11.45,37.89,74.02,11.23,80.13,0.574,Moderate,No,Average
0.29,0.15,0.09,0.12,-0.09,-0.14,-0.03,-0.33,7,5,7.4,0.145,10.48,18.73,-0.27,120.87,78.4,95.47,0.14,High,Yes,Needs Attention
-0.17,-0.29,0.34,-0.09,-0.18,-0.13,0.04,-0.3,3,5,7.64,0.1,9.94,9.15,-0.05,116.28,83.15,97.9,0.143,High,Yes,Needs Attention
21,21,38,22.55,89.33,6.33,104.9,3,2,57.39,8,0.616,8.61,10.71,26.85,98.01,58.84,68.84,0.389,Moderate,No,Needs Attention
0.44,-0.13,-0.43,0.28,0.29,-0.1,0.14,0.7,8,6.16,8,0.139,11.01,7.05,2.65,120.28,75.77,96.13,0.15,High,Yes,Needs Attention
-0.29,-0.39,-0.02,0.05,-0.24,-0.28,0.41,0.1,4,5,8,0.134,10.57,14.91,1.12,123.09,69.2,99.88,0.148,High,Yes,Needs Attention
25,63,20,15.79,21.15,5.5,95.17,0,0,19.45,8,0.926,8.68,9.67,17.21,96.59,27.03,82.53,0.479,High,Yes,Needs Attention
0.18,-0.17,0.25,-0.08,0.25,-0.53,-0.28,-0.14,2,5,8,0.104,10.24,10.12,0.21,121.19,80.46,100.08,0.151,High,Yes,Needs Attention
0,0.12,0.27,0.07,0.16,0.15,0.12,-0.02,6,5,8,0.226,10.25,9.93,1.98,114.61,68.11,104.33,0.151,High,Yes,Needs Attention
104,17,46,25.71,80.23,6.19,43.09,2,5,41.58,8,1.215,6.93,12.25,27.51,17.94,64.21,60.1,0.642,High,Yes,Needs Attention
114,8,52,29.34,94.55,6.42,28.23,3,8,49.21,8,1.321,5.82,7,30.87,8.76,74.76,49.92,0.66,High,Yes,Needs Attention
0.26,-0.1,-0.13,-0.17,0,0.02,-0.4,0.09,0,5,8,0.19,7.73,3.03,-0.41,123.18,77.24,105.69,0.15,High,Yes,Needs Attention
-0.08,-0.22,-0.19,0.12,0.42,-0.14,0.01,0.14,9,5,8,0.26,9.81,13.83,2.02,116.48,77.39,96.48,0.149,High,Yes,Needs Attention
101,17,55,24.37,87.13,6.45,44.64,2,5,55.43,8,1.224,7.87,3.55,25.08,23.58,62.92,44.37,0.659,High,Yes,Needs Attention
0.57,0.34,-0.16,-0.1,-0.22,-0.15,0.09,0.24,1,5,8,0.239,8.57,15.42,-0.08,112.84,84.47,109.78,0.152,High,Yes,Needs Attention
0.27,0.01,0.35,0.08,0,0.02,0.34,-0.18,8,5,8,0.1,10.8,18.23,3.48,117.58,80.39,107.42,0.152,High,Yes,Needs Attention
0.24,0.65,0.01,0.72,0.39,-0.49,-0.19,-0.29,2,5,7.34,0.1,9.89,11.34,5.47,118.38,85.2,94.88,0.14,High,Yes,Needs Attention
43,68,81,17.48,17.93,6.76,78.92,1,7,7.93,8,1.382,10.65,17.2,21.89,70.69,16.52,18.95,0.726,High,Yes,Needs Attention
-0.08,-0.04,0.02,-0.13,-0.06,0,0,-0.14,3,5,8,0.234,10.12,11.9,2.35,118.63,79.12,100.52,0.15,High,Yes,Needs Attention
0.43,-0.01,-0.23,-0.21,-0.03,-0.67,0.13,0.23,1,5,8,0.239,8.68,18.4,0.89,120.68,73.73,101.9,0.151,High,Yes,Needs Attention
49,68,22,28.57,61.53,7.13,63.5,3,1,37.65,8,0.992,8.67,10.18,29.96,61.87,11.09,83.1,0.57,Moderate,No,Average
0.25,0,-0.12,-0.34,-0.09,-0.3,0.18,0.14,1,5,8,0.32,10.42,2.54,1.77,117.78,82.11,107.48,0.15,High,Yes,Needs Attention
0.42,0.03,0.02,-0.1,-0.22,0.1,-0.04,0.01,7,5,8,0.166,9.21,11.68,0.77,110.84,80.21,100.13,0.151,High,Yes,Needs Attention
0.31,0.28,-0.03,0.03,0.01,-0.08,0.4,-0.05,8,5,8,0.237,8.31,18.83,3.51,129.9,82.26,104.52,0.152,High,Yes,Needs Attention
0.07,0.19,0.01,0,-0.29,-0.34,-0.24,-0.63,3,5,2.47,0.249,9.86,14.14,-1.55,120.99,83.26,102.58,0.047,High,Yes,Needs Attention
-0.25,-0.09,0.17,-0.01,-0.31,-0.25,0.32,0.02,9,5,8,0.336,8.76,9.94,1.05,120.88,82.21,99.75,0.149,High,Yes,Needs Attention
36,7,37,19.87,86.36,5.78,108.32,3,2,57.83,8,0.655,8.71,13.32,22.57,85.16,71.9,56.21,0.386,Moderate,No,Needs Attention
4,18,37,22.92,85.41,7.13,106.28,3,2,56.41,8,0.502,7.21,15.88,23.15,119.02,64.08,67.07,0.327,Moderate,No,Needs Attention
0.32,0.21,-0.35,-0.22,-0.3,-0.03,0.24,0.28,1,5,8,0.1,11.48,11.66,0.92,124.57,88.73,102.77,0.151,High,Yes,Needs Attention
3,27,44,24.57,92.03,6.59,110.96,3,2,56,8,0.768,5.33,22.51,26.96,109.18,47.04,57.56,0.373,Moderate,No,Needs Attention
0.47,-0.04,0.31,-0.19,-0.08,-0.05,-0.5,0.3,0,5.94,8,0.238,9.89,9.93,3.59,126.08,81.99,95.76,0.152,High,Yes,Needs Attention
-0.6,-0.49,-0.12,-0.34,-0.19,-0.2,0.33,0.14,3,5,8,0.229,11.18,16.01,-0.78,126.83,87.82,107.96,0.146,High,Yes,Needs Attention
37,49,25,29.91,85.85,6.42,41.39,1,9,52.78,8,1.115,6.71,15.05,29.36,82.67,26.3,75.61,0.485,High,Yes,Needs Attention
0.03,0.14,0.24,-0.23,0.19,-0.01,-0.67,-0.18,0,5,8,0.228,9.59,9.2,-0.15,119.38,83.86,95.19,0.151,High,Yes,Needs Attention
13,7,43,18.2,91.12,7.01,109.66,3,2,56.1,8,0.474,7.07,10.3,17.39,91.49,77.54,51.79,0.336,Moderate,No,Needs Attention
118,18,52,28.05,90.83,6.56,20.76,3,8,56.17,8,1.312,6.8,16.07,27.35,0,56.09,50.71,0.703,High,Yes,Needs Attention
87,60,23,20.27,63.91,6.44,62.5,3,3,39.37,8,1.142,8.4,12.58,20.31,35.59,22.85,79.83,0.659,Moderate,No,Average
32,18,13,13.84,91.75,6.04,107.99,1,4,61.62,8,0.546,6.16,13.35,17.19,94,60.91,85.15,0.338,Moderate,No,Needs Attention
0.45,-0.1,-0.14,-0.32,-0.21,-0.7,0.41,0.25,1,5,8,0.169,9.64,5.46,0.71,123.19,79.86,101.99,0.151,High,Yes,Needs Attention
-0.02,-0.13,0.07,0.02,0.04,0.03,-0.06,-0.35,3,5,6.46,0.153,10.26,14.62,1.57,119.64,78.83,102.6,0.121,High,Yes,Needs Attention
-0.07,0.43,-0.43,-0.02,0.27,0.17,0.1,-0.29,5,5,7.74,0.1,9.53,13.15,0.05,129.7,84.82,100.99,0.145,High,Yes,Needs Attention
0.26,-0.13,0.03,-0.05,0.13,0.07,-0.22,0.35,0,5,8,0.328,8.75,11.74,2.4,124.77,79.68,97.16,0.15,High,Yes,Needs Attention
0.48,0.42,0.09,-0.08,-0.13,-0.17,0.27,0.17,1,5,8,0.23,10.78,13.44,4.23,117.55,77.73,103.76,0.153,High,Yes,Needs Attention
0.12,-0.05,0.11,0.04,0.17,-0.04,0.07,-0.21,3,5,8,0.183,10.48,10.36,0.21,130.79,78.26,103.24,0.151,High,Yes,Needs Attention
19,17,39,24.72,85.56,6.73,111.28,3,2,57.61,8,0.711,6.57,9.63,28.81,95.52,61.64,63.27,0.373,Moderate,No,Needs Attention
0.18,-0.16,0,0.15,0.13,-0.44,-0.3,-0.18,2,5,8,0.238,8.45,11.03,2.2,112.46,75.84,96.67,0.15,High,Yes,Needs Attention
0.87,0.93,0.03,-0.26,-0.38,-0.74,0.43,0.19,1,5,8,0.233,8.81,10.14,1.27,117.02,77.18,94.65,0.156,High,Yes,Needs Attention
-0.01,-0.07,-0.35,-0.19,-0.67,0.2,0.08,0.31,4,5,8,0.252,10.31,20.72,1.91,116.22,80.54,100.66,0.149,High,Yes,Needs Attention
117,19,55,28.8,91.78,6.12,25.16,3,8,50.75,8,1.357,7.73,15.65,30.89,1.18,62.62,48.72,0.712,High,Yes,Needs Attention
95,14,50,26.63,84.32,6.56,56.32,2,5,49.79,8,1.208,8.43,8.13,30.92,28.99,70.82,54.16,0.618,Moderate,No,Average
89,25,54,24.69,85.57,6.35,48.99,2,5,46.85,8,1.268,7.28,20.15,26.97,30.83,55.96,48.34,0.647,High,Yes,Needs Attention
-0.18,-0.21,0.42,0.01,0.49,-0.14,0.08,-0.18,6,5,8,0.213,8.81,10.27,2.32,120.14,78.31,97.78,0.15,High,Yes,Needs Attention
0.17,-0.44,0.23,-0.56,0.08,-0.84,1.11,0.01,9,5,8,0.182,10.67,12.12,0.31,120.12,76.4,96.55,0.15,High,Yes,Needs Attention
120,20,45,25.67,88.7,6.11,54.23,2,5,55.44,8,1.432,6.98,15.59,28.43,0,61.18,54.93,0.695,Moderate,No,Average
0.23,0.18,0.01,-0.04,0.08,-0.16,0.1,0,1,5,8,0.164,9.93,4.12,0.02,112.19,79.35,99.96,0.151,High,Yes,Needs Attention
64,35,23,23.02,61.89,5.68,63.04,3,3,38.65,8,0.963,6.65,11.05,24.68,54.07,44.66,81.43,0.514,Moderate,No,Average
95,55,42,26.8,82.15,5.95,193.35,0,6,59.47,8,1.385,7.13,9.71,32.62,20.79,26.05,56.08,0.722,Moderate,No,Healthy
78,58,44,26.8,80.89,5.11,284.44,0,6,67.66,8,1.231,8.74,12.82,24.54,40.84,24.08,54.41,0.688,Low,No,Average
0.22,-0.07,0.03,0.24,-0.03,-0.18,0.41,0.13,6,5,8,0.136,9.03,13.48,2.09,126.8,81.15,108.19,0.151,High,Yes,Needs Attention
0.22,0.42,-0.19,0.09,0.22,-0.29,-0.27,-0.07,2,5,8,0.174,10.56,11.69,2,119.41,78.9,106.39,0.151,High,Yes,Needs Attention
0.24,0.17,0.03,0.03,-0.18,0.1,0.14,0.05,1,5,8,0.163,7.42,11.51,1.19,113.15,76.62,96.44,0.151,High,Yes,Needs Attention
57,73,85,18.49,14.72,7.36,91.95,1,7,13.55,8,1.373,8.82,16.26,19.68,59.03,4.55,20.88,0.794,High,Yes,Needs Attention
0.45,0.44,0.27,-0.45,0.35,0.02,-0.67,0.14,0,5,8,0.155,9.57,13.21,1.19,128.1,82.95,95.24,0.153,High,Yes,Needs Attention
0.71,0.3,-0.3,-0.22,-0.24,-0.47,0.14,-0.11,1,5,8,0.226,11.5,12.17,0.9,126.95,78.01,98.56,0.152,High,Yes,Needs Attention
0.59,0.24,-0.38,-0.04,-0.26,-0.57,0.44,0.4,1,5,8,0.304,8.59,12.59,1.79,122.39,74.38,99.1,0.151,High,Yes,Needs Attention
-0.01,-0.01,-0.36,-0.23,0.32,-0.22,-0.22,0.17,9,5,8,0.242,10.41,19.34,0.54,112.2,84.65,100.05,0.149,High,Yes,Needs Attention
87,60,23,20.27,63.91,6.44,62.5,3,3,40.23,8,1.012,9.21,12.69,24.8,34.53,16.23,79.48,0.659,Moderate,No,Average
27,72,23,19.93,21.8,5.96,64.03,0,0,16.45,8,0.983,8.48,9.94,21.05,94.92,8.14,77.43,0.521,High,Yes,Needs Attention
-0.02,0.16,0.08,-0.16,-0.21,0.27,0.12,0.09,8,5,8,0.157,9.38,4.36,2.19,120.15,81.8,102.38,0.151,High,Yes,Needs Attention
0.67,0.2,-0.25,-0.29,-0.06,-0.31,0.03,0.24,1,5,8,0.24,9.89,6.26,0.21,116.48,79.81,98.64,0.152,High,Yes,Needs Attention
-0.26,-0.15,0.73,-0.13,0.4,0.46,0.2,-0.5,6,5,4.71,0.201,8.26,10.13,2.77,118.45,70.24,100.77,0.089,High,Yes,Needs Attention
0.04,-0.15,-0.22,0.01,0.55,-0.18,0.07,0.57,9,5,8,0.183,9.28,11.57,2.61,116.76,81.71,100.54,0.149,High,Yes,Needs Attention
-0.02,0.19,-0.22,0.25,0.22,-0.2,-0.2,0.12,2,5,8,0.192,11.02,9.78,2.38,114.29,85.12,94.67,0.15,High,Yes,Needs Attention
-0.26,0.05,-0.13,0.02,0.4,0.2,-0.23,-0.14,9,5,8,0.196,10.26,13.4,-0.02,127.09,83.1,102.06,0.149,High,Yes,Needs Attention
0.67,0.04,0.17,-0.16,-0.15,-0.18,0.06,0.03,7,5,8,0.313,9.6,9.73,0.21,123.74,71.46,100.21,0.153,High,Yes,Needs Attention
-0.02,-0.06,0.23,-0.03,0.27,-0.16,-0.09,-0.08,2,5,8,0.199,9.86,8.34,4,118.6,88.57,96.91,0.15,High,Yes,Needs Attention
10,5,42,20.24,91.09,6.89,109.25,3,2,62.41,8,0.629,8.05,14.45,20.59,111.76,69.7,56.3,0.318,Moderate,No,Needs Attention
0.24,0.06,-0.35,0.09,0.02,-0.27,0.13,0.12,8,5,8,0.275,10.52,17.48,2.55,121.71,75.63,98.75,0.15,High,Yes,Needs Attention
19,17,39,24.72,85.56,6.73,111.28,3,2,57.61,8,0.703,7.05,7.57,24.8,112.71,66.13,60.02,0.373,Moderate,No,Needs Attention
98,26,52,27.34,90.7,6.15,28.69,3,8,50.07,8,1.113,9.02,12.97,30.35,26.36,55.81,55.04,0.67,High,Yes,Needs Attention
113,6,52,27.76,90.36,6.74,25.22,3,8,51.36,8,1.315,8.81,4.38,28.23,11.17,74.32,56.36,0.651,High,Yes,Needs Attention
-0.62,-0.19,-0.72,0.47,0.21,-0.2,-0.23,0.31,4,5,8,0.154,10.42,6.1,0.53,120.81,77.91,89.82,0.145,High,Yes,Needs Attention
65,60,22,25.37,72.52,6.61,107.91,3,3,41.49,8,1.139,7.09,9.64,25.8,52.83,25.32,79.95,0.592,Moderate,No,Average
0.43,0.01,-0.06,-0.11,-0.39,0.21,-0.15,0.34,7,5,8,0.124,8.74,16.54,0.56,126.48,79.83,103.88,0.151,High,Yes,Needs Attention
-0.11,-0.44,0.06,-0.29,-0.19,-0.23,-0.01,-0.1,3,5,8,0.102,9.43,8.89,1.82,123.37,74.18,99.08,0.148,High,Yes,Needs Attention
0.21,0.03,0.19,-0.79,0.54,-0.02,-0.83,0.42,0,5,8,0.361,9.8,8.74,0.81,115.64,84.9,103.52,0.151,High,Yes,Needs Attention
0,-0.24,-0.58,-0.5,0.43,-0.39,0.17,0.11,9,5,8,0.119,7.97,12.14,-0.64,122.27,81.12,107.2,0.148,High,Yes,Needs Attention
24,18,6,26.57,94.45,6.29,116.38,1,4,57.03,8,0.58,7.88,12.15,28.03,100.19,66.46,88.51,0.294,Moderate,No,Needs Attention
43,68,20,29.58,66.18,7.5,69.44,3,1,41.43,8,0.995,9.38,8.86,29.36,66.52,14.29,80.54,0.547,Moderate,No,Average
0.31,0.25,0.2,-0.12,0.04,-0.36,0.28,-0.07,1,5,8,0.171,10.33,19.94,2.35,115.08,89.32,107.63,0.152,High,Yes,Needs Attention
100,17,48,29.73,94.3,6.37,26.52,3,8,55.12,8,1.186,6.72,10.94,32.47,21.81,61.76,47.05,0.636,High,Yes,Needs Attention
37,18,39,24.15,94.51,6.42,110.23,3,2,62.16,8,0.66,6.59,12.45,25.61,73.38,62.06,60.54,0.429,Moderate,No,Average
95,16,46,27.08,90.14,6.75,24.45,3,8,52.5,8,1.141,7.8,10.39,28.99,16.17,66.88,52.21,0.612,High,Yes,Needs Attention
0.08,0.18,-0.08,0.1,0.08,-0.22,0.18,-0.13,5,5,8,0.114,9.59,13.76,4.23,118.57,78.6,104.29,0.151,High,Yes,Needs Attention
0.35,0.27,-0.28,-0.13,-0.15,-0.17,0.12,-0.04,1,5,8,0.17,10.2,16.94,1.13,122.11,82.94,105.04,0.151,High,Yes,Needs Attention
0.18,0.06,0.12,-0.61,0.33,0.04,-0.58,0.07,0,5,8,0.276,10.34,18.65,-0.53,122.51,68.15,100.53,0.151,High,Yes,Needs Attention
60,46,22,24.89,65.61,6.63,87.93,3,3,42.96,8,0.988,9.2,8.95,27.26,67.91,33.71,78.13,0.533,Moderate,No,Average
0.95,0.02,-0.03,-0.46,0.11,-0.28,-0.09,0.11,0,5,8,0.1,8.62,16.4,-0.66,119.46,79.57,93.15,0.153,High,Yes,Needs Attention
0.32,0.06,0.13,-0.24,0.09,0.06,-0.33,-0.01,0,5,8,0.271,9.97,14.2,0.94,117.82,79.38,105.56,0.152,High,Yes,Needs Attention
93,22,52,26.59,81.33,6.93,41.88,2,5,43.82,8,1.201,7.35,15.9,27.19,20.46,54.49,46.59,0.643,High,Yes,Needs Attention
14,57,15,29.88,83.15,6.62,40.12,1,9,48.01,8,0.673,7.57,11.63,30.33,104.08,26.62,84.43,0.413,High,Yes,Needs Attention
0.85,0.35,0.05,-0.63,-0.23,0.16,0.36,-0.09,1,5,8,0.267,10.62,11.25,0.49,122.69,77.63,103.84,0.154,High,Yes,Needs Attention
86,59,35,25.79,82.11,6.95,243.51,0,6,66.17,8,1.267,8.67,15.74,28.64,37.76,21.8,65.79,0.688,Moderate,No,Average
0,-0.21,-0.1,0.19,-0.1,0.08,-0.13,-0.14,3,5,8,0.105,11.15,15.82,3.35,121.32,80.06,104.12,0.149,High,Yes,Needs Attention
0,0.03,0.05,-0.28,0.15,0.06,-0.66,0.32,0,5,8,0.348,10.17,18.26,2.61,122.74,81.97,102.36,0.15,High,Yes,Needs Attention
0.02,0.04,0.16,-0.17,0.33,-0.22,0.02,-0.2,2,5,8,0.2,9.63,12.79,1.83,126.36,85.68,100.66,0.151,High,Yes,Needs Attention
-0.22,-0.47,-0.4,-0.02,-0.58,0.28,0.4,0.09,4,5,8,0.187,9.51,11.57,1.09,120.6,81.25,101.64,0.147,High,Yes,Needs Attention
114,30,51,29.25,90.07,6.07,25.93,3,8,50.86,8,1.338,5.76,2.16,27.21,12.84,53.37,44.51,0.726,High,Yes,Needs Attention
16,75,21,18.51,23.62,5.68,87.05,0,0,19.83,8,0.966,10.5,5.55,20.56,100.37,5.58,78.4,0.493,High,Yes,Needs Attention
-0.13,-0.25,0.03,-0.04,0,-0.17,0.17,-0.2,6,5,8,0.156,9.43,10.42,-1.96,119.76,78.23,104.31,0.149,High,Yes,Needs Attention
-0.14,-0.18,0.03,0.13,0.04,-0.18,0.12,0.36,6,5,8,0.1,10.25,7.6,-1.26,117.74,79.61,96.38,0.149,High,Yes,Needs Attention
34,45,21,28.19,82.61,6.29,37.01,1,9,49.99,8,0.746,8.36,15.26,29.45,89.96,33.87,76.14,0.452,High,Yes,Needs Attention
-0.18,-0.15,0.08,-0.02,-0.1,0,0.18,-0.24,4,8.7,7.64,0.305,8.51,6.76,1.88,115.11,82.42,96.4,0.142,High,Yes,Needs Attention
0.08,-0.05,-0.3,-0.29,-0.05,0.19,-0.25,-0.6,5,5,2.85,0.265,8.83,9.99,0.53,118.31,80.48,100.91,0.053,High,Yes,Needs Attention
99,29,55,29.19,91.46,6.66,26.48,3,8,53.39,8,1.278,9.01,10.15,32.99,11.7,47.82,50.61,0.691,High,Yes,Needs Attention
0.31,-0.1,-0.16,0.1,0.55,-0.16,-0.3,-0.01,2,5,8,0.31,10.03,16.82,2.29,122.66,79.21,102.35,0.15,High,Yes,Needs Attention
0.15,0.01,-0.18,0.02,-0.21,-0.18,-0.35,0.04,7,5,8,0.26,9.17,9.57,1.15,126.08,73.89,91.47,0.15,High,Yes,Needs Attention
-0.2,-0.06,0.23,0.02,-0.17,0.15,0.02,-0.23,9,5,8,0.178,9.63,13.81,3.6,124.75,79.32,102.36,0.15,High,Yes,Needs Attention
8,16,6,12.23,90.26,7.11,108.42,1,4,60.6,8,0.367,8.58,12.78,16.08,116.06,64.01,92.23,0.241,Moderate,No,Needs Attention
0.29,0.47,-0.37,0.22,-0.17,-0.42,-0.17,0.11,5,5,8,0.229,10.69,15.61,2.49,123.91,86.76,102.41,0.151,High,Yes,Needs Attention
63,35,16,22.03,65.36,6.27,83.73,3,3,43.22,8,0.817,6.65,15.4,22.37,60.5,50.39,83.4,0.49,Moderate,No,Average
21,51,15,29.36,89.19,6.68,48.3,1,9,56.31,8,0.722,9.15,11.87,30.03,102.07,24.86,81.56,0.415,High,Yes,Needs Attention
53,74,15,29.43,64.94,7.52,72.18,3,1,34.46,8,1.077,9.09,5.21,28.76,70.39,6.81,84.71,0.58,Moderate,No,Average
-0.05,-0.36,-0.31,0.1,-0.32,0.04,0.08,0.26,4,5,8,0.1,9.61,11.07,1.54,116.77,81.24,98.54,0.148,High,Yes,Needs Attention
-0.09,-0.1,0.14,-0.23,0.05,0.05,-0.04,-0.16,8,5,8,0.185,8.56,11.92,-0.31,119.09,79.18,101.09,0.15,High,Yes,Needs Attention
52,70,16,33.67,66.6,7.53,67.33,3,1,45.25,8,1.004,9.14,13.14,34.68,68.35,9.33,80.46,0.567,Moderate,No,Average
0.02,-0.04,0,0.37,0.14,0.17,-0.03,0.09,2,5,8,0.282,10.22,9.05,2.26,118.3,78.62,95.5,0.15,High,Yes,Needs Attention
17,64,17,21.02,24.94,5.66,124.61,0,0,21.19,8,0.64,7.67,16.56,19.54,95.17,23.49,85.93,0.45,High,Yes,Needs Attention
74,58,18,20.04,56.36,6.73,109.02,3,3,40.16,8,1.069,8.11,12.05,19.64,39.82,20.34,86.44,0.6,Moderate,No,Average
30,63,16,23.61,21.91,5.53,100.6,0,0,20.05,8,0.815,12,8.32,24.35,91.15,18.36,86.32,0.481,High,Yes,Needs Attention
24,18,6,26.57,94.45,6.29,116.38,1,4,62.11,8,0.565,7.41,10.17,27.99,100.53,51.88,91.4,0.294,Moderate,No,Needs Attention
59,70,84,17.33,18.75,7.55,82.62,1,7,20.18,8,1.475,8.54,19.71,18.09,61.05,13.29,13.04,0.788,High,Yes,Needs Attention
0.21,0.17,0.06,0.27,0.25,-0.14,0.15,-0.12,2,5,8,0.346,8.74,14.66,1.36,133.61,84.57,97.21,0.151,High,Yes,Needs Attention
-0.23,-0.08,0.14,0.27,-0.26,-0.15,-0.11,-0.18,3,5,8,0.252,11.53,16.19,0.71,115.63,75.87,103.42,0.149,High,Yes,Needs Attention
0.35,0.15,0.1,-0.15,-0.08,0.03,-0.37,0.08,0,5,8,0.171,10.6,7.83,-0.82,121.87,77.8,96.6,0.152,High,Yes,Needs Attention
0,65,15,23.46,23.22,5.65,95.84,0,0,19.83,8,0.699,10.58,9.24,24.16,126.46,16.81,88.54,0.397,High,Yes,Needs Attention
20,8,12,25.3,94.96,7.26,117.97,1,4,57.25,8,0.412,7.62,9.27,26.48,105.33,72.08,90.55,0.269,Moderate,No,Needs Attention
0.14,-0.01,-0.18,0.15,0.06,-0.11,-0.22,-0.4,5,5,5.8,0.268,11,12.74,1.18,123.14,81.88,105.13,0.109,High,Yes,Needs Attention
-0.22,-0.45,-0.75,-0.3,-0.21,-0.26,-0.36,0.45,4,5,8,0.1,8.91,11.3,1.37,125.57,79.3,105,0.146,High,Yes,Needs Attention
49,69,82,18.32,15.36,6.26,81.79,1,7,16.94,8,1.334,9.53,10.04,20.45,71.28,18.45,20.17,0.75,High,Yes,Needs Attention
0,55,22,22.99,20.58,5.92,143.86,0,0,18.35,8,0.698,9.52,10.54,25.51,128.31,22.32,72.13,0.387,High,Yes,Needs Attention
31,37,21,27.24,86.4,6.71,37.31,1,9,50.67,8,0.832,8.97,8.82,27.79,95.42,53.77,81.44,0.418,High,Yes,Needs Attention
0.35,-0.09,0.35,-0.06,-0.01,-0.2,0.05,0.04,6,5,8,0.1,10.07,11.28,-0.92,115.39,85.06,100.11,0.152,High,Yes,Needs Attention
0.18,0.04,0.01,-0.11,-0.05,-0.11,0.42,0.32,8,5,8,0.311,9.13,16.45,3.3,121.43,83.29,98.5,0.151,High,Yes,Needs Attention
22,60,24,18.78,20.25,5.63,104.26,0,0,18.94,8,0.825,9.31,5.95,20.86,90.26,15.84,81.45,0.472,High,Yes,Needs Attention
-0.47,0.13,-0.17,-0.03,-0.17,-0.07,-0.04,-0.25,3,5,8,0.1,8.08,13.39,0.04,128.08,83.51,99.56,0.149,High,Yes,Needs Attention
9,25,41,24.82,91.91,5.97,109.29,3,2,57.77,8,0.41,5.13,17.52,26.74,112.12,57.42,56.88,0.375,Moderate,No,Needs Attention
-0.15,-0.1,-0.36,0.02,-0.04,0.28,0.14,0.32,4,5,8,0.1,10.58,11.27,3.12,126.89,71.62,104.86,0.148,High,Yes,Needs Attention
-0.11,-0.24,-0.11,0.13,-0.43,-0.02,-0.17,-0.11,3,5,8,0.196,9.39,9.88,4.22,119.56,74.62,98.49,0.149,High,Yes,Needs Attention
0.08,0.18,-0.57,-0.57,-0.24,0.19,0.05,0.16,4,5,8,0.193,9.49,15.7,1.31,110.64,81.25,98.25,0.149,High,Yes,Needs Attention
14,59,15,21.35,22.91,5.78,146.45,0,0,23.61,8,0.779,10.01,8.06,24.44,119.19,20.47,80.49,0.419,High,Yes,Needs Attention
99,55,35,21.72,80.24,6.5,277.96,0,6,61.67,8,1.29,9.14,11.91,21.41,21.66,22.93,61.72,0.714,Low,No,Average
25,17,40,18.91,87.75,6.61,111.28,3,2,58.33,8,0.603,8.09,7.84,20.36,90,67.32,57.06,0.394,Moderate,No,Needs Attention
0.29,0.51,0.62,0.57,0.15,-0.3,-0.06,-0.27,2,5,7.92,0.175,11.67,4.52,1.57,125.44,75.95,101.86,0.153,High,Yes,Needs Attention
27,79,82,17.07,17.54,6.31,70.87,1,7,17.57,8,1.331,9.81,11.39,19.08,103.18,0,13.92,0.717,High,Yes,Needs Attention
68,40,19,26.14,66.21,6.66,107.24,3,3,45.38,8,0.98,8.4,6.95,30.06,50.99,37.41,73.57,0.529,Moderate,No,Average
-0.06,-0.36,-1.22,-0.39,-0.68,0.34,0.16,0.7,4,6.8,8,0.127,10.01,11.95,1.48,119.56,82.4,102.43,0.145,High,Yes,Needs Attention
0.13,0.13,-0.52,-0.12,0.04,0.21,-0.21,-0.19,4,5,8,0.271,8.46,16.46,-0.03,121.06,72.99,97.98,0.149,High,Yes,Needs Attention
0.19,-0.1,0.12,0.17,0.45,-0.31,0.59,0.25,6,5,8,0.152,10.69,19.42,-0.23,114.26,78.11,99.81,0.151,High,Yes,Needs Attention
77,36,23,24.71,56.73,6.65,88.45,3,3,43.67,8,0.946,5.89,12.37,28.68,39.55,37.11,82.13,0.555,Moderate,No,Average
93,41,17,25.62,66.5,6.05,105.47,3,3,48.59,8,1.063,7.5,16.08,27.89,35.91,37.75,83.29,0.599,Moderate,No,Average
0.5,0.02,-0.18,0.43,-0.2,-0.01,0.41,-0.04,8,5,8,0.288,9.78,13.6,2.6,118.84,82.87,106.22,0.151,High,Yes,Needs Attention
-0.01,0.08,0.12,0.04,-0.06,-0.31,0.02,-0.21,2,5,8,0.191,8.96,10.47,1.02,115.82,82.88,99.61,0.151,High,Yes,Needs Attention
88,17,52,29.9,90.75,6.65,25.38,3,8,51.95,8,1.086,7.03,4.3,31.8,29.74,60.09,52.03,0.613,High,Yes,Needs Attention
21,44,18,27.07,86.9,7.13,50.47,1,9,52.68,8,0.772,9.42,18.51,27.09,104.36,38.13,79.81,0.402,Moderate,No,Average
-0.11,-0.25,0.06,-0.2,0.03,-0.32,0.29,-0.03,9,5,8,0.37,10.85,7.8,1.88,110.23,79.51,100.37,0.149,High,Yes,Needs Attention
0.1,0.28,0.22,0.61,0.1,-0.32,-0.41,-0.09,2,5,8,0.22,9.06,17.53,0.35,121.17,85.16,96.05,0.152,High,Yes,Needs Attention
0,12,7,20.18,90.65,6.97,116.81,1,4,54.41,8,0.413,7.01,14.15,21.14,132.31,67.48,89.74,0.208,Moderate,No,Needs Attention
-0.03,-0.53,-0.11,-0.24,0.01,-0.18,0.16,-0.51,3,5,4.44,0.279,8.47,8.1,0.3,130.19,68.64,99.21,0.081,High,Yes,Needs Attention
0.1,0.21,-0.03,0.05,-0.09,0.27,0.08,-0.04,8,5,8,0.153,10.46,13.25,-3.34,122.77,83.37,94.72,0.151,High,Yes,Needs Attention
-0.18,0.1,0.14,-0.32,0.26,-0.07,0.4,0.3,9,5,8,0.202,9.49,20.53,0.66,126.76,78.06,100.5,0.15,High,Yes,Needs Attention
-0.19,0.48,-0.14,0.09,0.27,0,0.08,-0.15,5,5,8,0.1,7.78,18.14,0.24,126.72,78.42,98.93,0.151,High,Yes,Needs Attention
-0.29,0.02,-0.03,-0.18,-0.3,0.14,0.02,0.2,9,5,8,0.182,9.86,9.95,1,119.66,81.32,100.97,0.149,High,Yes,Needs Attention
0.36,-0.02,0.14,-0.03,-0.11,0.15,-0.41,0.18,7,5,8,0.153,10.19,9.15,1.47,124.26,74.32,94.61,0.151,High,Yes,Needs Attention
1.06,0.03,-0.13,-0.16,-0.5,-0.6,-0.06,-0.29,7,5,7.38,0.174,10.73,12.4,3.99,127.88,80.27,102.94,0.141,High,Yes,Needs Attention
-0.31,0.14,0.43,-0.28,0.39,0.47,0.11,-0.04,6,5,8,0.142,9.67,11.34,1.68,113.99,82,106.36,0.151,High,Yes,Needs Attention
11,46,24,27.65,89.81,6.46,56.53,1,9,49.42,8,0.663,7.13,16.8,29.65,111.88,35.46,81.95,0.396,Moderate,No,Needs Attention
14,67,22,23.83,24.75,5.62,84.64,0,0,17.31,8,0.861,11.12,14.96,26.07,107.81,10.6,85.62,0.465,High,Yes,Needs Attention
0.06,-0.09,-0.2,-0.22,-0.11,-0.13,-0.34,0.06,5,5,8,0.189,9.76,5.23,2.59,120.46,84.06,100.37,0.149,High,Yes,Needs Attention
67,51,24,23.5,61.32,5.58,64.78,3,3,42.59,8,0.903,8.94,13.83,25.68,53.07,25.01,74.59,0.575,Moderate,No,Average
0,0.03,-0.09,0.18,0.08,-0.09,0.24,0.13,6,5,8,0.14,9.21,11.28,2.1,121.16,77.47,102.04,0.15,High,Yes,Needs Attention
81,6,55,24.89,85.87,6.11,51.71,2,5,53.29,8,0.93,8.29,12.15,27.46,40.58,73.46,44.05,0.567,Moderate,No,Average
21,17,15,23.98,91.55,7.46,118.49,1,4,58.22,8,0.538,6.01,13,21.84,104.59,64.18,78.04,0.308,Moderate,No,Needs Attention
-0.47,-0.02,-0.24,-0.23,0.22,0.12,-0.07,0.11,9,5,8,0.236,9.28,16.79,4.4,122.85,78.72,103.52,0.148,High,Yes,Needs Attention
23,39,22,29.26,81.98,6.86,42.02,1,9,48.03,8,0.725,6.49,15.91,33.14,96.11,45.91,77.06,0.404,High,Yes,Needs Attention
0.23,0.05,-0.13,0,-0.18,-0.37,0.19,0.13,1,5,8,0.138,9.15,9,1.83,115.57,81.13,94.26,0.15,High,Yes,Needs Attention
0.06,0.31,-0.35,-0.37,-0.05,-0.15,-0.12,0.17,4,5,8,0.22,11,11.77,-0.99,117.58,79.99,98.32,0.15,High,Yes,Needs Attention
107,5,52,26.66,89.98,6.88,57.41,2,5,49.36,8,1.146,6.89,10.21,29.98,14.31,76.04,47.15,0.631,Moderate,No,Average
0.45,-0.15,-0.31,-0.17,-0.62,-0.02,0.27,-0.17,1,5,8,0.109,10.48,5.27,0.29,116.02,83.08,100.36,0.15,High,Yes,Needs Attention
-0.03,-0.28,-0.18,-0.25,-0.42,0.41,-0.09,0.16,4,5,8,0.256,11.28,11.56,2.05,124.76,81.24,100.28,0.149,High,Yes,Needs Attention
0.02,-0.04,-0.09,-0.22,-0.11,-0.05,-0.04,-0.11,9,5,8,0.265,9.73,19.38,-0.64,122.13,72.8,105.57,0.15,High,Yes,Needs Attention
0.1,-0.1,-0.29,0.16,-0.02,-0.12,0.35,-0.04,6,5,8,0.274,10.74,5.15,5,125.62,84.46,95.14,0.149,High,Yes,Needs Attention
-0.04,0.18,-0.13,-0.09,-0.01,-0.17,-0.24,-0.07,5,5,8,0.151,10.28,11.9,-0.75,116.85,80.3,99.52,0.15,High,Yes,Needs Attention
0.02,-0.25,0.52,0.02,-0.02,0.07,0.37,-0.66,3,7.14,2.33,0.296,9.87,11.78,1.62,115.82,82.99,95.96,0.044,High,Yes,Needs Attention
18,21,35,23.28,94.94,6.37,111.14,3,2,55.9,8,0.605,8.13,13.15,21.6,107.68,57.38,70.02,0.371,Moderate,No,Needs Attention
3,26,39,24.38,91.19,7.08,103.6,3,2,59.05,8,0.66,9.31,8.15,25.82,117.65,46.69,58.75,0.355,Moderate,No,Needs Attention
13,22,5,19.67,90.5,7.76,100.17,1,4,54.4,8,0.399,6.85,6.3,20.53,105.99,48.88,93.62,0.271,Moderate,No,Needs Attention
0.48,0.06,0.3,0.23,0.04,0,-0.05,0.24,7,5,8,0.187,8.79,6.49,3.44,123.01,76.16,103.9,0.152,High,Yes,Needs Attention
0.14,0,0.42,-0.18,0.16,0.04,0.12,-0.44,8,5,4.9,0.1,8.73,17.32,0.68,123.17,82.07,104.88,0.094,High,Yes,Needs Attention
0.13,-0.15,0.26,-0.28,0.07,0.27,0.24,-0.22,6,5,8,0.177,10.74,8.07,2.93,113.59,85.34,105.63,0.151,High,Yes,Needs Attention
11,61,21,18.62,23.02,5.53,135.34,0,0,24.2,8,0.765,10.3,10,18.58,115.92,20.21,72.43,0.434,High,Yes,Needs Attention
81,30,48,28.52,92.1,6.04,29.87,3,8,58.75,8,1.121,6.91,20.42,29.6,36.95,45.79,53.93,0.621,High,Yes,Needs Attention
12,8,10,16.15,91.44,8,107.43,1,4,57.53,8,0.52,5.33,9.06,17.26,116.5,68.86,91.08,0.239,Moderate,No,Needs Attention
36,7,37,19.87,86.36,5.78,108.32,3,2,56.94,8,0.587,6.92,13.37,22.11,77.33,78.44,62.8,0.386,Moderate,No,Needs Attention
0.33,0.42,0.24,-0.12,-0.01,-0.15,0.53,-0.21,8,5,8,0.161,10.3,16.26,1.93,121.26,74.34,100.03,0.153,High,Yes,Needs Attention
0,0.37,-0.04,-0.12,0.1,-0.3,0.07,-0.21,2,5,8,0.13,9.68,16.06,2.46,119.07,88.04,105.18,0.151,High,Yes,Needs Attention
83,10,53,24.93,85.01,6.2,48.76,2,5,48.91,8,1.031,7.81,6.67,26.83,27.12,77.5,51.15,0.579,High,Yes,Needs Attention
0.31,-0.11,0.03,0.29,-0.24,0.44,-0.18,0.01,8,5,8,0.284,9.23,9.15,2.78,122.98,88.65,103.56,0.151,High,Yes,Needs Attention
20,29,10,29.07,93.27,7.37,100.79,1,4,61.28,8,0.672,8.43,13.21,29.22,90.38,52.52,90.83,0.328,Moderate,No,Needs Attention
-0.03,-0.31,-0.3,-0.28,-0.21,0.36,0.16,0.02,4,5,8,0.14,10.1,19.72,1.8,118.57,78.94,109.38,0.148,High,Yes,Needs Attention
13,60,25,17.14,20.61,5.69,128.26,0,0,18.56,8,0.73,9.82,8.95,21.05,112.52,21.43,73.4,0.449,High,Yes,Needs Attention
81,18,50,26.44,80.92,6.51,47.82,2,5,48.71,8,1.001,7.89,10.03,25.42,36.35,65.63,43.54,0.59,High,Yes,Needs Attention
-0.03,0.34,0.35,-0.21,0.25,-0.12,-0.63,0.39,0,5,8,0.308,10.27,13.68,2.02,115.51,77.06,98.59,0.152,High,Yes,Needs Attention
11,10,45,22.63,88.46,6.4,109.04,3,2,55.79,8,0.686,8,14.48,25.15,113,65.6,55.23,0.346,Moderate,No,Needs Attention
0.16,-0.22,0.15,0.11,-0.14,0.13,0.09,-0.12,3,5,8,0.192,8.83,14.72,3.8,118.59,79.08,105.06,0.15,High,Yes,Needs Attention
1,17,6,10.79,91.38,6.82,117.53,1,4,55.65,8,0.232,7.84,8.61,13.38,116.97,59.91,91.96,0.224,Moderate,No,Needs Attention
0.43,0.1,-0.14,0.35,0.47,0.28,-0.07,0.09,2,5,8,0.1,10.53,9.87,2,125.94,84.86,102.1,0.151,High,Yes,Needs Attention
81,41,38,22.68,83.73,7.52,200.91,0,6,57.93,8,1.174,8.81,12.86,24.83,33.16,36.53,56.09,0.626,Moderate,No,Average
0.61,-0.27,0.05,-0.42,-0.26,-0.24,0.46,0.13,1,5,8,0.246,10.17,17.05,-0.02,117.09,80.65,104.28,0.151,High,Yes,Needs Attention
-0.32,0.11,-0.32,-0.22,0.4,0.21,-0.21,-0.42,3,5.97,5.56,0.1,8.77,11.05,0.7,124.65,83.82,100.59,0.103,High,Yes,Needs Attention
0.1,-0.17,-0.15,0.04,0.24,0.29,0.15,0.22,9,5,8,0.173,8.93,11.91,-0.46,113.74,85.29,99.03,0.149,High,Yes,Needs Attention
26,80,83,17.08,16.15,7.53,71.31,1,7,14.88,8,1.463,8.91,7.9,20.81,102.88,0.83,25.53,0.72,High,Yes,Needs Attention
40,78,20,19.19,20.83,5.67,80.15,0,0,15.05,8,1.011,9.42,19.45,21.37,78.92,3.54,84.28,0.569,High,Yes,Needs Attention
28,65,23,28.39,61.89,7.41,74.24,3,1,38.39,8,1.015,8.08,12.62,28.52,96.37,10.93,72.84,0.502,Moderate,No,Average
0.73,0.19,-0.16,-0.12,-0.45,-0.33,-0.16,-0.27,1,5,7.99,0.256,8.64,16.31,1.79,123.63,83.9,99.72,0.152,High,Yes,Needs Attention
2,47,15,29.87,85.99,6.4,58.41,1,9,52.08,8,0.497,6.47,12.12,33.11,117.24,38.05,95.95,0.347,Moderate,No,Needs Attention
-0.25,0.23,-0.1,-0.02,0.44,-0.17,0.07,0.32,9,5,8,0.176,7.64,12.34,2.97,117.85,72.29,108.02,0.15,High,Yes,Needs Attention
0.65,0.06,-0.24,-0.21,-0.15,-0.23,0.06,0.09,1,5,8,0.193,6.63,6,-0.1,119.14,86.99,103.93,0.151,High,Yes,Needs Attention
91,55,15,18.09,72.61,6.38,78.96,3,3,45.61,8,1.09,7.8,3.4,14.89,32.56,22.2,77.61,0.631,Moderate,No,Average
1,62,23,15.44,18.37,5.61,139.03,0,0,16.9,8,0.638,11.61,17.01,17.53,114.07,20.38,82.33,0.414,High,Yes,Needs Attention
-0.15,0.16,0.21,-0.26,0.16,-0.38,0.06,-0.1,2,5,8,0.322,11.54,12.31,-0.09,114.13,80.15,97.25,0.151,High,Yes,Needs Attention
61,44,17,26.1,71.57,6.93,102.27,3,3,50.29,8,0.854,6.98,12.83,28.53,66.42,35.76,88.29,0.515,Moderate,No,Average
0.51,0.19,-0.49,0.3,0.22,-0.13,-0.53,0.14,2,5,8,0.288,9.89,7,3.23,115.82,78.98,97.6,0.151,High,Yes,Needs Attention
0.28,-0.1,0.16,-0.04,-0.04,0.02,-0.13,0.19,7,5,8,0.167,8.29,8.39,3.13,121.49,76.13,101.8,0.151,High,Yes,Needs Attention
110,14,51,27.02,91.67,6.09,21.26,3,8,49.66,8,1.248,6.15,16.25,31.14,8.99,68.1,46.44,0.665,High,Yes,Needs Attention
0.37,0.22,-0.07,0.14,-0.27,-0.29,-0.53,0.22,5,5,8,0.248,8.56,18.96,3.49,118.84,78.64,98.62,0.152,High,Yes,Needs Attention
0.13,-0.18,-0.03,0.04,0.14,-0.08,-0.07,0.36,8,5,8,0.152,9.52,9.51,4.16,127.02,74.94,102.52,0.15,High,Yes,Needs Attention
-0.27,0.05,-0.05,0.03,0.07,0.09,0.17,0.08,6,5,8,0.244,9.57,14.69,3.6,119.84,75.81,94.77,0.149,High,Yes,Needs Attention
-0.55,-0.29,0.47,-0.01,-0.53,-0.29,0.65,0.14,9,5,8,0.1,10.02,12.76,3.69,118.77,75.12,109.02,0.149,High,Yes,Needs Attention
4,20,41,24.27,93.8,6.54,104.54,3,2,56.02,8,0.625,8.07,11.52,25.71,114.65,57.9,54.89,0.345,Moderate,No,Needs Attention
25,62,21,26.73,68.14,7.04,67.15,3,1,44.86,8,0.651,7.71,19.41,26.3,92.48,19.94,74.67,0.478,Moderate,No,Average
114,21,55,25.44,87.94,6.47,57.52,2,5,50.64,8,1.322,7.59,10.19,30.66,2.65,56.16,47.5,0.71,Moderate,No,Healthy
0.17,0.2,-0.23,0.29,-0.19,-0.27,-0.12,0.14,5,5,8,0.269,8.66,16.96,1.88,117.33,83.7,105.4,0.15,High,Yes,Needs Attention
21,23,42,19.54,90.3,6.9,104.37,3,2,58.96,8,0.766,6.15,13.53,22.88,107.32,56.52,56.71,0.407,Moderate,No,Average
97,22,50,26.26,86.15,6.77,58.98,2,5,50.63,8,1.11,6.1,11.93,26.93,26.56,56.84,45.71,0.649,Moderate,No,Average
30,70,79,20.27,19.97,7.31,69.64,1,7,19.23,8,1.18,9.9,17.49,23.22,88.27,10.07,17.31,0.689,High,Yes,Needs Attention
0.81,-0.17,0.56,-0.22,-0.05,-0.45,-0.24,0.01,7,5,8,0.152,9.41,13.16,-2.39,124.1,85.75,95.32,0.153,High,Yes,Needs Attention
0.07,0.15,0.1,0.02,0.13,0.04,0,-0.48,3,5,4.81,0.217,7.88,11.61,0.9,111.99,74.36,101.13,0.091,High,Yes,Needs Attention
92,44,16,18.88,65.77,6.08,94.76,3,3,41.79,8,0.949,8.04,17.52,20.23,34.88,42.63,83.72,0.603,Moderate,No,Average
77,58,19,22.81,56.51,5.79,101.6,3,3,37.51,8,1.123,7.09,17,25,49.48,25.84,82.7,0.612,Moderate,No,Average
-0.13,-0.07,0.3,-0.01,0.25,-0.18,0.31,-0.25,6,5,8,0.226,11.4,16.81,3.1,131.31,79.98,101.16,0.15,High,Yes,Needs Attention
0.3,0.13,0.14,-0.29,-0.1,-0.31,0.08,0.05,7,5,8,0.181,9.17,1,-0.43,124.76,84.6,103.16,0.152,High,Yes,Needs Attention
53,65,76,20.19,16.42,6.72,77.34,1,7,20.35,8,1.406,10.02,13.76,22.68,69.19,13.71,22.36,0.731,High,Yes,Needs Attention
0.55,0.21,0.17,-0.64,0.28,0.06,-0.42,0.09,0,6.92,8,0.223,10.83,12.85,2.7,125.91,80.93,96.88,0.153,High,Yes,Needs Attention
77,36,23,24.71,56.73,6.65,88.45,3,3,35.19,8,0.973,7.38,11.86,29.73,39.87,41.83,77.63,0.555,Moderate,No,Average
-0.13,-0.35,-0.01,-0.22,-0.16,-0.19,0.11,-0.08,3,5,8,0.1,9.83,14.44,2.34,118.15,84.22,99.79,0.148,High,Yes,Needs Attention
0.8,-0.08,0.11,0.08,-0.26,-0.16,-0.03,0.02,7,5,8,0.216,10.31,13.04,0.89,118.88,77.25,100.9,0.152,High,Yes,Needs Attention
0.35,-0.15,-0.12,0,-0.31,-0.09,-0.52,-0.1,7,5,8,0.124,9.87,14.71,-0.41,126.49,79.94,97.27,0.15,High,Yes,Needs Attention
-0.29,-0.47,-0.42,-0.17,-0.45,-0.13,-0.01,0.09,4,5,8,0.147,10.12,10.93,4.07,116.01,83.19,102.99,0.146,High,Yes,Needs Attention
6,37,17,28.09,80.35,6.76,38.14,1,9,44.07,8,0.598,6.41,17.99,30.7,109.19,47.19,78.29,0.333,High,Yes,Needs Attention
0.2,0.35,0.18,-0.03,0.22,-0.3,-0.19,-0.36,2,5,6.85,0.318,10.3,15.12,1.44,120.98,76.37,98.06,0.131,High,Yes,Needs Attention
21,78,19,27.16,66.76,6.92,69.85,3,1,41.87,8,0.905,7.59,14.17,26.23,102.59,5.01,85.52,0.511,Moderate,No,Average
-0.19,0.18,0.12,-0.04,0.33,0.43,0.04,-0.14,6,5,8,0.245,10.09,13.97,0.06,116.67,75.89,95.35,0.15,High,Yes,Needs Attention
0.16,0.43,-0.15,-0.16,0.05,-0.05,0.13,0.15,9,5,8,0.1,10.67,16.63,2.29,123.19,70.97,104.35,0.151,High,Yes,Needs Attention
-0.14,-0.45,-0.5,-0.25,-0.69,-0.18,0.07,-0.12,4,5,8,0.213,10.44,16.09,1.78,126.98,77.46,94.86,0.147,High,Yes,Needs Attention
10,56,16,28.17,81.05,6.83,36.36,1,9,55.92,8,0.687,8.07,11.55,26.75,116,27.34,77.66,0.401,High,Yes,Needs Attention
0.08,0.63,-0.22,0.12,0.02,-0.32,0.3,0.21,5,5,8,0.301,10.39,15.96,2.57,121.69,79.32,94.24,0.152,High,Yes,Needs Attention
0.11,-0.47,0.4,-0.38,0.14,0.14,-0.06,-0.2,3,5,8,0.157,10.43,12.7,-1.23,119.44,78.33,100.07,0.15,High,Yes,Needs Attention
-0.19,-0.36,-0.06,-0.22,-0.03,-0.06,0.33,0.23,9,5,8,0.177,11.25,19.67,3.31,128.87,80.58,102.98,0.148,High,Yes,Needs Attention
60,48,39,24.28,80.3,7.04,231.09,0,6,67.77,8,1.167,7.71,16.39,26.09,60.08,32.09,66.17,0.59,Moderate,No,Average
0.2,0.02,-0.13,-0.04,0.02,0.12,-0.11,0.27,0,5,8,0.193,9.91,9.5,0.76,124.5,82.47,104.98,0.15,High,Yes,Needs Attention
98,22,47,29.07,91.92,6.34,28.84,3,8,53.75,8,1.113,8.38,21.32,32.06,31.79,51.55,56.45,0.643,High,Yes,Needs Attention
-0.25,-0.06,0.26,-0.21,0.37,0.37,0.41,0.13,6,5,8,0.404,9.25,3.59,1.82,124.43,79.65,96.41,0.15,High,Yes,Needs Attention
83,60,36,25.6,80.15,6.9,200.83,0,6,60.78,8,1.188,6.41,14.55,29.09,32.01,20.5,60.64,0.685,Moderate,No,Average
90,44,38,23.84,83.88,7.47,241.2,0,6,62.07,8,1.227,8.15,9.22,25.46,23.8,30.54,65.15,0.662,Moderate,No,Average
37,55,82,19.46,18.02,6.42,78.45,1,7,20.57,8,1.272,9.09,19.53,21.17,81.51,19.48,23.69,0.671,High,Yes,Needs Attention
0.15,-0.16,0.02,-0.16,0.12,0.04,-0.59,0.18,0,5,8,0.221,8.54,13.01,0.91,123.4,78.7,95.86,0.15,High,Yes,Needs Attention
60,38,17,18.42,64.24,6.47,76.41,3,3,41.73,8,0.875,8.64,8.82,20.31,62.22,42.03,88.18,0.494,Moderate,No,Average
0.27,0.02,0.24,-0.37,0.2,-0.02,-0.21,0.11,0,5,8,0.188,11.18,10.93,3.68,130.77,80.03,92.08,0.152,High,Yes,Needs Attention
0.56,0,-0.35,-0.34,0.02,-0.45,0.28,0.39,1,5,8,0.182,8.12,9.14,0.41,121.62,77.77,101.91,0.151,High,Yes,Needs Attention
0.21,0.14,0.13,-0.47,0.19,-0.05,-0.46,-0.23,0,5,8,0.114,10.77,10.78,2,118.15,77.47,99.45,0.151,High,Yes,Needs Attention
0.11,0.14,0.39,0.12,0.17,0.13,-0.77,0.12,0,5,8,0.376,7.21,10.69,0.3,114.22,78.28,98.79,0.152,High,Yes,Needs Attention
0.12,0.28,-0.3,-0.18,-0.01,0.09,0.08,-0.25,8,5,7.87,0.183,9.35,9,-1.78,125.78,80.91,100.43,0.148,High,Yes,Needs Attention
0.05,-0.12,0.23,-0.21,0.14,-0.18,-0.14,-0.28,2,5,7.75,0.249,11.59,13.08,1.6,119.92,85.1,96.36,0.146,High,Yes,Needs Attention
66,53,19,23.09,60.12,6.03,65.5,3,3,39.21,8,1.001,7.92,13.56,25.15,46.47,18.12,82.78,0.564,Moderate,No,Average
0,-0.12,0.11,0.04,0.24,-0.18,-0.06,-0.09,2,5,8,0.172,9.83,8.01,1.37,120.11,82.61,100.13,0.15,High,Yes,Needs Attention
0.21,0.58,0.04,-0.39,0.19,0.08,0.38,-0.14,9,5,8,0.169,10.51,5.37,-1.13,114.81,78.98,103.7,0.153,High,Yes,Needs Attention
-0.05,-0.09,-0.02,0.06,0.15,-0.03,0.12,-0.27,6,5,7.12,0.1,8.03,13.24,2.02,117.92,82.19,106.38,0.133,High,Yes,Needs Attention
0.4,-0.27,0.18,0.34,-0.07,-0.01,0.06,-0.2,8,5,8,0.189,9.82,14.13,2.24,119.63,85.01,100.33,0.151,High,Yes,Needs Attention
28,35,22,29.53,86.73,7.16,59.87,1,9,51.59,8,0.677,7.65,14.92,29.7,87.47,41.98,74.73,0.406,Moderate,No,Average
0.29,0.1,-0.06,-0.19,-0.23,-0.02,0.05,0.01,1,5,8,0.296,11.62,14.2,-0.72,117.27,83.68,95.51,0.151,High,Yes,Needs Attention
120,24,47,26.99,89.41,6.26,58.55,2,5,52.88,8,1.25,6.28,18.29,28.11,0,50.98,59.79,0.713,Moderate,No,Healthy
83,57,19,25.73,70.75,6.88,98.74,3,3,45.83,8,1.108,7.6,15.99,28.21,33.41,23.51,87.28,0.626,Moderate,No,Average
74,35,40,26.49,80.16,6.98,242.86,0,6,63.07,8,1.022,6.82,22.72,28.61,40.96,44.03,63.55,0.593,Moderate,No,Average
-0.13,0.2,-0.13,-0.22,0.05,-0.07,-0.15,0.27,4,5,8,0.315,8.71,24.4,-0.04,117.72,79.99,100.37,0.15,High,Yes,Needs Attention
0.44,-0.14,0.19,0.33,-0.03,-0.03,-0.12,0.42,7,5,8,0.133,10.88,4.97,2.04,115.09,76.18,103.07,0.151,High,Yes,Needs Attention
-0.28,-0.37,0.09,0.03,-0.26,-0.29,-0.03,-0.4,3,5,5.95,0.242,9.78,3.21,2.86,123.21,82.12,105.13,0.11,High,Yes,Needs Attention
87,6,45,29.83,90.79,6.4,22.84,3,8,53.09,8,1.106,6.92,11.97,29.57,34,80.35,52.53,0.555,High,Yes,Needs Attention
0.05,-0.06,0,-0.16,-0.1,-0.09,-0.48,0.15,0,5,8,0.188,9.23,14.02,1.43,125.92,76.17,100.12,0.15,High,Yes,Needs Attention
0.34,-0.12,0.07,-0.02,-0.38,-0.03,-0.51,-0.07,0,5,8,0.1,9.2,11.7,3.49,129.09,80.88,95.51,0.151,High,Yes,Needs Attention
0.48,0.22,0,-0.25,0.23,-0.29,0.24,0.19,1,5,8,0.1,9.27,14.81,-0.66,122.91,83.2,99.48,0.152,High,Yes,Needs Attention
0.21,0.06,-0.33,0.45,0.3,-0.46,0.82,-0.1,6,5,8,0.268,8.48,10.92,3.68,122.04,78.75,106.51,0.15,High,Yes,Needs Attention
0.53,0.13,-0.44,-0.16,-0.29,-0.07,0,-0.12,5,5,8,0.1,9.5,9.22,3.77,123.17,85.31,104.75,0.151,High,Yes,Needs Attention
0.33,0.13,-0.02,0.01,-0.13,-0.62,0.3,-0.04,1,5,8,0.234,9.39,9.83,1.18,122,78.15,100.56,0.151,High,Yes,Needs Attention
94,50,37,25.67,80.66,6.95,209.59,0,6,61.25,8,1.295,6.98,11.2,26.66,26.25,29.53,52.23,0.689,Moderate,No,Average
0.35,-0.07,-0.16,0.01,-0.06,-0.34,-0.22,0.14,2,5,8,0.231,9.91,15.37,3.06,119.5,76.1,97.54,0.15,High,Yes,Needs Attention
0.74,-0.06,-0.43,-0.11,-0.25,-0.26,0.19,-0.06,1,5,8,0.239,10,10.05,1.11,114.15,80.57,100.84,0.151,High,Yes,Needs Attention
70,44,19,23.32,73.45,5.85,94.3,3,3,42.02,8,0.923,7.36,10.84,21.29,54.19,36.01,80.14,0.548,Moderate,No,Average
14,8,43,21.93,94.46,7.05,111.72,3,2,61.71,8,0.512,7.24,14.28,23.28,105.84,74.54,57.13,0.342,Moderate,No,Needs Attention
0.15,0.16,-0.29,0.34,0.06,-0.07,-0.36,0.27,2,5,8,0.257,11.91,11.2,2.55,127.1,77.3,101.26,0.15,High,Yes,Needs Attention
0.79,0.11,0.3,-0.09,-0.1,-0.18,0.06,-0.23,7,5,8,0.157,11.87,16.47,2.52,123.79,77.16,97.57,0.154,High,Yes,Needs Attention
36,68,20,17.06,23.77,5.86,81.83,0,0,18.23,8,0.724,8.1,8.32,17.24,80.87,13.85,79.97,0.526,High,Yes,Needs Attention
0.28,-0.09,0.36,-0.61,0.49,-0.07,-0.69,0.24,0,5,8,0.255,8.82,7.45,0.49,125.95,85.68,99.04,0.152,High,Yes,Needs Attention
40,9,41,24.38,85.4,5.78,106.13,3,2,58.26,8,0.657,6.56,13.22,27.35,67.2,73.52,56.19,0.415,Moderate,No,Average
-0.01,0.16,-0.06,-0.19,-0.05,-0.13,0.14,0.25,8,5,8,0.238,10.81,13.62,1.22,129.66,87.23,107.45,0.15,High,Yes,Needs Attention
-0.05,0.11,-0.31,-0.42,-0.16,0.03,0,0.11,9,5,8,0.31,9.36,8.54,-1.21,113.36,82.11,98.4,0.149,High,Yes,Needs Attention
37,49,25,29.91,85.85,6.42,41.39,1,9,44.21,8,0.867,7.84,17.37,33.27,85.48,33.08,65.98,0.485,High,Yes,Needs Attention
-0.16,0.47,-0.03,0.15,-0.07,-0.1,-0.07,-0.31,3,5,7.13,0.281,11.75,19.7,1.33,122.3,82.25,107.16,0.135,High,Yes,Needs Attention
0.17,0.22,0.22,-0.16,0.33,0.18,0.04,-0.77,3,5,1.97,0.216,9.73,9.49,2.98,125.45,85.73,96.39,0.039,High,Yes,Needs Attention
0.21,0.41,-0.13,0.16,0.01,-0.26,-0.05,-0.08,2,5,8,0.33,10.46,17.95,-0.43,118.15,84.54,103.73,0.152,High,Yes,Needs Attention
-0.28,-0.31,0.08,-0.32,0,-0.44,0.27,-0.17,3,5,8,0.112,10.27,2.47,1,109.55,75.97,97.2,0.148,High,Yes,Needs Attention
-0.02,0.26,0.03,0.24,0.09,0.06,0.14,0.51,6,5,8,0.201,9.16,16.3,2.5,118.38,82.94,102.25,0.151,High,Yes,Needs Attention
0.13,0.13,-0.05,0.15,0.02,0.03,0.19,-0.21,6,5,8,0.255,10.81,8.57,1.52,118.77,80.93,99.86,0.151,High,Yes,Needs Attention
85,27,45,26.07,88.73,6.47,57.8,2,5,58.1,8,1.127,6.68,15.9,25.8,24.75,52.22,59,0.615,Moderate,No,Average
0.05,0,-0.16,0.1,0.09,-0.15,0.12,-0.04,6,5,8,0.292,11.09,8.15,-1.98,120.18,72.91,99.31,0.15,High,Yes,Needs Attention
0.54,-0.59,-0.36,-0.24,0.92,-0.09,0.06,0.62,9,5,8,0.163,9.14,11.73,3.54,114.08,74.43,97.74,0.149,High,Yes,Needs Attention
-0.22,0.35,0.07,-0.34,-0.46,-0.14,0.11,0.15,9,5,8,0.367,9.28,8.76,1.53,123.47,78.19,100.96,0.151,High,Yes,Needs Attention
100,6,53,29.05,93.92,6.11,23.67,3,8,53.72,8,1.324,6.31,11.14,32.3,18.77,68.14,45.47,0.616,High,Yes,Needs Attention
21,78,19,27.16,66.76,6.92,69.85,3,1,38.95,8,0.931,7.16,19.32,30.05,108.81,0.62,73.28,0.511,Moderate,No,Average
0.15,0.19,0.07,0.01,-0.02,0.02,0.13,-0.05,1,5,8,0.247,9.32,11.57,2.41,118.57,82.67,97.52,0.151,High,Yes,Needs Attention
0.16,0.28,-0.33,-0.03,-0.11,-0.17,0.27,-0.04,5,5,8,0.296,7.32,20.44,0.99,121.99,77.4,111.81,0.15,High,Yes,Needs Attention
0.23,-0.05,-0.04,-0.15,-0.02,0,-0.4,0.13,0,5,8,0.106,9.52,10.46,2.08,118.7,80.38,92.75,0.15,High,Yes,Needs Attention
0.55,-0.14,0.29,-0.07,-0.11,-0.21,-0.19,-0.11,7,5,8,0.1,9.24,17.97,3.58,111.33,75.86,100.67,0.152,High,Yes,Needs Attention
7,60,25,28.28,82.76,6.4,56.05,1,9,49.23,8,0.853,8.47,5.5,29.9,111.98,21.2,74.03,0.431,Moderate,No,Average
0.39,-0.04,-0.09,-0.23,0.2,0.06,-0.59,-0.36,5,5,6.85,0.223,10.17,10.85,4.12,123.38,82.07,107.44,0.129,High,Yes,Needs Attention
0.11,0.1,0.29,0.01,0.09,-0.11,0.2,-0.13,8,5,8,0.185,9.04,9.86,-0.74,122.9,74.21,95.27,0.151,High,Yes,Needs Attention
0.18,0.13,-0.18,-0.04,0.1,-0.09,-0.05,-0.07,2,5,8,0.202,9.29,18.15,-0.95,118.35,76.86,100.59,0.15,High,Yes,Needs Attention
0.18,0.22,0.28,-0.33,0.09,0.33,0.09,0.09,6,5,8,0.1,9.51,12.74,2.65,112.54,74.71,102.46,0.152,High,Yes,Needs Attention
34,47,19,27.31,85.45,6.57,53.15,1,9,53.89,8,0.785,9.1,3.65,27.58,89.22,35.04,80.28,0.452,Moderate,No,Average
0.02,0.21,-0.24,0.07,0.21,0.01,0.06,-0.31,5,5,7.02,0.14,8.92,6.76,4.64,122.08,80.45,97.17,0.132,High,Yes,Needs Attention
-0.24,0.38,0.7,-0.29,-0.28,0,0.37,-0.04,9,5,8,0.278,9.04,7.95,3.22,124.46,79.42,99.21,0.153,High,Yes,Needs Attention
0.13,0.03,-0.12,-0.26,-0.42,-0.35,0.03,-0.27,9,5,8,0.28,8.63,15.74,3.62,118.5,79.46,98.88,0.15,High,Yes,Needs Attention
40,18,43,19.39,86.79,5.77,109.91,3,2,56.63,8,0.852,6.1,15.22,22.22,71.58,63.29,55.75,0.449,Moderate,No,Average
-0.26,-0.31,0.22,0.01,-0.01,-0.14,0.21,0.1,9,5,8,0.23,10.06,10.8,0.13,122.93,81.68,103.5,0.149,High,Yes,Needs Attention
102,28,54,25.16,80.28,6.86,55.5,2,5,47.44,8,1.184,7.95,9.81,24.17,17.95,50.02,47.61,0.694,Moderate,No,Average
6,18,37,19.66,89.94,5.94,108.05,3,2,60.1,8,0.613,8.78,14.87,23.4,120.96,59.46,65.21,0.333,Moderate,No,Needs Attention
-0.07,-0.42,0.56,-0.1,0.22,0.1,0.09,-0.14,6,5,8,0.251,10.79,7.48,-0.85,120.21,80.18,100.76,0.15,High,Yes,Needs Attention
59,60,84,19.03,18.67,7.69,94.71,1,7,18.54,8,1.518,11.68,13.83,22.91,60.77,19.24,19.84,0.757,High,Yes,Needs Attention
-0.03,-0.48,-0.35,-0.07,-0.46,-0.21,0.37,0.2,4,5,8,0.364,9.69,13.49,2.43,122.12,88.72,105.57,0.147,High,Yes,Needs Attention
38,21,35,20.34,89.38,5.84,110.97,3,2,60.05,8,0.629,7.25,10.9,21.73,79.02,57.46,63.85,0.429,Moderate,No,Average
-0.11,-0.09,0.33,0.03,-0.06,0.02,0.39,-0.31,6,5,7.24,0.17,8.45,13.59,2.19,116.88,81.25,102.95,0.136,High,Yes,Needs Attention
100,6,53,29.05,93.92,6.11,23.67,3,8,51.47,8,1.095,8.1,12.41,31.25,19.51,75.86,41.82,0.616,High,Yes,Needs Attention
0.4,0.1,0.07,-0.41,0.16,-0.06,-0.99,0.6,0,5,8,0.217,9.86,13.99,0.79,115,85.5,90.92,0.152,High,Yes,Needs Attention
0.04,-0.1,-0.01,-0.11,-0.26,0.1,-0.03,0.02,5,5,8,0.201,10.41,6.66,3.53,118.81,76.86,107.32,0.15,High,Yes,Needs Attention
-0.32,0.08,-0.11,-0.19,0.03,-0.08,-0.22,-0.3,3,5,7.31,0.179,8.61,14.46,3.4,130.02,85.28,98.78,0.136,High,Yes,Needs Attention
36,7,37,19.87,86.36,5.78,108.32,3,2,51.97,8,0.762,7.94,16.11,21.6,89.21,72.41,64.01,0.386,Moderate,No,Needs Attention
0.27,-0.29,-0.02,-0.12,-0.07,0.01,-0.49,0,0,5,8,0.112,9.96,13.28,0.48,121.27,90.3,95.12,0.15,High,Yes,Needs Attention
0.43,-0.19,0.06,-0.13,0.07,0.06,-0.36,0.07,0,5,8,0.119,9.89,14.4,3.33,127.33,81.64,94.85,0.151,High,Yes,Needs Attention
84,18,46,27.09,93.42,6.78,25.32,3,8,57.64,8,1.006,6.73,11.56,25.56,31.88,57.08,51.15,0.587,High,Yes,Needs Attention
0.26,-0.06,0.17,0.23,0.02,0.06,-0.05,0.17,8,5,8,0.173,10.94,15.57,2.4,132.19,79.27,102.4,0.151,High,Yes,Needs Attention
0.05,0.08,-0.08,0.11,0.06,-0.03,-0.12,0.25,2,5,8,0.102,11.8,12.26,2.72,117.65,85.27,98.01,0.15,High,Yes,Needs Attention
0.62,-0.13,0.22,-0.14,-0.23,0.15,-0.39,0.04,7,5,8,0.2,8.65,7.41,0.12,129.4,80.46,98.44,0.152,High,Yes,Needs Attention
0.47,-0.15,-0.11,0.02,-0.42,-0.02,-0.49,0.15,7,5,8,0.188,10.48,15.28,2.98,129.53,79.91,97.13,0.151,High,Yes,Needs Attention
0.11,0.48,-0.16,-0.29,0.06,0.21,0.24,-0.01,8,5,8,0.14,6.87,5.46,1.17,111.12,82.4,104.82,0.151,High,Yes,Needs Attention
91,24,55,26.27,83.09,6.26,46.77,2,5,48.33,8,1.29,8.34,13.13,26.95,36.34,54.62,48.47,0.652,High,Yes,Needs Attention
32,79,15,23.91,20.75,5.71,81.6,0,0,18.65,8,0.951,7.36,10.46,26.85,86.58,0.16,83.06,0.534,High,Yes,Needs Attention
-0.14,0.13,0,-0.11,-0.08,-0.1,0.02,-0.3,3,5,7.15,0.285,9.23,10.21,-0.24,117.3,76.09,102.74,0.134,High,Yes,Needs Attention
0.25,0.15,0.13,0.26,0.04,-0.11,0.07,-0.07,8,5,8,0.188,8.44,12.69,3.06,122.37,86.77,98.89,0.152,High,Yes,Needs Attention
75,54,36,26.29,84.57,7.02,257.49,0,6,65.26,8,1.188,7.42,9.16,24.82,39.96,21.11,62.65,0.643,Low,No,Average
-0.01,-0.54,0.25,-0.14,-0.33,0.07,0.35,-0.27,3,5,7.6,0.153,10.6,14.05,1.79,122.52,81.22,99.55,0.142,High,Yes,Needs Attention
77,38,36,21.87,80.19,5.95,224.56,0,6,58.88,8,1.105,5.89,12.23,23.44,38.3,43.92,66.57,0.599,Moderate,No,Average
-0.46,-0.13,-0.17,-0.28,0.34,0.33,0.17,-0.59,3,5,3.13,0.252,9.38,9.53,0.41,121.35,80.08,96.6,0.056,High,Yes,Needs Attention
22,60,24,18.78,20.25,5.63,104.26,0,0,21.67,8,0.803,8.73,17.35,20.86,104.68,14.98,78.01,0.472,High,Yes,Needs Attention
76,51,18,26.17,71.96,6.25,79.85,3,3,51.39,8,1.111,9.53,12.82,27.55,45.93,25,91.99,0.584,Moderate,No,Average
0.59,0.26,-0.26,-0.29,-0.07,-0.33,0.15,0.19,1,5,8,0.139,10.18,14.52,2.79,117.61,81.83,100.99,0.152,High,Yes,Needs Attention
0.1,-0.34,0.65,0.06,0.29,0.07,0.35,0.45,6,5,8,0.263,8.57,17.67,2.4,122.61,77.22,99.49,0.151,High,Yes,Needs Attention
-0.41,0.29,0.27,-0.2,0.16,-0.36,0.62,-0.36,3,5,6.41,0.155,9.27,17.6,1.98,113.38,71.42,99.39,0.121,High,Yes,Needs Attention
19,78,16,20.65,23.11,5.97,67.72,0,0,22.39,8,0.946,10.73,14.32,22.59,96.81,3.55,85.91,0.496,High,Yes,Needs Attention
0.11,0.41,0.14,0.11,0.13,0.06,-0.1,-0.45,3,5,5.04,0.209,10.46,10.79,0.9,117.74,76.1,93.42,0.097,High,Yes,Needs Attention
-0.17,-0.32,-0.52,-0.32,-0.4,-0.05,0.27,-0.11,4,5,8,0.316,8.84,6.28,0.73,124.1,82.84,107.32,0.147,High,Yes,Needs Attention
0.56,0.51,0.25,-0.5,0.4,0.07,-0.33,0.33,0,5,8,0.116,9.47,12.83,1.37,121.47,78.68,103.67,0.154,High,Yes,Needs Attention
0.65,0.39,-0.29,-0.33,-0.07,-0.36,0.04,-0.17,1,5,8,0.1,9.52,16.38,0.91,122.03,78.61,97.71,0.152,High,Yes,Needs Attention
-0.1,-0.5,-0.04,0.02,-0.06,-0.04,0.09,-0.17,3,5,8,0.147,9.21,13.42,3.19,119.96,80.71,100.17,0.148,High,Yes,Needs Attention
55,67,16,34.37,69.69,6.6,70.27,3,1,44.55,8,0.917,6.3,1,36.01,61.06,8.45,81.77,0.567,Moderate,No,Average
34,59,23,28.56,83.25,6.94,56.48,1,9,45.62,8,0.785,6.99,15.48,30.62,93.44,17.7,78.2,0.501,Moderate,No,Average
-0.13,-0.48,-0.17,0.05,-0.14,-0.22,0.12,-0.25,9,5,8,0.245,11.14,15.73,-0.55,116.64,79.44,100.42,0.148,High,Yes,Needs Attention
71,52,18,25.11,55.98,5.79,78.16,3,3,40.12,8,1.046,7.97,10.8,28.02,51.1,23.42,82.91,0.573,Moderate,No,Average
32,71,85,20.63,14.44,6.4,92.07,1,7,12.96,8,1.29,9.29,15.95,21.26,87.44,11.86,10.89,0.715,High,Yes,Needs Attention
-0.11,-0.36,-0.27,0.24,-0.25,-0.02,0.24,0.36,4,5,8,0.165,9.9,14.51,0.18,122.92,79.13,98.34,0.148,High,Yes,Needs Attention
13,7,43,18.2,91.12,7.01,109.66,3,2,52.42,8,0.53,9.69,9.26,22.17,103.97,67.2,61.58,0.336,Moderate,No,Needs Attention
0.16,0.32,-0.32,0.18,-0.14,-0.07,0.05,0,5,5,8,0.333,9.76,17.09,2.73,125.1,77.44,98.18,0.151,High,Yes,Needs Attention
-0.14,-0.22,0.18,-0.15,-0.01,0.06,0.22,-0.28,3,5,7.73,0.14,10.84,6.93,2.82,127.03,80.62,89.25,0.144,High,Yes,Needs Attention
109,26,45,28.28,90.39,6.22,21.59,3,8,46.79,8,1.174,6.89,11.77,30.46,15.96,52.22,54.4,0.682,High,Yes,Needs Attention
21,63,22,25.1,67.73,6.86,74.62,3,1,44.58,8,0.9,7.8,11.37,26.46,99.79,18.6,87.65,0.473,Moderate,No,Average
50,55,16,28.81,65.34,7.58,62.26,3,1,39.57,8,0.909,8.13,8.7,29.89,67.82,27.3,87.4,0.515,Moderate,No,Average
0.14,0.31,-0.12,-0.59,0.17,0.03,-1.02,0.4,0,5,8,0.365,8.97,13.22,2.08,133.97,89.3,97.78,0.151,High,Yes,Needs Attention
79,59,17,20.38,63.74,6.64,108.51,3,3,42.07,8,1.088,7.95,17.24,23.58,36.04,25.6,82.8,0.615,Moderate,No,Average
0.37,-0.37,0.08,0.23,-0.17,0.51,-0.36,0.21,8,5,8,0.268,10.64,16.99,1.63,124.04,73.82,102.64,0.15,High,Yes,Needs Attention
-0.27,0.11,0.34,0.02,0.32,0.19,0.31,-0.29,6,5,7.6,0.288,8.94,14.89,4.63,121.93,78.45,92.63,0.143,High,Yes,Needs Attention
0.13,0.1,0.17,-0.2,0.05,0.06,-0.31,0.22,0,5,8,0.161,9.75,5.22,1,119.56,78.83,96.41,0.151,High,Yes,Needs Attention
28,46,16,29.01,84.96,6.66,45.91,1,9,52.26,8,0.681,8.33,6.66,28.42,92.93,36.3,85.59,0.422,High,Yes,Needs Attention
60,46,22,24.89,65.61,6.63,87.93,3,3,39.64,8,1.027,7.29,12.66,23.81,57.45,30.27,84.38,0.533,Moderate,No,Average
29,22,40,23.63,89.73,6.15,107.68,3,2,58.06,8,0.792,8.6,11.86,22.6,93.14,55.87,58.24,0.421,Moderate,No,Average
-0.01,0.27,0.09,-0.04,0.08,0.03,0.14,-0.11,8,5,8,0.1,9.82,10.01,0.84,121.59,74.75,106.18,0.151,High,Yes,Needs Attention
37,56,25,22.06,19.6,5.77,126.73,0,0,19.51,8,0.818,9.09,19.62,23.21,96.39,21.59,71.98,0.506,High,Yes,Needs Attention
28,58,81,17.48,16.54,6.18,93.35,1,7,17.87,8,0.999,7.33,12.42,20,97.35,19.74,5.46,0.651,High,Yes,Needs Attention
0.14,0.25,0.41,-0.48,0.45,0.02,-0.95,-0.13,0,5,8,0.252,9.37,14.17,0.98,122.44,78.5,102.57,0.152,High,Yes,Needs Attention
113,20,48,27.47,94.88,6.44,27.28,3,8,55.9,8,1.265,7.75,15.95,30.24,9.88,55.25,54.16,0.683,High,Yes,Needs Attention
17,58,20,28.07,85.92,6.43,39.24,1,9,52.05,8,0.757,9.35,12.22,29.64,112.2,25.93,82.94,0.44,High,Yes,Needs Attention
0.45,0,-0.07,-0.18,-0.38,0.05,-0.39,0.13,7,5,8,0.1,10.33,22.36,1.34,114.7,81.89,102.86,0.151,High,Yes,Needs Attention
0.08,-0.3,0.05,-0.42,0.39,-0.49,0.09,-0.28,2,5,8,0.111,10.87,8.24,0.21,119.01,74.5,100.72,0.149,High,Yes,Needs Attention
0.11,0.2,-0.3,0.19,0.06,-0.01,-0.24,0.15,2,5,8,0.162,8.54,9.58,3.82,110.35,79.9,99.26,0.15,High,Yes,Needs Attention
95,13,46,29.84,93.76,6.13,23.28,3,8,51.58,8,1.07,7.28,8.23,29.04,27.79,60.74,53.12,0.603,High,Yes,Needs Attention
-0.79,0.25,0.73,-0.21,-0.51,0.21,0.6,0.4,9,5,8,0.211,10.98,18.25,1.74,125.03,85.12,97.43,0.151,High,Yes,Needs Attention
0.28,-0.06,0.03,-0.07,-0.32,0.17,-0.01,-0.32,4,5,7.22,0.248,8.87,15.21,1.16,114.74,86.52,98.37,0.136,High,Yes,Needs Attention
0.06,0.09,-0.64,-0.25,-0.1,-0.03,-0.12,-0.25,5,5,8,0.379,10.72,9.82,2.42,127.12,79.69,93.4,0.149,High,Yes,Needs Attention
0.56,0.33,-0.42,0.34,-0.23,-0.1,0.16,0.44,8,5,8,0.201,10.49,8.54,1.81,115.85,76.26,95.56,0.151,High,Yes,Needs Attention
100,6,53,29.05,93.92,6.11,23.67,3,8,56.63,8,1.243,7.68,17.54,30.56,18.29,71.34,46.35,0.616,High,Yes,Needs Attention
70,36,42,21.84,80.73,6.95,202.38,0,6,54.83,8,1.022,7.4,13.45,22.94,50.6,42.19,49.04,0.59,Moderate,No,Average
37,56,25,22.06,19.6,5.77,126.73,0,0,24.31,8,0.774,8.27,17.64,25.65,90.97,23.57,66.97,0.506,High,Yes,Needs Attention
11,18,42,21.58,94.88,5.94,102.86,3,2,60.25,8,0.598,9.15,11.76,23.08,104.71,67.48,56.66,0.362,Moderate,No,Needs Attention
21,51,15,29.36,89.19,6.68,48.3,1,9,49.34,8,0.594,8.15,14.05,33.81,100.46,32.82,84.49,0.415,High,Yes,Needs Attention
0.16,-0.1,-0.1,-0.08,-0.09,0.18,0.01,0.06,4,5,8,0.201,10.09,13.2,1.83,123.71,83.98,98.85,0.15,High,Yes,Needs Attention
8,54,20,28.33,80.77,7.03,38.8,1,9,44.48,8,0.63,7.32,9.5,29.86,114.84,26.68,70.48,0.401,High,Yes,Needs Attention
0.33,-0.19,-0.21,-0.37,-0.26,-0.09,-0.6,-0.33,5,5,7.38,0.1,9.79,11.42,0.91,122.7,75.58,106.42,0.138,High,Yes,Needs Attention
0.35,0.38,-0.14,0.48,-0.16,-0.33,0.14,0.19,5,5,8,0.342,9.92,7.26,2.83,123.46,76.54,94.4,0.152,High,Yes,Needs Attention
-0.29,-0.03,-0.08,0.18,0.74,0.28,-0.65,-0.53,3,5,4.17,0.155,10.13,13.98,0.8,117.52,80.27,96.81,0.077,High,Yes,Needs Attention
77,36,23,24.71,56.73,6.65,88.45,3,3,37.07,8,0.885,9.07,15.04,26.43,51.44,39.2,71.95,0.555,Moderate,No,Average
-0.16,-0.02,-0.24,0,-0.05,0.18,0.22,-0.17,4,5,8,0.269,8.97,15.96,1.51,119.6,81.24,105.44,0.149,High,Yes,Needs Attention
-0.08,0.11,0.12,-0.1,0.05,-0.35,0.17,-0.2,6,5,8,0.143,8.28,14.67,1.89,118.86,83.11,101.57,0.15,High,Yes,Needs Attention
0.17,0.11,0.18,-0.16,0.33,-0.25,0.02,-0.18,2,5,8,0.29,9.83,11.49,1.87,126.57,82.07,97.93,0.151,High,Yes,Needs Attention
32,79,15,23.91,20.75,5.71,81.6,0,0,22.75,8,0.897,7.48,18.21,26.01,84.85,3.02,82.83,0.534,High,Yes,Needs Attention
100,14,49,29.49,91.08,6.37,26.02,3,8,52.08,8,1.135,7.15,15.57,31.13,21.6,58.53,51.72,0.63,High,Yes,Needs Attention
0.34,0.19,-0.01,-0.11,0.04,-0.07,0.11,0.04,1,5,8,0.231,9.24,17.55,3.74,116.05,85.14,95.02,0.152,High,Yes,Needs Attention
0.25,0.07,0.05,0,-0.05,-0.29,0.14,0.02,1,5,8,0.25,10.24,17.81,2.13,132.35,73.66,101.47,0.151,High,Yes,Needs Attention
0.22,-0.12,0.09,0.28,-0.04,0.1,0.07,0.1,3,5,8,0.263,11.73,11.5,5.69,131.32,79.51,97.72,0.151,High,Yes,Needs Attention
0.13,-0.03,0.23,0.03,0.05,0.16,-0.05,-0.15,3,5,8,0.195,7.8,13.55,1.6,119.32,82.5,101.85,0.151,High,Yes,Needs Attention
0.63,-0.24,0.16,-0.12,0.04,-0.12,-0.48,0.08,7,5,8,0.246,12,15.1,2.82,121.97,81.67,101.78,0.152,High,Yes,Needs Attention
-0.08,0,-0.09,-0.04,-0.31,-0.03,-0.06,0.18,5,5,8,0.259,9.52,7.4,0.37,120.11,74.89,97.72,0.15,High,Yes,Needs Attention
0.65,-0.23,-0.17,-0.51,-0.24,-0.17,0.33,-0.09,1,5,8,0.218,10.1,7.49,3.09,117.61,75.84,91.96,0.151,High,Yes,Needs Attention
0.33,-0.17,0.12,-0.04,-0.07,-0.07,-0.06,-0.01,7,5,8,0.19,8.34,6.8,0.4,120.27,81.32,98.89,0.151,High,Yes,Needs Attention
83,15,49,28.93,91.39,6.44,23.2,3,8,46.71,8,0.966,8.46,11.57,31.11,36.8,67.04,45.2,0.583,High,Yes,Needs Attention
0.24,-0.09,-0.29,-0.19,-0.44,0.09,0.3,-0.21,4,5,8,0.247,9.8,10.67,0.91,112.16,75.66,100.6,0.15,High,Yes,Needs Attention
74,43,23,25.95,61.89,6.33,99.58,3,3,39.28,8,1.043,8.14,6.26,28.13,47.32,38.57,75.97,0.568,Moderate,No,Average
0.25,-0.17,-0.1,-0.21,-0.47,-0.3,-0.53,0.23,5,5,8,0.167,7.82,12.6,0.94,119.54,74.11,97.75,0.15,High,Yes,Needs Attention
-0.07,-0.05,0.11,-0.21,0.07,0.17,-0.12,0.25,0,6.03,8,0.302,9.82,11.62,0.11,121.63,82.55,94.71,0.15,High,Yes,Needs Attention
0.1,0.33,0.3,0.19,0.22,-0.33,-0.07,-0.18,2,5,8,0.1,10.59,16.73,1.28,119.51,76.13,104.45,0.152,High,Yes,Needs Attention
98,25,52,25.28,83.15,6.22,49.29,2,5,50.41,8,1.382,7.43,20.05,29.09,20.2,55.32,46.19,0.667,High,Yes,Needs Attention
0.02,0,0.02,-0.44,0.34,0.25,-0.51,0.1,0,5,8,0.198,10.92,13.83,1.76,124.35,79.65,109.39,0.15,High,Yes,Needs Attention
0.3,0.13,-0.29,-0.05,-0.29,0.06,0.11,0.39,8,5,8,0.226,10.89,9.21,-0.48,122.37,84.51,100.43,0.15,High,Yes,Needs Attention
11,46,24,27.65,89.81,6.46,56.53,1,9,54.56,8,0.654,6.86,14.59,30.79,115.98,34.97,77.41,0.396,Moderate,No,Needs Attention
-0.08,0.06,-0.07,0.24,-0.05,-0.2,0.11,0.11,6,5,8,0.1,11.35,12.04,0.4,122.55,77.54,100.23,0.15,High,Yes,Needs Attention
0.16,0.1,0.06,0.06,0.01,-0.02,-0.17,-0.07,3,5,8,0.191,9.8,11.04,2.68,118.85,81.34,101.31,0.151,High,Yes,Needs Attention
0.16,0.39,-0.36,-0.38,0.57,-0.32,-0.14,0.22,9,5,8,0.228,9.79,8.55,1.95,122.92,88.18,104.73,0.151,High,Yes,Needs Attention
-0.3,0.32,0.29,-0.42,0.26,0,0.63,-0.25,3,5,8,0.256,9.84,10.14,2,110.4,82.64,104.13,0.151,High,Yes,Needs Attention
13,22,5,19.67,90.5,7.76,100.17,1,4,56.03,8,0.424,7.56,11.29,23.95,117.52,57.76,87.93,0.271,Moderate,No,Needs Attention
0.09,-0.06,0.01,0.25,0.04,-0.2,0.21,0.2,6,5,8,0.1,7.12,15.22,0.51,121.28,76.73,103.41,0.15,High,Yes,Needs Attention
0.55,0.08,-0.01,0.04,-0.24,-0.09,-0.19,0.03,7,5,8,0.1,9.57,14.04,2.46,130.37,77.45,102,0.152,High,Yes,Needs Attention
0.04,-0.27,0.75,-0.15,0.35,-0.16,0.59,-0.04,6,5,8,0.367,8.38,19.3,3.24,115.61,82.99,99.39,0.151,High,Yes,Needs Attention
-0.12,-0.49,-0.13,0.01,-0.26,-0.38,0.47,-0.1,4,5,8,0.108,11.38,14.7,0.54,114.53,76.95,106.98,0.148,High,Yes,Needs Attention
-0.04,-0.13,0.12,0.23,-0.07,-0.04,-0.14,-0.22,8,5,8,0.314,11.34,13.7,0.61,121.87,80.14,106.89,0.15,High,Yes,Needs Attention
-0.32,0.04,0.57,0.14,0.06,-0.07,0.11,0.03,6,5,8,0.127,10.6,10.78,1.21,122.13,85.71,103.05,0.151,High,Yes,Needs Attention
89,45,36,21.33,80.47,6.44,185.5,0,6,59.81,8,1.205,7.5,7.85,23.32,32.69,35.6,61.83,0.656,Moderate,No,Average
30,44,16,29.73,82.89,6.44,50.92,1,9,49.4,8,0.79,6.67,9.72,29.11,90.93,31.68,79.23,0.422,Moderate,No,Average
-0.33,-0.54,-0.23,0.15,-0.86,-0.61,0.28,0.11,4,5,8,0.128,9.11,9.2,2.48,117.19,89.25,103.25,0.147,High,Yes,Needs Attention
18,9,40,19.45,89.02,5.63,106.16,3,2,59.84,8,0.729,9.47,1.76,18.84,94.57,78.05,65.44,0.348,Moderate,No,Needs Attention
0.18,0.14,-0.17,-0.04,-0.22,0.04,0.11,-0.11,1,5,8,0.207,9.06,7.97,3.4,121.24,81.86,92.06,0.15,High,Yes,Needs Attention
83,10,53,24.93,85.01,6.2,48.76,2,5,49.74,8,1.113,5.27,18.41,27.2,30.59,75.1,51.35,0.579,High,Yes,Needs Attention
44,63,15,26.42,64.51,7.34,63.47,3,1,40.87,8,0.911,9.17,13.47,30.79,69.11,15.93,83.98,0.519,Moderate,No,Average
87,60,23,20.27,63.91,6.44,62.5,3,3,45.24,8,1.273,9.65,10.49,22.77,31.1,22.9,69.76,0.659,Moderate,No,Average
95,13,46,29.84,93.76,6.13,23.28,3,8,49.41,8,1.25,9.07,13.59,30.88,27.15,65.31,55.88,0.603,High,Yes,Needs Attention
0.3,0.26,-0.23,-0.14,-0.16,-0.41,0.26,0.23,1,5,8,0.191,10.79,4.19,0.16,129.64,74.32,103.87,0.151,High,Yes,Needs Attention
93,58,38,20.62,83.77,6.93,279.55,0,6,62.76,8,1.472,8.86,13.13,22.48,31.9,32.37,60.59,0.714,Low,No,Average
0.2,0.09,-0.29,-0.41,-0.43,-0.09,0.39,-0.42,1,5,5.79,0.151,9.81,17.11,1.04,126.97,74.28,96.06,0.109,High,Yes,Needs Attention
0.18,0.11,-0.12,-0.23,-0.13,-0.41,0.16,-0.01,1,5,8,0.262,7.68,11.52,3.05,123.09,81.08,106.97,0.151,High,Yes,Needs Attention
73,58,21,19.97,57.68,6.6,60.65,3,3,38.04,8,1.151,8.34,4.91,20.08,48.83,23.14,76.33,0.606,Moderate,No,Average
90,44,38,23.84,83.88,7.47,241.2,0,6,65.94,8,1.147,8.27,10.34,28.37,42.53,38.06,66.64,0.662,Moderate,No,Average
83,22,54,25.9,81.97,6.28,54.5,2,5,47.76,8,1.171,7.57,17.12,29.31,30.39,57.64,39.95,0.62,Moderate,No,Average
0,23,15,22.57,93.37,7.6,109.86,1,4,60.24,8,0.429,7.23,13.03,23.76,117.93,56.68,86.66,0.266,Moderate,No,Needs Attention
27,72,23,19.93,21.8,5.96,64.03,0,0,16.36,8,0.864,8.24,6.33,24.13,91.32,8.55,78.55,0.521,High,Yes,Needs Attention
76,48,18,19.3,69.63,5.78,83.21,3,3,42.6,8,1.081,7.01,21.47,19.63,48.47,33.92,85.49,0.575,Moderate,No,Average
0.09,0.09,0.07,-0.04,0.14,0.02,0.07,0.05,6,5,8,0.213,11.58,6.98,1.77,115.02,79.9,105.9,0.151,High,Yes,Needs Attention
0.16,0.12,0.32,-0.8,1.02,0.02,-1.5,0.7,0,5,8,0.198,11.6,11.03,-1.21,123.66,79.61,96.43,0.152,High,Yes,Needs Attention
-0.27,0.1,-0.07,-0.1,0.05,0.3,0.12,0.06,9,5,8,0.193,9.75,7.85,4.17,123.17,74.62,102.15,0.149,High,Yes,Needs Attention
0.04,-0.05,0.06,-0.04,-0.02,-0.09,0.24,0.25,8,5,8,0.193,10.03,7.86,-1.01,124.03,88.1,94.47,0.15,High,Yes,Needs Attention
42,58,25,27.46,62.9,6.51,69.46,3,1,36.07,8,0.921,7.2,10.19,26.8,81.98,24.14,69.49,0.527,Moderate,No,Average
111,5,47,28.03,91.47,6.27,21.18,3,8,53.18,8,1.189,8.11,14.54,28.58,16.69,75.84,50.69,0.628,High,Yes,Needs Attention
0.04,-0.01,0.06,0.23,-0.17,0.06,0.55,0.39,6,5,8,0.149,11.51,17.16,3.71,119.71,77.51,101.58,0.15,High,Yes,Needs Attention
0.65,0.03,-0.1,0.05,-0.2,-0.03,0,0.11,7,5,8,0.416,8.23,10.46,2.98,122,75.96,106.81,0.152,High,Yes,Needs Attention
11,18,42,21.58,94.88,5.94,102.86,3,2,63.31,8,0.513,7.84,7.96,23.26,105.32,65.44,65.44,0.362,Moderate,No,Needs Attention
0.64,-0.28,0.18,-0.04,-0.17,-0.4,-0.3,-0.01,7,5,8,0.156,10.29,13.91,2.99,114.54,79.64,98.4,0.152,High,Yes,Needs Attention
-0.13,-0.05,0.08,0,-0.28,-0.17,-0.27,-0.21,3,5,8,0.159,10.28,14.03,1.33,128.95,82.53,101.14,0.15,High,Yes,Needs Attention
1.03,-0.34,-0.07,0.01,-0.46,-0.22,-0.43,-0.04,7,5,8,0.367,11.4,12.96,2.14,114.91,74.93,103.84,0.152,High,Yes,Needs Attention
-0.11,-0.05,0.03,-0.01,0.19,0.08,0.43,-0.1,6,5,8,0.1,11.78,13.1,3.97,123.32,86.24,103.03,0.15,High,Yes,Needs Attention
12,78,23,16.07,18.72,6,88.07,0,0,15.75,8,0.912,9.05,11.55,17.2,110.66,5.61,76.32,0.496,High,Yes,Needs Attention
0.07,-0.18,0.02,0.14,-0.3,-0.23,-0.04,-0.25,4,6.47,7.98,0.219,10.43,12.39,0.49,125.8,79.86,100.28,0.149,High,Yes,Needs Attention
0.44,0.2,-0.06,0.33,0.19,-0.19,0.53,-0.02,8,5,8,0.23,9.83,11.27,2.54,111.27,81.67,99.62,0.152,High,Yes,Needs Attention
116,5,54,25.38,80.99,6.65,57.23,2,5,47.13,8,1.349,7.09,16.28,27.99,8.46,77.96,45.17,0.663,Moderate,No,Average
21,9,40,24.51,90.64,5.96,105.62,3,2,59.6,8,0.717,7.75,20.91,26.18,98.71,65.65,58.63,0.357,Moderate,No,Needs Attention
-0.29,-0.02,-0.36,-0.06,0.22,0.12,0.05,-0.38,3,5,6.35,0.16,10.42,12.72,2.95,117.29,86.73,99.88,0.117,High,Yes,Needs Attention
-0.31,-0.95,-0.98,-0.18,-0.46,-0.39,0.15,0.48,4,5,8,0.202,9.98,11.97,1.02,119.06,82.88,99.36,0.143,High,Yes,Needs Attention
-0.36,0.52,0.01,-0.54,0.15,0.02,0.25,-0.26,3,5,7.65,0.1,8.87,13.02,1.15,125.54,76.66,95.45,0.144,High,Yes,Needs Attention
0.04,-0.16,0.23,-0.04,0.07,0,-0.05,-0.32,8,5,6.74,0.209,9.28,9.37,2.02,123.62,75.77,103.22,0.127,High,Yes,Needs Attention
0.17,0.1,0.2,-0.04,0,-0.28,-0.03,-0.23,6,5,8,0.139,9.29,15.06,1.89,119.19,83.85,101.87,0.151,High,Yes,Needs Attention
61,52,41,24.98,83.89,6.88,204.8,0,6,66.09,8,1.109,6.81,13.76,28.9,53.3,28.84,66.51,0.611,Moderate,No,Average
99,55,35,21.72,80.24,6.5,277.96,0,6,68.25,8,1.199,8.06,10.32,23.77,15.66,26.93,66.48,0.714,Low,No,Average
-0.17,-0.79,0.38,0.15,-0.28,0.08,0.66,-0.21,3,5,8,0.229,10.18,15.61,1.19,123.94,80.9,97.95,0.148,High,Yes,Needs Attention
7,79,23,19.64,19.69,5.82,96.66,0,0,23.89,8,0.718,10.24,12.08,21.93,106.61,0,74.49,0.485,High,Yes,Needs Attention
118,18,52,28.05,90.83,6.56,20.76,3,8,53.59,8,1.34,6.62,8.12,31.06,1.41,64.03,48.19,0.703,High,Yes,Needs Attention
-0.07,-0.03,0.25,-0.19,-0.29,-0.11,0.06,-0.32,3,5,7.57,0.103,9.18,13.41,2.47,133.48,79.24,101.96,0.142,High,Yes,Needs Attention
0.72,-0.14,-0.15,-0.03,0.54,-0.31,0.6,0.08,9,5.12,8,0.135,11.29,12.95,2.55,121.58,80.05,99.17,0.151,High,Yes,Needs Attention
-0.12,-0.23,0.37,-0.46,-0.49,-0.43,0.34,-0.37,3,5,6.29,0.292,9.6,15.84,-1.21,123.83,89.74,93.75,0.118,High,Yes,Needs Attention
0.03,0.04,-0.1,0.24,0.18,0.1,0.25,-0.03,6,5,8,0.247,9.78,15.33,-2,114.66,83.44,97.14,0.15,High,Yes,Needs Attention
-0.33,0.21,-0.05,0.13,0.29,0.03,0.12,0.16,9,5,8,0.291,9.57,11.56,3.54,114.19,83.5,100.12,0.15,High,Yes,Needs Attention
0.58,0.36,-0.5,-0.24,0,-0.53,0.13,-0.02,1,5,8,0.327,10.88,10.11,1.92,123.4,90.52,103.46,0.151,High,Yes,Needs Attention
0.32,0.09,0.22,0.14,-0.38,0.1,0.39,0.27,7,5,8,0.142,10.93,12.01,1.61,118.27,81.45,93.84,0.152,High,Yes,Needs Attention
0.24,0.19,0.56,0.24,0.09,0.14,0.23,-0.36,8,5,6.36,0.326,10.86,13.45,2.78,125.63,80.29,100.5,0.122,High,Yes,Needs Attention
-0.09,-0.06,-0.19,0.33,-0.21,-0.12,-0.16,-0.32,4,5,7.42,0.1,9.78,13.94,4.72,120.81,77.34,101.07,0.138,High,Yes,Needs Attention
-0.55,-0.37,-0.1,-0.25,-0.76,-0.04,0.4,0.51,4,5,8,0.254,8.9,13.21,3.37,138.33,78.56,98.29,0.147,High,Yes,Needs Attention
0.19,-0.4,-0.18,0.12,-0.06,0.03,-0.1,0.2,8,5,8,0.158,11.68,11.64,3.06,117.45,72.21,97.83,0.149,High,Yes,Needs Attention
-0.09,-0.23,-0.41,0.23,0.02,-0.28,0.17,0.07,4,5,8,0.121,10.61,15.99,0.4,122.04,83.39,97.46,0.148,High,Yes,Needs Attention
-0.36,-0.45,-0.24,0.1,0.17,-0.31,0.23,0.35,9,5,8,0.243,9.29,9.3,0.46,116.39,75.38,100.8,0.147,High,Yes,Needs Attention
23,30,44,20.94,85.43,6.12,103.03,3,2,56.92,8,0.858,9.04,21.92,18.86,102.66,53.61,60.51,0.44,Moderate,No,Average
0.48,0.37,-0.21,-0.5,-0.34,-0.05,0.3,0.11,1,5,8,0.277,9.22,15.05,1.95,122.22,79.46,105,0.152,High,Yes,Needs Attention
5,18,14,33.11,93.48,7.43,119.17,1,4,61.56,8,0.439,8.82,7.49,36.27,110.69,62.51,81.5,0.262,Moderate,No,Needs Attention
98,26,49,27.29,90.53,6.13,23.5,3,8,50.24,8,1.249,8.97,12.74,30.58,20.91,53.83,50.25,0.661,High,Yes,Needs Attention
0.58,0.3,0,-0.33,-0.05,-0.28,0.25,0.18,1,5,8,0.247,8.83,15.09,2.18,126.78,85.24,91.23,0.153,High,Yes,Needs Attention
-0.09,-0.29,-0.03,0.07,-0.14,-0.05,0.42,-0.13,6,5,8,0.222,10.34,10.6,1.34,126.85,85.13,100.47,0.149,High,Yes,Needs Attention
0,49,18,29.68,87.94,6.99,41.82,1,9,53.69,8,0.645,8.33,6.02,30.33,113.43,30.88,84.39,0.356,High,Yes,Needs Attention
0.26,0.18,-0.11,0.35,-0.28,0.34,0.11,0.11,8,5,8,0.218,12,7.84,0.61,117.91,76.22,106.39,0.151,High,Yes,Needs Attention
0.42,0.14,0.15,-0.23,-0.05,-0.73,0.28,-0.1,1,5,8,0.272,9.01,14.17,1.02,129.19,83.56,92.7,0.152,High,Yes,Needs Attention
3,77,25,24.85,22.89,5.61,62.21,0,0,19.78,8,0.7,10.61,4.98,24.88,116.66,0,70.65,0.473,High,Yes,Needs Attention
0.34,-0.29,0.42,0.32,-0.41,-0.21,0.3,-0.14,9,5,8,0.192,9.78,6.2,4.45,121.08,74.07,100.16,0.151,High,Yes,Needs Attention
89,11,47,29.79,94.65,6.33,27.87,3,8,57.28,8,0.971,6.14,14.15,29.34,36.63,70.99,46.53,0.582,High,Yes,Needs Attention
0.24,-0.03,0.01,-0.38,0.19,-0.04,0.36,0.15,9,5,8,0.223,9.63,11.11,0.82,113.6,84.9,100.68,0.151,High,Yes,Needs Attention
0.74,-0.14,0.19,0.01,-0.49,0.13,-0.26,0.42,7,5,8,0.336,9.76,9.22,-1.39,115.06,78.52,102.3,0.152,High,Yes,Needs Attention
0.41,0.43,0.06,0.05,-0.04,-0.02,-0.74,0,0,5,8,0.167,8.69,10.02,1.99,118.47,81.19,94.81,0.153,High,Yes,Needs Attention
25,70,16,19.63,18.91,5.76,106.36,0,0,20.89,8,0.876,9.59,6.12,21.13,101.52,8.34,84.53,0.489,High,Yes,Needs Attention
0.35,-0.03,0.08,-0.23,-0.09,0.01,-0.43,0.01,0,5.67,8,0.263,10.71,13.94,0.73,125.25,82.92,95.07,0.151,High,Yes,Needs Attention
-0.03,-0.33,-0.28,-0.3,0.11,-0.07,-0.5,0.12,4,5,8,0.1,9.99,8.77,-0.2,124.13,84.71,105.78,0.148,High,Yes,Needs Attention
36,65,80,18.29,16.68,6.05,74.87,1,7,11.03,8,1.244,8.79,9.86,19.79,83.8,13.95,20.83,0.693,High,Yes,Needs Attention
0.17,0.15,-0.12,0.38,0.11,0.01,-0.23,0,2,5,8,0.23,9.6,13.39,1.06,125.98,75.74,97.56,0.151,High,Yes,Needs Attention
0.15,0.44,0.02,0.37,-0.33,0.2,0.33,0.12,8,5,8,0.1,9.75,10.97,1.66,119.59,73.73,95.03,0.152,High,Yes,Needs Attention
95,21,47,27.93,93.56,6.43,20.66,3,8,54.6,8,1.1,7.63,9.18,32.37,28.39,62.7,54.56,0.631,High,Yes,Needs Attention
83,57,19,25.73,70.75,6.88,98.74,3,3,47.12,8,1.242,9.09,4.04,27.49,42.06,18.45,86.43,0.626,Moderate,No,Average
0.4,0.01,0.08,-0.5,-0.1,-0.32,0.46,-0.15,1,5,8,0.283,10.02,13.47,1.8,128.58,81.48,96.83,0.151,High,Yes,Needs Attention
0.47,-0.34,-0.22,0.11,-0.66,-0.1,-0.48,0.28,7,5,8,0.229,8.36,12.32,0.91,119.75,83.45,98.46,0.15,High,Yes,Needs Attention
0.31,-0.15,0.12,-0.46,0.19,0,-0.24,0.04,0,5,8,0.272,9.18,9.93,-0.14,118.38,78.14,96.87,0.151,High,Yes,Needs Attention
-0.13,0.02,-0.12,0.12,-0.06,0.51,-0.34,-0.25,8,5,8,0.216,9.92,7.85,1.59,127.11,79.32,106.34,0.149,High,Yes,Needs Attention
0.07,0.14,0.04,-0.16,0.25,0.05,-0.29,0.25,0,8.69,8,0.246,10.87,12.05,5.1,127.29,83.86,92.33,0.151,High,Yes,Needs Attention
0.23,0.33,0.14,0.09,0.45,-0.02,-0.29,0.29,2,5,8,0.179,11.04,13.92,1.16,117.55,76.44,105,0.152,High,Yes,Needs Attention
-0.09,-0.34,-0.56,0.03,0.01,-0.02,-0.44,0.51,4,5,8,0.203,11.52,12.39,2.07,115.06,76.7,99.05,0.147,High,Yes,Needs Attention
-0.6,0.23,-0.2,-0.13,0.27,-0.03,0.27,-0.25,5,5,8,0.146,9.87,18.55,0.13,127.2,78.83,99.91,0.148,High,Yes,Needs Attention
15,11,38,23.13,92.68,6.63,109.39,3,2,54.29,8,0.685,8.2,14.82,20.5,97.29,74.11,60.64,0.34,Moderate,No,Needs Attention
100,14,49,29.49,91.08,6.37,26.02,3,8,50.37,8,1.3,6.02,11.57,29.81,12.04,72.44,51.96,0.63,High,Yes,Needs Attention
-0.2,0.26,-0.05,0.35,0.22,-0.2,0.05,-0.37,2,5,6.41,0.31,10.17,14.95,5.42,119.36,79.34,97.13,0.12,High,Yes,Needs Attention
21,9,40,24.51,90.64,5.96,105.62,3,2,53.96,8,0.587,6.41,12.19,26.9,99.51,68.15,64.23,0.357,Moderate,No,Needs Attention
0.22,-0.04,0.45,-0.08,-0.09,0.12,-0.61,0.21,0,5.07,8,0.127,9.69,12.18,3.88,114.48,84.3,103.95,0.152,High,Yes,Needs Attention
0.03,0.18,0.13,0.16,0.02,-0.08,0.26,0,8,5,8,0.304,12,17.19,1.14,121.08,73.14,95.94,0.151,High,Yes,Needs Attention
0.12,0.37,0.17,-0.22,0.2,-0.31,-0.29,-0.29,2,5,7.55,0.247,10.05,8.41,-2.26,121.21,80.62,102.5,0.144,High,Yes,Needs Attention
0.2,-0.17,-0.18,0.05,-0.02,-0.07,-0.14,0.16,5,5,8,0.225,8.89,12.09,-0.11,117.4,79.99,98.75,0.15,High,Yes,Needs Attention
-0.09,0.59,0.22,0.07,0.23,0.2,-0.36,-0.22,3,5,8,0.154,10.15,16.76,2.17,130.26,84.59,99.99,0.152,High,Yes,Needs Attention
0.62,-0.13,0.01,-0.1,0.01,0.19,-0.14,0.3,7,5,8,0.237,9.23,13.24,1.76,121.53,85.71,106.09,0.151,High,Yes,Needs Attention
96,54,22,25.7,61.33,6.96,83.21,3,3,40.29,8,1.145,7.26,10.52,27.18,29.64,22.23,75.3,0.663,Moderate,No,Average
119,19,55,25.19,83.45,6.82,46.87,2,5,51.24,8,1.409,9.77,5.18,25.89,0,61.67,48.71,0.718,High,Yes,Needs Attention
71,46,40,20.28,82.12,7.24,191.95,0,6,59.93,8,1.252,8.76,2.92,23.19,41.68,31.72,61.83,0.618,Moderate,No,Average
13,16,8,34.74,93.12,6.95,100.2,1,4,58.21,8,0.552,7.77,20.3,35.49,109.3,62.83,91.22,0.261,Moderate,No,Needs Attention
44,58,18,28.04,65.07,6.81,72.5,3,1,37.37,8,0.977,7.73,13.23,30,85.27,24.47,83.47,0.513,Moderate,No,Average
-0.16,0.47,0.1,-0.4,-0.55,-0.1,0.1,0.03,9,5,8,0.1,9.45,9.66,1.39,115.11,78.19,100.89,0.151,High,Yes,Needs Attention
25,40,21,27.73,81.14,6.25,44.18,1,9,47.38,8,0.732,9.26,13.4,28.68,95.72,40.78,74.37,0.41,High,Yes,Needs Attention
-0.15,-0.12,-0.03,0.03,-0.1,-0.08,-0.12,0.09,4,5,8,0.369,10.06,8.21,0.21,113.97,83.95,97.6,0.149,High,Yes,Needs Attention
0.33,0.08,-0.1,-0.12,0.04,-0.02,0.39,-0.19,8,5,8,0.132,6.67,10.68,0.74,116.08,85.98,95.92,0.151,High,Yes,Needs Attention
-0.24,-0.02,-0.19,0.22,-0.74,-0.34,-0.38,0.83,5,5,8,0.193,12,8.24,4.53,121.21,81.17,99.08,0.149,High,Yes,Needs Attention
0.42,0.19,0.43,-0.38,0.06,-0.12,-0.42,0.25,7,5,8,0.319,9.93,6.35,2.79,117.12,80.28,104.95,0.153,High,Yes,Needs Attention
-0.01,-0.28,-0.11,-0.35,-0.17,-0.08,-0.27,-0.04,5,5,8,0.247,10.1,3.58,2.68,113.48,75.85,102.43,0.149,High,Yes,Needs Attention
8,28,37,23.88,86.21,6.08,108.31,3,2,53.33,8,0.836,8.68,5.61,24.2,105.36,58.34,57.27,0.37,Moderate,No,Needs Attention
60,36,43,23.43,83.06,5.29,219.9,0,6,64.5,8,0.975,8.14,16.09,22.77,50.57,45.98,55.91,0.564,Moderate,No,Average
0.17,-0.05,-0.22,0.22,0.3,-0.32,0.52,-0.2,6,5,8,0.12,10.49,8.05,3.36,122.21,80.59,101.15,0.15,High,Yes,Needs Attention
-0.3,0.22,-0.35,-0.19,-0.1,0.46,-0.16,0.34,4,5,8,0.295,9.33,14.14,2.67,123.29,80.12,103.33,0.149,High,Yes,Needs Attention
100,48,16,25.72,67.22,5.55,74.51,3,3,43.41,8,1.088,6.84,15.83,27.43,22.96,33.44,81.4,0.639,Moderate,No,Average
1,62,23,15.44,18.37,5.61,139.03,0,0,24.29,8,0.7,9.57,12.07,16.38,114.45,21.09,72.05,0.414,High,Yes,Needs Attention
29,77,75,17.5,15.48,7.78,72.94,1,7,16.68,8,1.281,10.79,10.81,16.8,96.03,6.58,24.77,0.696,High,Yes,Needs Attention
0,0.02,0.02,0.24,-0.08,0.17,-0.04,-0.09,4,5,8,0.283,9.1,12.53,3.04,123.53,86.42,102.26,0.15,High,Yes,Needs Attention
0.46,0.16,-0.03,-0.39,0.02,-0.32,0.18,-0.06,1,5,8,0.253,9.02,10.33,2.89,119.58,80.81,100.97,0.152,High,Yes,Needs Attention
74,35,40,26.49,80.16,6.98,242.86,0,6,61.63,8,1.131,8.97,16.82,26.97,45.22,52.02,56.46,0.593,Moderate,No,Average
0.13,-0.21,-0.05,-0.25,-0.2,-0.11,-0.35,0.07,0,5,8,0.167,9.3,19.51,0.11,116.62,84.44,107.07,0.15,High,Yes,Needs Attention
1.11,-0.23,-0.18,-0.03,-0.57,-0.45,-0.14,0.01,7,5,8,0.301,9.35,17.8,3.33,119.85,79.99,99.78,0.152,High,Yes,Needs Attention
48,62,15,25.37,66.64,7.54,65.82,3,1,43.81,8,1.272,7.71,3.39,25.91,80.09,11.33,85.77,0.528,Moderate,No,Average
0.39,0,-0.46,-0.37,-0.44,-0.26,0.12,-0.67,1,5,1.87,0.255,9.7,10.25,3.8,125.3,80.34,97.81,0.035,High,Yes,Needs Attention
69,55,38,22.71,82.64,5.7,271.32,0,6,69.61,8,1.18,6.11,12.02,24.05,49.72,31.23,66.43,0.635,Low,No,Average
60,43,44,21.02,82.95,7.42,298.4,0,6,69.78,8,0.978,7.14,13.85,21.94,62.69,33.9,58.29,0.589,Low,No,Average
94,54,17,23.39,61.74,5.87,107.32,3,3,44.9,8,1.139,8.44,5.09,24.96,20.49,26.33,84.26,0.643,Moderate,No,Average
0.32,-0.05,0.02,-0.23,0.09,0.08,-0.29,0.33,0,5,8,0.185,9.97,5.03,0.69,123.33,80.71,95.37,0.151,High,Yes,Needs Attention
28,45,23,29.65,80.3,6.49,56.76,1,9,46.29,8,0.733,8.9,17.23,32.84,87.85,38.77,81.38,0.44,Moderate,No,Average
87,6,45,29.83,90.79,6.4,22.84,3,8,46.34,8,1.027,9.32,9.76,32.66,36.45,72.45,58.03,0.555,High,Yes,Needs Attention
-0.14,-0.44,0.11,-0.07,-0.96,-0.67,0.18,-0.08,4,5,8,0.339,11.29,6.05,3.06,134.99,76.96,103.95,0.149,High,Yes,Needs Attention
-0.24,-0.58,-0.69,-0.39,-0.57,-0.46,0.38,-0.64,4,5,2.28,0.291,10.68,7.59,1.39,117.39,82.86,100.84,0.038,High,Yes,Needs Attention
32,79,15,23.91,20.75,5.71,81.6,0,0,12.8,8,0.943,9.08,13.56,24.73,102.61,0,84.7,0.534,High,Yes,Needs Attention
87,54,20,25.62,63.47,6.58,108.83,3,3,41.47,8,1.069,7.54,8.71,27.11,35.45,18.66,79.27,0.631,Moderate,No,Average
0.62,0,-0.46,-0.14,-0.3,-0.75,0.27,0.5,1,5,8,0.308,9.78,12.97,0.72,115.63,87.36,109.58,0.15,High,Yes,Needs Attention
0.41,0.25,0.15,0.96,0.44,-0.13,-0.53,0.43,2,5,8,0.201,10.32,8.09,4.66,115.61,83.46,97.68,0.152,High,Yes,Needs Attention
0.43,0.27,-0.21,0.26,0.43,0.38,-0.03,0.1,2,5,8,0.1,10.56,5.02,3.26,131.39,87.26,95.47,0.151,High,Yes,Needs Attention
18,12,8,12.59,91.82,6.21,119.39,1,4,64.25,8,0.485,8.08,17.7,13.95,104.46,71.5,90.51,0.264,Moderate,No,Needs Attention
0.36,0.42,-0.03,-0.27,-0.35,-0.97,0.48,0.08,1,5,8,0.287,9.64,13.59,-0.16,116.81,82.3,97.9,0.152,High,Yes,Needs Attention
-0.19,-0.29,0.18,-0.15,-0.15,-0.31,0.09,-0.44,3,5,5.28,0.1,10.54,10.66,3.66,119.17,81.77,104.86,0.098,High,Yes,Needs Attention
105,30,50,25.3,81.78,6.38,57.04,2,5,50.18,8,1.244,8.97,9.91,27.01,17.15,49.26,44.58,0.697,Moderate,No,Average
-0.16,0.37,-0.4,-0.3,-0.13,0.03,-0.04,0.03,9,5,8,0.19,10.63,17.86,1,120.12,81.68,98.15,0.15,High,Yes,Needs Attention
-0.45,0.19,-0.33,0.23,-0.75,0.14,0.18,-0.37,3,5,6.34,0.255,9.74,14.37,4.05,122.18,77.6,101.09,0.117,High,Yes,Needs Attention
9,77,17,20.12,24.45,5.78,106.16,0,0,24.67,8,0.777,8.3,16.59,20.86,119.87,0,88.07,0.467,High,Yes,Needs Attention
0,-0.52,0.02,0.06,-0.11,-0.31,-0.17,0.09,8,5,8,0.13,8.9,9.67,1.08,114.36,79.19,102.83,0.148,High,Yes,Needs Attention
84,18,46,27.09,93.42,6.78,25.32,3,8,54.87,8,1.146,6.73,12.2,28.24,39.22,67.17,60.48,0.587,High,Yes,Needs Attention
0.06,-0.14,0.14,0.41,-0.05,-0.2,0.2,0.54,6,5,8,0.163,10.01,13.61,-0.06,119.58,75.21,101.24,0.15,High,Yes,Needs Attention
91,36,45,24.44,82.45,5.95,267.98,0,6,66.97,8,1.275,8.21,9.8,26.41,26.5,39.13,54.19,0.66,Low,No,Average
8,54,20,28.33,80.77,7.03,38.8,1,9,47.85,8,0.603,6.32,11.62,28.69,117.36,28.37,83.42,0.401,High,Yes,Needs Attention
0.35,0.1,0.05,0.16,-0.14,-0.11,-0.01,0.01,7,5,8,0.1,9.25,9.67,0.8,112.34,78.24,94.48,0.151,High,Yes,Needs Attention
93,22,48,29.13,91.52,6.78,21.9,3,8,54.41,8,1.238,7.71,13.6,29.57,15.17,59.94,45.16,0.631,High,Yes,Needs Attention
68,57,43,26.09,80.38,5.71,182.9,0,6,60.51,8,1.228,6.84,6.71,26.71,53.12,26.96,60.91,0.653,Moderate,No,Average
-0.5,-0.13,0.23,-0.54,-0.27,-0.33,0.57,-0.44,3,5,4.99,0.271,10.19,14.29,-0.3,119.81,81.98,100.61,0.092,High,Yes,Needs Attention
-0.16,-0.22,0.22,-0.12,-0.02,-0.5,0.41,-0.22,9,5,8,0.156,9.44,13.24,1.75,113.4,77.69,103.64,0.149,High,Yes,Needs Attention
87,48,25,18.65,61.38,6.66,93.62,3,3,41.45,8,1.096,7.49,11.19,19.92,24.45,37.13,71.59,0.627,Moderate,No,Average
0.25,0.39,0.47,-0.42,0.55,-0.01,-0.74,0.46,0,5,8,0.316,9.79,13.8,1.15,129.4,82.58,104.67,0.153,High,Yes,Needs Attention
0.75,0.31,0.1,-0.32,0.02,-0.27,0.1,0.09,1,5,8,0.1,10.14,10.54,4.71,121.57,79.8,102.58,0.153,High,Yes,Needs Attention
0.34,0.1,0.13,-0.03,0.01,-0.32,0,0.29,1,6.63,8,0.304,8.9,9.32,1.24,119.76,79.81,99.75,0.152,High,Yes,Needs Attention
-0.22,0.56,-0.14,0.01,0.23,-0.02,-0.04,-0.02,5,5,8,0.307,9.5,14.17,2.42,131.2,80.94,100.97,0.151,High,Yes,Needs Attention
22,56,17,29.88,87.33,6.89,44.75,1,9,52.88,8,0.839,8.03,14.35,32.46,103.11,22.75,84.39,0.439,High,Yes,Needs Attention
54,77,85,17.14,17.07,7.83,83.75,1,7,19.29,8,1.441,8.56,9.97,18.55,74.85,0,11.57,0.798,High,Yes,Needs Attention
0.13,0.06,0.03,-0.28,0.08,0.02,-0.06,0.1,0,5,8,0.136,8.09,9.63,1.63,113.97,82.94,98.43,0.151,High,Yes,Needs Attention
-0.24,-0.08,-0.21,0.04,-0.02,-0.07,0.07,-0.18,9,7.01,8,0.18,8.21,11.27,1.57,114.15,82.84,101.53,0.148,High,Yes,Needs Attention
5,59,15,18.87,20.18,5.97,134.18,0,0,20.7,8,0.57,8.83,9.79,20.67,118.09,11.8,83.3,0.393,High,Yes,Needs Attention
0.07,0.18,-0.22,-0.02,-0.2,-0.19,-0.08,0.39,5,5,8,0.123,8.44,18.1,0.6,122,81.86,94.34,0.15,High,Yes,Needs Attention
105,14,50,26.21,87.69,6.42,59.66,2,5,50.61,8,1.266,7.21,13.27,26.97,21.25,73.03,51.18,0.647,Moderate,No,Average
0.1,-0.06,0.04,0.03,-0.17,-0.09,-0.08,0.11,6,5,8,0.252,11.42,12.06,1.56,111.75,75.55,103.3,0.15,High,Yes,Needs Attention
0.23,-0.1,0.28,-0.17,0.07,0.09,-0.25,-0.07,0,5,8,0.118,8.37,8.27,-1.63,123.29,79.81,103.99,0.151,High,Yes,Needs Attention
0.04,0.08,-0.3,-0.16,-0.45,0.1,0.01,0.43,4,5,8,0.253,9.48,14.96,3.58,124.91,79.19,102.43,0.149,High,Yes,Needs Attention
1.38,0.22,0.25,-1.17,0.22,-0.01,-0.36,0.16,0,5,8,0.247,11.88,9.55,3.57,123.3,86.42,103.02,0.155,High,Yes,Needs Attention
25,65,21,33.86,68.59,6.88,69.24,3,1,47.04,8,0.987,8.44,9.39,35.62,92.97,19.48,82.95,0.488,Moderate,No,Average
53,65,76,20.19,16.42,6.72,77.34,1,7,14.93,8,1.41,8.97,15.09,22.69,69.59,11.49,24.32,0.731,High,Yes,Needs Attention
0.39,0.09,-0.08,-0.25,-0.14,0.2,-0.03,0.16,0,5,8,0.287,9.6,13.55,2.87,115.73,81.28,91.6,0.151,High,Yes,Needs Attention
0.74,0.73,-0.54,-0.21,0.03,-0.04,0.67,0.01,8,8.18,8,0.244,10.18,1.99,-0.7,117.8,88.48,105.18,0.153,High,Yes,Needs Attention
-0.42,-0.56,-0.45,-0.3,-0.53,-0.42,0.61,0.4,4,5,8,0.27,11.46,11.37,2.59,115.21,78.06,96.88,0.146,High,Yes,Needs Attention
-0.38,-0.06,-0.13,-0.04,-0.05,0.18,0.1,-0.4,6,5,5.52,0.1,9.22,12.5,0.82,116.59,80.02,95.61,0.102,High,Yes,Needs Attention
27,72,23,19.93,21.8,5.96,64.03,0,0,15.03,8,0.922,8.45,10.64,24.87,91.8,10.05,72.59,0.521,High,Yes,Needs Attention
52,70,16,33.67,66.6,7.53,67.33,3,1,39.19,8,1.025,6.71,12.64,34.89,65.55,7.56,93.94,0.567,Moderate,No,Average
0.25,0.22,0.16,0.32,0.12,-0.32,-0.34,-0.1,2,5,8,0.184,9.85,4.76,3.18,115.96,86.83,101.6,0.152,High,Yes,Needs Attention
-0.03,0.3,0.11,0.08,-0.03,0.07,0.56,0.32,6,5,8,0.238,8.35,1,1.31,113.53,77.81,95.72,0.151,High,Yes,Needs Attention
53,65,76,20.19,16.42,6.72,77.34,1,7,15.6,8,1.415,8.88,8.1,24.99,76.81,9.44,21.27,0.731,High,Yes,Needs Attention
61,44,17,26.1,71.57,6.93,102.27,3,3,47.35,8,0.963,7.05,13.13,26.83,56.5,33.9,83,0.515,Moderate,No,Average
0.7,0.1,0.01,-0.4,0.07,-0.03,0,0.1,0,5,8,0.191,10.82,1,2.85,120.95,82.51,102.16,0.152,High,Yes,Needs Attention
15,14,8,10.01,90.22,6.22,119.39,1,4,56.63,8,0.363,6.99,8.63,12.45,96.21,62.81,93.12,0.261,Moderate,No,Needs Attention
0.29,0.18,0.11,-0.21,0.39,-0.09,-0.49,0.15,0,5,8,0.291,10.14,4.31,1.9,126.5,81.03,96.18,0.152,High,Yes,Needs Attention
-0.12,0.08,-0.15,-0.26,0.09,-0.11,-0.05,0.08,9,5,8,0.227,8.14,11.03,1.58,120.96,82.17,101.42,0.149,High,Yes,Needs Attention
76,39,24,24.25,55.65,7,64.24,3,3,37.55,8,0.953,8.49,19.83,24.75,41.78,36.16,73.56,0.564,Moderate,No,Average
13,47,20,29.22,87.94,6.54,43.14,1,9,52.82,8,0.665,6.35,11.13,26.84,104.82,30.75,84.19,0.394,High,Yes,Needs Attention
9,8,40,22.49,89.92,6.55,111.66,3,2,55.96,8,0.403,7.08,11.57,25.6,115.35,73.4,60.23,0.319,Moderate,No,Needs Attention
-0.03,0.18,0.04,0.05,-0.39,0.4,-0.06,0.24,5,5,8,0.204,11.97,15.36,0.82,105.26,82.63,96.92,0.151,High,Yes,Needs Attention
0.04,0.39,0.06,-0.2,0.16,0.29,0.03,0.11,6,5,8,0.187,10.68,12.09,3.05,115.84,77.45,102.7,0.152,High,Yes,Needs Attention
0.14,-0.11,-0.1,-0.2,0.03,-0.15,-0.02,-0.22,5,5,8,0.154,9.62,11.14,1.83,119.26,80.72,101.63,0.15,High,Yes,Needs Attention
0.33,-0.12,0.21,-0.07,-0.29,-0.18,-0.04,0.36,7,5,8,0.329,12,15.71,3.23,119.02,78.98,97.89,0.151,High,Yes,Needs Attention
0.49,0.08,0.07,-0.11,-0.17,-0.06,-0.36,-0.2,7,5,8,0.111,8.84,13.89,2.59,132.04,82.83,102.85,0.152,High,Yes,Needs Attention
-0.19,-0.34,-0.12,-0.22,-0.52,-0.25,0.24,-0.02,4,5,8,0.253,10.93,13.15,-2.42,118.5,82.42,102.64,0.148,High,Yes,Needs Attention
0.76,-0.25,-0.1,0.04,-0.29,-0.58,-0.06,-0.32,7,5,6.93,0.377,8.22,11.44,2.46,124.19,78.76,104.91,0.131,High,Yes,Needs Attention
0.09,0.27,0.4,0.05,0.03,-0.07,0.34,0.06,6,5,8,0.291,9.51,10.62,1.03,128.97,81.64,102.44,0.152,High,Yes,Needs Attention
31,37,21,27.24,86.4,6.71,37.31,1,9,58.94,8,0.731,6.24,15.67,30.49,92.35,41.35,78.14,0.418,High,Yes,Needs Attention
0.64,-0.08,-0.4,0.04,-0.08,0.33,-0.08,0.34,8,5,8,0.11,10.01,10.65,2.43,115.99,81.91,93.64,0.15,High,Yes,Needs Attention
0.06,-0.04,-0.04,0.35,-0.13,0.14,-0.3,0,8,5,8,0.1,9.81,16.93,2.75,113.52,81.93,100.79,0.15,High,Yes,Needs Attention
-0.49,-0.13,-0.23,0.27,-0.66,-0.21,0.5,0.24,4,5,8,0.162,9.46,7.81,1.36,124.22,89.61,101.6,0.147,High,Yes,Needs Attention
0.06,0.52,0.24,0.43,0.28,-0.27,-0.16,-0.09,2,5,8,0.15,10.84,17.74,0.56,128.17,78.13,99.96,0.153,High,Yes,Needs Attention
0.5,0,0.13,-0.08,-0.06,0.09,-0.1,0.09,7,5,8,0.146,9.18,13.89,0.77,122.23,79.43,87.83,0.152,High,Yes,Needs Attention
-0.04,-0.15,-0.02,-0.13,0.14,0.1,-0.18,-0.15,2,5,8,0.173,10.07,8.13,-1.33,126.21,77.56,102.74,0.149,High,Yes,Needs Attention
13,16,8,34.74,93.12,6.95,100.2,1,4,55.58,8,0.414,8.24,14.04,35.35,119.96,59.87,88.35,0.261,Moderate,No,Needs Attention
0.05,0.13,-0.33,0.08,0.18,-0.11,0.07,-0.27,5,5,8,0.238,8.26,9.4,-0.62,124.14,78.04,103.07,0.15,High,Yes,Needs Attention
18,12,8,12.59,91.82,6.21,119.39,1,4,60.21,8,0.329,6.71,12.13,11.93,96.5,70.66,98.8,0.264,Moderate,No,Needs Attention
104,23,47,26.98,86.7,6.77,42.91,2,5,52.56,8,1.189,7.64,10.05,28.65,16.26,59.95,51.99,0.663,High,Yes,Needs Attention
49,55,78,18.66,16.18,7.86,81.71,1,7,16.96,8,1.279,9.98,11.47,20.96,77.85,26.18,23.75,0.694,High,Yes,Needs Attention
6,62,22,20.53,18.09,5.82,120.45,0,0,21.39,8,0.724,10.72,15.77,21.98,112.76,16.82,78.13,0.426,High,Yes,Needs Attention
21,44,18,27.07,86.9,7.13,50.47,1,9,50.71,8,0.845,7.36,14.07,27.82,106.53,34.03,84.1,0.402,Moderate,No,Average
28,66,23,21.54,24.25,6,120.69,0,0,29.36,8,0.921,8.83,7.5,21.62,91.67,10.33,77.41,0.506,High,Yes,Needs Attention
60,59,22,31.87,66.74,7.19,74.22,3,1,43.35,8,0.917,7.21,7.73,32.89,61.67,18.77,75.93,0.574,Moderate,No,Average
-0.16,0.04,0.17,0.08,-0.06,0.19,-0.18,0.23,5,5,8,0.234,10.08,13.08,0.35,118.41,74.78,96.21,0.15,High,Yes,Needs Attention
0.01,0.09,0.15,-0.02,-0.19,0.11,0.13,-0.16,8,5,8,0.245,9.46,13.37,1.39,120.79,85.34,106.21,0.151,High,Yes,Needs Attention
84,25,52,24.37,81.25,6.13,44.21,2,5,43,8,1.156,7.44,9.3,23.59,37.06,62.35,49.75,0.626,High,Yes,Needs Attention
39,30,38,20.13,87.6,6.97,108.07,3,2,56.88,8,0.745,7.47,18.37,22.68,72.96,42.26,65.32,0.469,Moderate,No,Average
0.04,0.21,0.02,-0.24,0.26,0.35,0.02,-0.11,9,5,8,0.342,10.3,15.25,0.41,117.75,80.95,101.58,0.151,High,Yes,Needs Attention
23,57,19,32.84,68,7.25,73.4,3,1,41.87,8,0.708,7.49,9.5,34.9,90.83,24.09,84.9,0.451,Moderate,No,Average
-0.48,0.11,-0.22,0.07,-0.23,-0.12,-0.16,-0.32,3,5.89,7.17,0.249,8.98,9.11,2.9,118.44,80.73,96.64,0.133,High,Yes,Needs Attention
84,7,51,26.82,87.66,6.4,55.74,2,5,54.32,8,1.068,7.99,11.09,28.81,32.02,70.63,49.33,0.567,Moderate,No,Average
-0.5,0.53,0.09,-0.47,-0.08,-0.17,0.18,-0.2,3,5,8,0.249,6.73,10.67,2.23,125.56,83.56,101.93,0.15,High,Yes,Needs Attention
0.11,0.05,-0.26,-0.32,0.33,-0.43,0.1,0.12,9,5,8,0.336,9.14,17.02,-1.92,125.01,81.59,105.43,0.15,High,Yes,Needs Attention
95,16,46,27.08,90.14,6.75,24.45,3,8,48.54,8,1.187,6.35,15.94,27.84,27.8,68.14,64.69,0.612,High,Yes,Needs Attention
21,44,18,27.07,86.9,7.13,50.47,1,9,51.94,8,0.653,8.78,12.14,30.22,92.66,33.05,83.63,0.402,Moderate,No,Average
0.11,0.06,-0.23,-0.22,-0.15,-0.1,0.11,0.33,1,5,8,0.288,9.31,14.71,2.04,119.4,74.41,97.59,0.15,High,Yes,Needs Attention
0.08,-0.09,0.43,-0.24,0.29,-0.51,-0.2,-0.14,2,5,8,0.152,9.18,15.29,4.03,113.18,81.83,94.79,0.151,High,Yes,Needs Attention
0.6,0.54,-0.33,-0.13,-0.25,-0.79,0.57,0.43,1,5,8,0.218,9.71,12.23,3.93,118.66,75.61,96.71,0.152,High,Yes,Needs Attention
0.19,0.13,-0.06,-0.14,-0.2,-0.11,0.17,-0.31,1,5,7.01,0.1,9.16,13.61,1.81,123.05,84.09,96.96,0.132,High,Yes,Needs Attention
0.09,0.14,0.06,-0.04,0.08,-0.27,0.12,-0.16,1,5,8,0.119,9.35,14.38,1.08,124.87,71.35,88.34,0.151,High,Yes,Needs Attention
0.34,0.03,0.23,-0.26,-0.13,-0.44,-0.06,-0.02,7,5,8,0.208,9.85,13.95,-0.2,122.02,78.1,97.07,0.152,High,Yes,Needs Attention
-0.12,0.13,-0.06,-0.1,-0.17,-0.34,-0.49,-0.5,3,5,4.51,0.229,9.33,8.88,0.69,126.41,77.41,102.93,0.084,High,Yes,Needs Attention
0.59,0.15,-0.21,-0.04,-0.18,-0.43,0.08,-0.23,1,5,8,0.1,9.33,9.29,0.85,120.71,78.52,100.51,0.152,High,Yes,Needs Attention
0.5,-0.19,0.24,0.02,-0.03,-0.04,-0.13,0.29,7,5,8,0.243,8.74,10.85,0.63,118.33,81.23,98.73,0.152,High,Yes,Needs Attention
26,65,22,17.85,18.78,5.95,143.1,0,0,23.59,8,0.812,8.13,9.17,17.97,98.37,16.58,71.51,0.494,High,Yes,Needs Attention
0.3,0.07,0.04,0.16,-0.13,0.17,0.2,0.01,7,5,8,0.305,9.81,6.11,2.26,124.23,82.49,104.16,0.151,High,Yes,Needs Attention
0.5,0.86,0.92,-0.12,0.92,-0.78,0.04,-0.52,2,5,4.1,0.186,10.03,14.7,3.92,116.88,82.16,101.13,0.084,High,Yes,Needs Attention
0.43,0.48,-0.03,0.77,-0.07,-0.12,-0.63,0.27,2,5,8,0.115,8.32,13.39,3.67,121.46,78.83,99.98,0.153,High,Yes,Needs Attention
0.22,0.03,0.01,-0.02,0.22,-0.01,-0.06,-0.39,3,5,5.85,0.208,10.5,6.64,1,118.31,88.4,91.18,0.11,High,Yes,Needs Attention
28,66,23,21.54,24.25,6,120.69,0,0,24.83,8,0.829,9.91,11.04,24.56,81.96,19.55,75.04,0.506,High,Yes,Needs Attention
0.2,0.32,-0.01,-0.17,0,-0.3,-0.31,0.28,5,5,8,0.305,10.72,11.26,1.85,122,78.43,101.74,0.152,High,Yes,Needs Attention
-0.07,0.01,0.09,0.06,-0.04,0.27,0.02,-0.33,8,5,7.09,0.2,10.05,12.73,1.5,113.6,79.44,99.8,0.133,High,Yes,Needs Attention
10,55,23,21.19,19.63,5.73,137.19,0,0,24.71,8,0.716,9.9,7.67,22.54,111.64,23.67,77.77,0.419,High,Yes,Needs Attention
37,55,82,19.46,18.02,6.42,78.45,1,7,20.06,8,1.291,11.48,6.58,20.66,75.32,26.45,20.74,0.671,High,Yes,Needs Attention
30,70,79,20.27,19.97,7.31,69.64,1,7,21.89,8,1.194,8.95,14.08,22.75,86.4,6.11,21.62,0.689,High,Yes,Needs Attention
0.75,0.57,-0.12,-0.3,-0.3,-1.1,0.69,0.11,1,5,8,0.104,8.71,5.86,1.41,117.08,76.27,102.72,0.154,High,Yes,Needs Attention
13,47,20,29.22,87.94,6.54,43.14,1,9,51.86,8,0.713,6.02,11.07,29.63,113.01,24.33,76.63,0.394,High,Yes,Needs Attention
14,37,15,27.96,83.98,6.58,48.94,1,9,50.14,8,0.508,9.41,10.7,28.29,103.33,41.41,80.11,0.351,High,Yes,Needs Attention
25,48,21,28.44,83.49,6.27,52.55,1,9,49.83,8,0.676,9.43,11.51,30.4,89.63,36.26,80.91,0.435,Moderate,No,Average
106,20,51,29.73,90.97,6.34,20.49,3,8,49.72,8,1.329,6.55,13.01,31.87,15.82,59.39,51.73,0.672,High,Yes,Needs Attention
0.02,0.04,-0.15,0.31,-0.35,-0.15,0,0.32,5,5,8,0.241,9.03,18.39,1.34,118.9,79.58,102.23,0.15,High,Yes,Needs Attention
-0.2,-0.24,-0.21,0.04,-0.2,-0.24,-0.08,0.04,5,5,8,0.1,9.43,5.6,-0.16,124.15,81.35,100.74,0.148,High,Yes,Needs Attention
0.26,-0.06,-0.11,-0.31,-0.01,0.15,-0.44,0.37,0,5,8,0.151,10.97,15.51,3.07,114.68,76.05,98.81,0.15,High,Yes,Needs Attention
0.46,0.32,0.81,-0.06,0.73,-0.34,-0.34,0.07,2,5,8,0.137,8.44,1.95,3,120.59,79.78,100.03,0.155,High,Yes,Needs Attention
0.11,0.06,0.09,-0.29,0.15,-0.06,-0.26,-0.07,0,5,8,0.344,7.78,17.57,-1.77,132.24,83.5,101.43,0.151,High,Yes,Needs Attention
0.11,0.28,0.09,-0.17,-0.15,-0.14,-0.35,-0.48,3,5,5,0.275,11.92,3.83,3.34,118.69,80.95,101.67,0.095,High,Yes,Needs Attention
-0.05,-0.04,-0.43,0.06,-0.36,0.27,0.15,0.18,8,5,8,0.163,10.07,21.75,1.25,120.98,83.95,110.86,0.148,High,Yes,Needs Attention
105,30,50,25.3,81.78,6.38,57.04,2,5,49.99,8,1.356,8.16,10.44,27.08,6.69,55.06,46.32,0.697,Moderate,No,Average
-0.13,-0.07,0.32,-0.23,0.08,0.07,0.18,-0.44,3,5,5.28,0.1,9.54,17.16,2.98,115.87,82.72,112.58,0.099,High,Yes,Needs Attention
37,6,13,26.03,91.51,7.51,101.28,1,4,64.99,8,0.482,7.93,16.34,30.01,85.3,71.15,81.97,0.315,Moderate,No,Needs Attention
0.31,0.11,-0.19,-0.15,0.12,-0.7,0.31,0.31,1,5,8,0.21,8.23,10.25,2.85,118.04,78.51,101.73,0.151,High,Yes,Needs Attention
0.03,0.18,0.06,-0.15,-0.1,0.16,-0.36,0.05,5,5,8,0.238,8.91,10.56,1.71,123.04,87.55,95.16,0.151,High,Yes,Needs Attention
95,12,46,26.22,81.01,6.32,54.65,2,5,45.69,8,1.11,7.83,8.65,25.66,27.12,69.26,55.22,0.6,Moderate,No,Average
0.52,0.06,0.21,0.18,-0.04,-0.08,-0.25,0.18,7,5,8,0.225,7.48,15.15,-1.36,112.89,80.66,103.72,0.152,High,Yes,Needs Attention
28,7,9,34.59,92.13,6.73,115.57,1,4,64.67,8,0.47,7.14,10.31,37.41,97.08,69.56,91.13,0.28,Moderate,No,Needs Attention
0.45,0.13,0.11,-0.17,-0.27,-0.09,-0.39,0.37,7,5,8,0.191,9.39,8.72,3.34,113.34,79.5,103.78,0.152,High,Yes,Needs Attention
55,66,22,30.91,68.79,7.75,66.64,3,1,40.03,8,1.034,7.73,14.15,31.19,61.18,16.87,76.31,0.581,Moderate,No,Average
4,20,41,24.27,93.8,6.54,104.54,3,2,59.84,8,0.556,6.85,8.41,25.37,117.15,60.06,50.8,0.345,Moderate,No,Needs Attention
-0.11,-0.16,-0.05,0.27,0.16,0.09,-0.14,0.18,9,5,8,0.217,8.75,10.68,0.93,127.95,78.08,102.56,0.149,High,Yes,Needs Attention
44,63,15,26.42,64.51,7.34,63.47,3,1,37.85,8,0.965,6.32,12.43,27.04,70.98,15.85,85.12,0.519,Moderate,No,Average
-0.08,-0.08,0.07,0.32,0.01,-0.1,0.45,0.6,6,5,8,0.215,9.89,9.43,3.43,120.82,84.85,98.01,0.15,High,Yes,Needs Attention
0.15,0.13,0.28,-0.11,0.14,-0.12,-0.59,0.15,0,5,8,0.109,9.45,10.03,1.72,120.63,82.54,98.08,0.152,High,Yes,Needs Attention
0.17,0.3,-0.1,0.2,0.08,-0.15,-0.06,-0.04,2,5,8,0.122,8.37,18.14,1.36,123.12,81.84,101.73,0.151,High,Yes,Needs Attention
0.19,0.28,-0.05,-0.08,-0.26,0.1,0.17,0.04,1,5,8,0.234,9.82,11.18,5.41,125.73,81.48,96.79,0.151,High,Yes,Needs Attention
0.42,-0.17,0.02,-0.15,-0.04,0.26,-0.18,-0.02,0,5,8,0.319,9.46,10.56,-0.8,117.56,75.44,101.48,0.151,High,Yes,Needs Attention
110,21,54,26.74,87.82,6.75,47.46,2,5,53.57,8,1.322,7.09,11.3,29.06,15.06,60.09,50.75,0.695,High,Yes,Needs Attention
0.13,0.17,-0.75,-0.25,0.26,0.04,-0.09,-0.56,5,5,3.74,0.164,7.59,13.82,-0.32,126.52,84.1,108.99,0.069,High,Yes,Needs Attention
0.24,0.1,0.24,0.21,0.34,-0.32,-0.2,-0.04,2,5,8,0.221,10.42,7.86,1.47,128.68,78.86,105.38,0.152,High,Yes,Needs Attention
-0.1,0.07,-0.23,0.16,0.4,-0.22,-0.46,-0.46,5,5,5.31,0.107,8.51,13.71,1.88,122.61,83.84,100.88,0.099,High,Yes,Needs Attention
0.53,0.58,-0.11,0.49,0.32,-0.42,0.06,-0.51,2,5,4.39,0.311,9.81,13.02,3.26,120.26,81.6,101.14,0.085,High,Yes,Needs Attention
-0.03,0.04,-0.21,0.19,0.09,-0.22,0.29,-0.24,6,5,8,0.214,8.94,4.85,1.3,117.66,83.27,98.61,0.149,High,Yes,Needs Attention
0.07,0.02,0.28,0.36,-0.19,-0.13,-0.25,-0.11,2,5,8,0.149,9.37,19.18,1.31,112.64,80.18,97.86,0.151,High,Yes,Needs Attention
95,14,50,26.63,84.32,6.56,56.32,2,5,50.63,8,1.141,8.79,17.84,27.71,23.61,69.55,53.49,0.618,Moderate,No,Average
-0.39,0.33,-0.3,0.32,0.06,0.36,-0.44,-0.28,5,5,8,0.156,10.28,8.8,0.2,120.95,73.81,99.07,0.149,High,Yes,Needs Attention
-0.19,0.17,-0.67,0.33,-0.17,-0.47,-0.02,0.27,5,5,8,0.301,10.88,7.51,2.78,119.64,79.96,102.13,0.148,High,Yes,Needs Attention
0.03,0.17,0.06,-0.09,-0.06,-0.05,-0.22,0.08,5,5,8,0.185,10.08,12.91,1.83,122.96,82.68,96.09,0.151,High,Yes,Needs Attention
-0.03,0.11,0.21,-0.06,0.13,0.23,0.19,-0.25,6,5,7.89,0.214,10.14,6.3,2.09,112.76,81.08,105.27,0.149,High,Yes,Needs Attention
0.35,0.31,-0.45,0.03,0.92,-0.28,0.11,0.35,9,5,8,0.247,7.95,17.46,1.43,118.74,84.07,99.16,0.151,High,Yes,Needs Attention
0.41,0.5,0.07,-0.16,0.21,0.17,0.03,0.08,8,5,8,0.147,9.43,10.13,1.05,129.56,78.87,104.28,0.153,High,Yes,Needs Attention
21,39,20,28.14,82.12,7.06,46.76,1,9,52.16,8,0.695,7.47,18.49,31.4,103.98,38.81,77.18,0.392,High,Yes,Needs Attention
14,48,21,29.25,84.8,6.99,53.43,1,9,52.57,8,0.72,8.85,8.7,32.28,109.08,25.44,75.97,0.403,Moderate,No,Average
29,45,16,28.44,87.91,6.58,43.12,1,9,44.67,8,0.616,7.05,11.55,32.06,92.95,33.91,89.31,0.422,High,Yes,Needs Attention
20,79,77,18.55,16.03,7.65,76.33,1,7,12.57,8,1.276,9.61,17.07,20.61,98.17,3.07,20.5,0.682,High,Yes,Needs Attention
-0.29,-0.03,-0.19,-0.08,0.26,0,0.35,0.07,9,5,8,0.193,9.97,10.71,3.45,111.52,83.07,93.92,0.149,High,Yes,Needs Attention
115,12,52,27.51,94.96,6.69,21.02,3,8,53.32,8,1.284,8.53,13.09,28.39,7.29,62.4,43.84,0.676,High,Yes,Needs Attention
94,53,40,20.28,82.89,5.72,241.97,0,6,66.38,8,1.325,7.54,16.37,21.48,13.76,31.7,63.43,0.707,Moderate,No,Healthy
0.83,-0.27,0.39,0.1,-0.42,-0.54,-0.29,0.27,7,5,8,0.226,10.59,9.78,3.39,117.54,76.37,102.65,0.153,High,Yes,Needs Attention
0.52,0.2,0.23,-0.05,-0.09,-0.14,0.04,0.05,1,5,8,0.313,8.05,6.95,2.72,119.46,79.32,96.72,0.153,High,Yes,Needs Attention
-0.14,-0.17,0.13,0.05,0.06,0.29,0.31,-0.05,6,5,8,0.105,8.13,6.17,1.11,117.9,77.89,97.34,0.149,High,Yes,Needs Attention
26,54,17,28.55,88.96,6.27,49.49,1,9,47.35,8,0.755,5.24,14.33,28.48,104.86,27.67,85.69,0.445,High,Yes,Needs Attention
10,5,5,21.21,91.35,7.82,112.98,1,4,57.91,8,0.373,8.25,13.56,22.4,119.12,75.38,100.26,0.209,Moderate,No,Needs Attention
-0.11,0.44,-0.6,0.29,-0.01,-0.41,-0.21,0.61,5,5,8,0.237,10.42,16.25,0.76,125.27,82.27,100.32,0.149,High,Yes,Needs Attention
-0.26,-0.16,0.25,-0.12,-0.41,0.15,0.24,0.25,9,5,8,0.236,10.66,10.9,3.97,115.63,87.54,101.97,0.149,High,Yes,Needs Attention
1,17,6,10.79,91.38,6.82,117.53,1,4,61.56,8,0.564,6.79,6.28,13.43,128.61,64.59,97.49,0.224,Moderate,No,Needs Attention
0.02,0.02,0.03,-0.1,-0.1,-0.14,0.41,-0.1,6,5,8,0.25,9.19,2.59,0.25,123.07,77.67,108.58,0.15,High,Yes,Needs Attention
0.58,0.02,-0.07,0.16,-0.14,-0.68,0.2,-0.03,1,5,8,0.294,9.63,23.47,0.09,114.71,81.82,95.45,0.152,High,Yes,Needs Attention
0.45,0.16,0.09,-0.29,0.29,0.12,-0.81,0,0,5,8,0.18,11.19,14.11,0.04,119.71,87.62,97.24,0.152,High,Yes,Needs Attention
0.14,-0.27,0.43,0.06,0.03,-0.03,0.09,0.27,6,5,8,0.122,11.44,12.55,0.72,124.65,82.9,97.54,0.151,High,Yes,Needs Attention
0.17,-0.05,0.25,-0.19,0.11,0.13,-0.33,0.01,0,5.69,8,0.177,10.54,13.11,1.06,116.84,83.83,103.06,0.151,High,Yes,Needs Attention
-0.72,0.84,0.03,-0.62,0.63,0.44,-0.32,-0.08,3,5,8,0.258,10.07,6.27,2.55,121.42,72.79,98.96,0.151,High,Yes,Needs Attention
0.23,-0.01,-0.24,-0.45,-0.13,0.08,0.04,-0.13,1,5,8,0.232,11.09,8.82,-0.4,121.35,81.56,101.49,0.15,High,Yes,Needs Attention
18,5,11,20.88,90.94,6.25,102.46,1,4,61.92,8,0.436,7.22,18.97,25.81,96.5,73.93,89.49,0.25,Moderate,No,Needs Attention
29,16,36,19.81,88.93,5.74,102.86,3,2,57.18,8,0.669,7.14,14.63,19.9,89.65,61.28,64.01,0.39,Moderate,No,Needs Attention
-0.43,-0.3,-0.31,-0.25,-0.05,-0.04,0.05,-0.12,3,5,8,0.164,9.62,8.95,-0.86,115.3,80.21,100.74,0.147,High,Yes,Needs Attention
0.61,0.23,-0.31,-0.28,-0.45,-0.04,0.34,0.04,1,5,8,0.189,8.78,7.09,3.75,123.73,80.2,104.43,0.152,High,Yes,Needs Attention
39,71,84,20.28,16.4,8.14,82.52,1,7,17,8,1.422,9.16,9.94,23.76,76.46,6.5,12.12,0.733,High,Yes,Needs Attention
7,79,23,19.64,19.69,5.82,96.66,0,0,19.65,8,0.921,8.14,10.74,20.87,114.46,1.75,76.41,0.485,High,Yes,Needs Attention
0.2,0.06,0.17,-0.38,0.19,-0.2,0.16,-0.21,8,5,8,0.122,10.77,20.2,1.69,112.85,79.25,94.97,0.151,High,Yes,Needs Attention
7,16,9,18.88,92.04,7.81,114.67,1,4,66.63,8,0.453,7.99,11.25,20.99,107.33,66.81,91.91,0.247,Moderate,No,Needs Attention
0.3,0.08,-0.09,0.11,-0.18,-0.15,0.01,-0.06,1,5,8,0.15,11.18,7.24,1.82,113.79,80.83,99.31,0.151,High,Yes,Needs Attention
0.16,0.15,-0.18,-0.11,0.08,-0.23,-0.18,-0.16,5,5,8,0.238,8.12,11.77,-0.55,118.39,81.35,104.46,0.15,High,Yes,Needs Attention
0,23,15,22.57,93.37,7.6,109.86,1,4,61.48,8,0.413,9.32,13.06,20.35,120.9,60.92,84.98,0.266,Moderate,No,Needs Attention
0.03,-0.23,-0.23,0,0.09,-0.24,0.17,-0.38,5,5,6.03,0.323,8.18,6.88,0.23,121.79,82.45,98.45,0.112,High,Yes,Needs Attention
105,30,50,25.3,81.78,6.38,57.04,2,5,53.15,8,1.277,6.51,13.61,29.52,6.14,49.98,49.01,0.697,Moderate,No,Average
81,16,45,26.9,86.25,6.73,59.76,2,5,50.94,8,1.066,6.97,16.84,31.18,38.16,55.65,61.89,0.569,Moderate,No,Average
19,65,25,18.1,18.29,5.63,144.79,0,0,25.14,8,0.903,10.6,12.55,19.21,97.25,17.05,68.72,0.482,High,Yes,Needs Attention
0.1,-0.05,0.03,0.22,0.21,0.05,-0.12,-0.17,3,5,8,0.131,9.97,8.81,0.28,122.57,76.4,97.46,0.15,High,Yes,Needs Attention
0.38,-0.32,-0.04,-0.08,-0.19,-0.22,-0.16,0.01,7,7.6,8,0.194,9.51,9.88,1.84,118.28,79.98,100.18,0.15,High,Yes,Needs Attention
36,11,13,17.34,93.05,7.19,112.72,1,4,57.95,8,0.539,6.63,5.36,19.5,83.6,70.48,84.45,0.328,Moderate,No,Needs Attention
0.75,0.23,-0.4,0.07,0.17,-0.7,0.34,0.5,8,5,8,0.162,8.37,11.46,2.47,115.53,85.1,102.36,0.152,High,Yes,Needs Attention
20,23,11,31.85,90.12,6.41,109.95,1,4,57.44,8,0.489,8.63,13.24,29.56,108.62,64.37,88.77,0.313,Moderate,No,Needs Attention
37,78,79,19.95,14.83,7.79,88.68,1,7,13.78,8,1.453,10.18,8.41,26.19,76.58,0,22.02,0.734,High,Yes,Needs Attention
0.89,0.56,-0.3,0.01,0.62,0.04,-0.16,0.48,2,5,8,0.159,11.09,19.76,3.21,117.11,74.18,100.77,0.153,High,Yes,Needs Attention
35,57,83,19.48,17.45,7.48,80.5,1,7,7.75,8,1.295,9.71,15.17,20.68,85.54,24.3,16.59,0.674,High,Yes,Needs Attention
63,44,41,24.17,83.73,5.58,257.03,0,6,65.31,8,1.113,5.01,4.83,24.59,55.74,36.97,53.84,0.592,Low,No,Average
-0.2,0,-0.23,-0.11,-0.17,-0.06,-0.18,0,3,5,8,0.1,8.51,4.91,2.87,116.38,75.19,100.93,0.149,High,Yes,Needs Attention
-0.11,-0.06,0,-0.16,0.09,0.12,-0.18,-0.09,8,5,8,0.241,10.21,8.06,2.08,111.05,79.99,92.95,0.149,High,Yes,Needs Attention
44,77,21,32.64,61.3,7.33,61.84,3,1,44.47,8,0.939,7.85,18.29,34.28,72.54,5.39,76.31,0.581,Moderate,No,Average
-0.15,0.63,0.24,-0.18,0.21,0.37,0.38,0.26,9,5,8,0.255,9.19,15.56,2.01,115.35,74.45,101.72,0.152,High,Yes,Needs Attention
0.16,0.17,0.19,0.18,0.08,0.02,0.2,-0.1,8,5,8,0.163,8.64,18.49,1.51,128.24,75.85,104.57,0.152,High,Yes,Needs Attention
-0.36,-0.75,-0.63,-0.11,-0.32,-0.24,0.35,-0.01,4,5,8,0.19,10.71,12.04,1.99,131.68,78.17,110.03,0.145,High,Yes,Needs Attention
117,24,53,29.17,92.21,6.29,21.3,3,8,54.9,8,1.26,7.9,11.16,31.76,2.75,55.15,45.29,0.722,High,Yes,Needs Attention
0.1,-0.05,-0.44,-0.19,-0.18,0.12,0.09,-0.03,4,5,8,0.207,10.26,7.01,1.82,112.88,82.83,96.98,0.149,High,Yes,Needs Attention
0.08,0.12,0.23,-0.07,-0.04,-0.21,0.29,-0.53,3,5,4.12,0.277,9.12,13.4,1.87,123.61,78.57,101.86,0.079,High,Yes,Needs Attention
0.04,0.08,-0.08,-0.23,0.37,0.45,0.15,-0.14,6,5,8,0.136,9.92,11.22,3.36,115.05,80.14,107.56,0.15,High,Yes,Needs Attention
0.29,-0.13,0.33,0.09,0.44,-0.32,-0.1,-0.07,2,5,8,0.154,8.4,11.06,-0.81,116.96,89.11,105.8,0.151,High,Yes,Needs Attention
0.28,0.51,0.17,0.3,0.14,0.01,-0.14,-0.04,2,5,8,0.242,9.62,18.47,0.6,116.58,75.66,95.69,0.153,High,Yes,Needs Attention
0.46,0.1,-0.1,-0.27,-0.02,-1.12,0.29,0.26,1,5,8,0.241,7.22,11.49,1.27,117.04,77.29,99.54,0.151,High,Yes,Needs Attention
32,73,81,20.45,15.4,5.99,92.68,1,7,17.1,8,1.121,7.8,17.32,20.86,86.23,9.71,22.4,0.71,High,Yes,Needs Attention
0,55,22,22.99,20.58,5.92,143.86,0,0,29.53,8,0.823,8.91,5.65,23.9,113.43,28.95,81.68,0.387,High,Yes,Needs Attention
95,7,45,27.3,90.8,6.03,25.09,3,8,51.14,8,1.124,9.86,22.75,30.73,21.49,74.66,57.37,0.581,High,Yes,Needs Attention
0.04,-0.15,0.15,0.19,0.58,-0.38,-0.14,0.05,2,5,8,0.256,7.93,10.51,1.47,125.06,87.39,98.06,0.15,High,Yes,Needs Attention
13,30,37,20.86,91.62,6.28,106.87,3,2,62.71,8,0.669,6.22,14.83,19.62,106.83,51.27,65.33,0.39,Moderate,No,Needs Attention
25,21,11,32.24,90.15,6.46,104.71,1,4,61.38,8,0.394,7.71,15.47,33.1,95.63,51.1,92.72,0.321,Moderate,No,Needs Attention
40,73,20,21.59,20.32,5.81,61.14,0,0,16.1,8,1.052,11.01,10.01,23.18,68.84,7.39,76.27,0.554,High,Yes,Needs Attention
-0.11,0.01,0.08,-0.08,-0.08,0.14,0,-0.14,8,5,8,0.155,9.95,15.28,1.48,124.85,77.71,105.24,0.15,High,Yes,Needs Attention
0.42,-0.01,-0.4,-0.57,0.15,0.27,-0.57,-0.24,5,5,8,0.244,10.45,15.48,1.76,116.15,85.55,104.37,0.15,High,Yes,Needs Attention
0.63,0.17,-0.15,-0.35,0.04,-0.62,0.25,0.23,1,5,8,0.186,9.41,9.15,1.86,124.99,83.69,97.18,0.152,High,Yes,Needs Attention
38,21,35,20.34,89.38,5.84,110.97,3,2,62.45,8,0.783,7,9.19,21.63,82.77,52.64,68.7,0.429,Moderate,No,Average
31,40,22,29.41,86.16,6.37,53.35,1,9,52.16,8,0.696,7.68,12.18,29.12,86.19,45.4,81.25,0.43,Moderate,No,Average
118,21,51,24.43,86.34,6.68,48.58,2,5,54.37,8,1.409,6.93,11.54,25.27,0,62.76,52.4,0.71,High,Yes,Needs Attention
0.13,0.18,0.01,-0.23,-0.48,0.12,0.22,-0.18,1,5,8,0.107,10.49,17.57,0.34,130.74,78.52,106.29,0.151,High,Yes,Needs Attention
0.42,-0.03,0,-0.09,-0.33,0,0.04,0.23,7,5,8,0.382,8.15,14.81,0.98,123.6,79.72,99.96,0.151,High,Yes,Needs Attention
84,25,52,24.37,81.25,6.13,44.21,2,5,49.01,8,1.345,8.61,11.72,26.91,40.32,60.57,49.33,0.626,High,Yes,Needs Attention
0.28,0,-0.17,-0.01,-0.18,-0.42,0.02,0.18,1,5,8,0.331,9.79,14.42,2.1,128.81,72.11,89.62,0.15,High,Yes,Needs Attention
0.25,0.28,0.01,-0.07,0.19,-0.04,-0.59,0.14,0,5,8,0.305,9.53,3.81,2.67,120.87,81.5,104.45,0.152,High,Yes,Needs Attention
-1.1,-0.42,-1.06,-0.86,-0.02,-0.27,-0.64,0.92,4,5,8,0.178,8.11,9.54,0.06,127.86,84.79,105.14,0.142,High,Yes,Needs Attention
0.31,0.03,0.08,-0.08,-0.03,-0.08,-0.56,0.17,0,8.24,8,0.296,8.77,13.15,3.68,117.3,79.62,105.34,0.151,High,Yes,Needs Attention
81,49,20,18.04,60.61,5.51,104.23,3,3,44.18,8,1.092,9.43,16.46,20.55,42.69,33.59,76.25,0.598,Moderate,No,Average
0.32,0.17,0.07,-0.55,0.39,0.3,-0.35,0.63,0,5,8,0.1,9.53,12.8,1.12,116.53,80.24,103.78,0.152,High,Yes,Needs Attention
21,6,41,24.88,89.4,7.09,107.2,3,2,60.28,8,0.728,7.79,17.83,27.29,96.48,70.86,63.07,0.351,Moderate,No,Needs Attention
0.29,0.34,-0.18,0.06,0.2,0.01,0.03,0.3,2,5,8,0.293,8.87,15.47,0.55,120.2,76.42,97.58,0.151,High,Yes,Needs Attention
120,23,55,27.84,91.61,6.73,26.48,3,8,51.93,8,1.385,7.43,10.05,26.18,0,59.85,49.22,0.734,High,Yes,Needs Attention
57,58,77,18.73,17.58,7.98,81.2,1,7,10,8,1.254,7.94,11.44,19.32,64.65,19.46,24.85,0.724,High,Yes,Needs Attention
0.39,0.37,0.33,-0.22,0.4,-0.03,-0.51,0.3,0,5,8,0.16,9.84,13.63,2.4,118.05,73.53,92.88,0.153,High,Yes,Needs Attention
-0.11,-0.33,0.06,0.29,0.11,-0.12,-0.25,-0.4,3,5,5.93,0.1,10.12,10.21,1.91,110.17,80.82,102.28,0.11,High,Yes,Needs Attention
0.19,-0.29,0.17,-0.18,0.19,0.1,-0.05,-0.27,6,5,7.74,0.276,10.07,18.13,1.11,117.52,78.24,96.76,0.145,High,Yes,Needs Attention
-0.17,-0.15,0.32,-0.05,-0.07,0.35,0.35,-0.02,6,5,8,0.1,8.85,7.57,0.18,118.44,75.35,92.98,0.15,High,Yes,Needs Attention
0.37,0.04,0.29,0.01,-0.39,-0.19,-0.23,0.27,7,5,8,0.227,9.42,13.26,-1.42,123.89,80.25,101.18,0.152,High,Yes,Needs Attention
8,72,17,20.57,19.75,5.71,87.88,0,0,22.4,8,0.715,9.79,14.94,24.21,113.43,11.07,82.74,0.448,High,Yes,Needs Attention
78,43,42,21.32,83,7.28,192.32,0,6,63.28,8,1.064,7.46,10.75,22.51,49.24,37.08,63.62,0.635,Moderate,No,Average
0.32,-0.02,0.02,0.28,-0.09,-0.05,0.06,-0.11,7,5,8,0.221,9.46,9.84,1.14,122.28,75.76,100.71,0.151,High,Yes,Needs Attention
95,16,55,25.27,87.55,6.61,40.13,2,5,53.23,8,1.169,9.46,11.7,25.76,22.23,65.93,48.11,0.639,High,Yes,Needs Attention
0.06,-0.02,0,0.01,-0.07,0.12,-0.04,-0.01,5,5,8,0.267,8.8,15.25,3.39,119.65,84.16,102.04,0.15,High,Yes,Needs Attention
-0.28,-0.13,-0.05,0.09,0.07,-0.02,-0.24,-0.39,3,5,5.89,0.1,10.83,10,2.91,118.54,88.98,104.13,0.109,High,Yes,Needs Attention
52,73,79,17.26,18.75,7.84,94,1,7,14.28,8,1.363,8.13,7.72,17.31,70.44,12.77,17.45,0.762,High,Yes,Needs Attention
0.57,0.18,0.15,-0.43,-0.05,-0.12,-0.19,0.26,0,5,8,0.1,10.41,16.6,2.82,119.73,75.8,100.64,0.153,High,Yes,Needs Attention
48,61,21,30.28,61.69,6.63,65.63,3,1,39.63,8,0.805,8.92,13.6,31.56,68.86,22.43,78.44,0.542,Moderate,No,Average
0.12,0.29,-0.25,-0.14,-0.12,0.06,0.17,0.01,1,5,8,0.345,9.24,16.03,0.44,119.92,80.74,102.86,0.151,High,Yes,Needs Attention
-0.68,-0.99,-0.9,-0.17,-0.56,-0.93,0.49,0.53,4,5,8,0.351,8.55,15.04,0.89,122.99,76.38,101.92,0.142,High,Yes,Needs Attention
-0.04,-0.26,0.08,-0.11,-0.02,-0.14,0.16,-0.35,5,5,6.67,0.206,7.78,20.72,0.22,115.01,81.4,97.46,0.124,High,Yes,Needs Attention
0.38,0.09,0.02,0.07,-0.26,-0.12,0.06,-0.05,7,5,8,0.137,9.14,16.46,-0.41,121.21,87.58,98.63,0.151,High,Yes,Needs Attention
21,6,41,24.88,89.4,7.09,107.2,3,2,54.75,8,0.584,8.04,9.1,27.54,91.11,78.78,65.59,0.351,Moderate,No,Needs Attention
0.01,0.41,-0.44,-0.06,0.07,0.14,0.41,-0.38,5,5,6.73,0.27,8.67,13.88,1.11,125.52,75.54,93.66,0.126,High,Yes,Needs Attention
0.01,-0.26,-0.04,0.03,-0.43,-0.28,0.23,-0.32,4,5,7.07,0.157,9.86,9.77,2.46,122.63,80.31,102.88,0.132,High,Yes,Needs Attention
14,67,15,19.56,24.67,5.69,139.29,0,0,32.31,8,0.795,7.66,10.18,21.49,114.15,14.97,89.97,0.444,Moderate,No,Average
-0.02,0.04,0.29,0.25,0.44,0.25,-0.09,-0.34,3,5,7.35,0.201,9.51,6.35,2.57,114.44,73.04,102.03,0.139,High,Yes,Needs Attention
20,23,11,31.85,90.12,6.41,109.95,1,4,61.72,8,0.478,6.35,10.86,30.28,105.67,50.22,96.88,0.313,Moderate,No,Needs Attention
14,8,43,21.93,94.46,7.05,111.72,3,2,59.73,8,0.548,7.31,14.18,22.13,110.68,72.62,60.75,0.342,Moderate,No,Needs Attention
-0.21,0.03,-0.39,0.19,-0.12,0.34,0.31,-0.34,5,5,6.85,0.22,9.25,11.74,2.54,119.3,80.64,101.93,0.127,High,Yes,Needs Attention
11,46,24,27.65,89.81,6.46,56.53,1,9,56.28,8,0.608,6.31,7.6,27.24,107.12,26.64,74.13,0.396,Moderate,No,Needs Attention
40,68,17,34.13,65.15,7.73,70.41,3,1,38.16,8,0.986,7.46,5.91,36.19,74.57,13.55,84.61,0.529,Moderate,No,Average
0.42,0,0.5,-0.25,0.02,-0.01,-0.07,0.22,7,5,8,0.168,8.82,20.45,-0.84,112.85,84.35,102.23,0.153,High,Yes,Needs Attention
28,65,23,28.39,61.89,7.41,74.24,3,1,39.63,8,0.906,6.89,13.3,29.91,88.24,14.13,77.01,0.502,Moderate,No,Average
0.54,0.02,-0.16,-0.15,-0.31,-0.41,0.23,0.36,1,5,8,0.313,10.84,8.7,3.76,113.18,80.22,97.19,0.151,High,Yes,Needs Attention
53,65,76,20.19,16.42,6.72,77.34,1,7,14.15,8,1.351,8.98,13.85,22.85,74.98,17.29,19.18,0.731,High,Yes,Needs Attention
21,63,22,25.1,67.73,6.86,74.62,3,1,35.9,8,0.91,5.85,20.76,23.82,91.49,18.76,78.74,0.473,Moderate,No,Average
0.36,0.28,0.22,0.02,-0.14,-0.83,0.45,0.42,1,5,8,0.1,9.13,14.48,2.79,120.38,73.05,93.86,0.153,High,Yes,Needs Attention
0.04,0.13,0.02,-0.3,0.33,0.1,-0.39,0.28,0,5,8,0.164,10.66,1,3.93,122.14,76.25,98.09,0.151,High,Yes,Needs Attention
90,42,43,20.88,82,6.5,202.94,0,6,61.46,8,1.252,6.94,22.61,26.58,31.79,36.42,47.27,0.67,Moderate,No,Average
-0.08,0.05,-0.21,-0.12,-0.29,-0.1,0.13,0.23,4,5,8,0.352,11.25,4.6,2.09,122.31,76.51,103.54,0.149,High,Yes,Needs Attention
0.72,0.7,-0.17,-0.46,-0.29,-0.12,0.5,0.2,1,5,8,0.1,8.9,11.18,-1.01,124.01,85.17,104.79,0.154,High,Yes,Needs Attention
34,47,19,27.31,85.45,6.57,53.15,1,9,53.62,8,0.792,8.12,7.47,29.46,83.77,35.54,81.32,0.452,Moderate,No,Average
60,68,83,19.12,18.43,6.62,85.53,1,7,12.38,8,1.583,10.33,9.04,23.01,60.44,7.56,24.33,0.782,High,Yes,Needs Attention
1.02,0.46,-0.1,-0.45,-0.07,-0.24,0.11,0.09,1,5,8,0.145,10.2,13.14,0.77,117.51,78.68,105.49,0.154,High,Yes,Needs Attention
93,58,38,20.62,83.77,6.93,279.55,0,6,70.49,8,1.317,6.28,3.72,23.68,33.51,26.52,63.92,0.714,Low,No,Average
-0.14,0.02,0.18,0.22,-0.11,-0.15,0.04,0.04,4,5,8,0.227,8.81,11.64,0.46,130.64,77.4,99.37,0.15,High,Yes,Needs Attention
0.57,-0.01,0.06,-0.37,0.1,-0.23,0.42,0.31,1,5,8,0.218,10.92,16.59,1.69,113.46,83.42,98.54,0.152,High,Yes,Needs Attention
14,67,22,23.83,24.75,5.62,84.64,0,0,22.39,8,0.943,8.33,8.63,21.6,95.84,18.53,80.25,0.465,High,Yes,Needs Attention
35,63,76,17.82,17.61,6.71,90.82,1,7,20.32,8,1.28,10.29,6.44,17.89,87.85,21.86,23.44,0.672,High,Yes,Needs Attention
89,54,38,24.52,83.54,6.69,230.45,0,6,64.25,8,1.392,7.23,11.44,26.01,36.35,26.72,64.19,0.69,Moderate,No,Average
37,55,82,19.46,18.02,6.42,78.45,1,7,10.3,8,1.215,9.44,10.65,20.41,92.78,30,20.49,0.671,High,Yes,Needs Attention
0.6,0.29,-0.19,0.07,-0.42,-0.27,0.49,0.25,1,5,8,0.145,8.37,9.62,-0.38,123.09,77.62,99.27,0.152,High,Yes,Needs Attention
-0.24,0.31,-0.43,0.04,0.07,0.03,0.15,-0.09,5,5,8,0.18,9.14,7.25,0.79,127.22,89.63,104.81,0.149,High,Yes,Needs Attention
67,47,44,26.73,81.79,7.87,280.4,0,6,68.34,8,1.055,6.83,14.08,28.72,61.3,33.96,55.09,0.622,Low,No,Average
-0.22,-0.09,-0.73,-0.08,-0.96,-0.41,0.11,0.51,4,5,8,0.232,10,14.38,1.29,127.54,84.68,100.82,0.147,High,Yes,Needs Attention
21,39,20,28.14,82.12,7.06,46.76,1,9,45.43,8,0.649,7.79,7.74,29.73,103.41,39.55,76.09,0.392,High,Yes,Needs Attention
0.23,-0.05,0.06,0.09,0.24,-0.41,-0.19,0.01,2,5,8,0.148,10.21,8.29,2.69,113.36,82.05,98.86,0.151,High,Yes,Needs Attention
81,45,35,26.53,80.12,6.16,218.92,0,6,61.03,8,1.206,7.26,12.55,27.52,38.96,37.17,73.63,0.63,Moderate,No,Average
94,50,37,25.67,80.66,6.95,209.59,0,6,59.2,8,1.195,6.8,8.14,29.21,27.5,26.28,59.4,0.689,Moderate,No,Average
-0.32,-0.31,0.07,-0.04,0.22,0.12,-0.08,0.31,9,5,8,0.258,9.93,12.71,-0.02,119.82,76.48,101.68,0.148,High,Yes,Needs Attention
78,37,22,25.34,63.32,6.33,74.52,3,3,39.45,8,0.984,7.14,17.87,29.73,41.81,42.18,76.18,0.558,Moderate,No,Average
99,55,35,21.72,80.24,6.5,277.96,0,6,69.31,8,1.427,8.82,11.76,24.89,28.84,29.42,56.14,0.714,Low,No,Average
115,12,52,27.51,94.96,6.69,21.02,3,8,54.75,8,1.243,7.26,7.15,28.48,1.22,60.67,50.24,0.676,High,Yes,Needs Attention
0.75,-0.02,0.13,-0.23,-0.03,-0.11,-0.38,-0.08,7,5,8,0.256,9.42,13.57,0.84,123.25,78.57,97.65,0.153,High,Yes,Needs Attention
0.43,0.56,0.26,-0.37,0.46,0.18,-0.9,0.28,0,5,8,0.222,10.2,11.29,1.44,121.15,84.68,101.02,0.154,High,Yes,Needs Attention
0.54,0.51,-0.01,0.47,0.33,-0.09,-0.01,0.07,2,5,8,0.266,9.67,11.4,2.87,115.17,74.56,103.97,0.153,High,Yes,Needs Attention
-0.02,-0.01,0.29,0.05,0.1,0.44,-0.03,-0.2,6,5,8,0.21,8.09,13.9,3.19,114.64,85.03,100.65,0.151,High,Yes,Needs Attention
5,24,40,24.69,93.87,6.3,104.67,3,2,58.94,8,0.481,6.34,14.76,24.18,106.49,51.49,61.31,0.357,Moderate,No,Needs Attention
0.34,0.17,0.01,-0.28,0.48,-0.02,-0.34,0.4,0,5,8,0.284,10.8,12.14,1.88,122.09,76.16,96.52,0.152,High,Yes,Needs Attention
0.02,0.02,0,-0.22,-0.18,0.12,0.15,-0.09,9,5,8,0.193,9.84,11.76,-1.89,119.66,79.39,102.83,0.15,High,Yes,Needs Attention
105,14,50,26.21,87.69,6.42,59.66,2,5,50.3,8,1.277,5.88,20.25,27.44,10.87,73.49,49.24,0.647,Moderate,No,Average
20,60,25,27.33,69.09,6.73,61.19,3,1,47.62,8,0.885,8.37,16.8,31.01,90.62,17.44,67.01,0.469,Moderate,No,Average
-0.07,-0.06,-0.24,0.08,0.36,0.12,0.1,-0.47,5,5,4.77,0.136,9.18,15.33,-0.55,122.23,73.13,103.55,0.088,High,Yes,Needs Attention
-0.02,-0.11,-0.21,-0.01,-0.41,0.11,0.12,-0.12,4,5,8,0.125,8.89,12.52,-0.91,119.15,74.5,104.74,0.149,High,Yes,Needs Attention
0.26,-0.06,-0.3,-0.26,-0.39,-0.3,0.23,-0.32,1,5,7.49,0.252,8.61,7.98,1.57,116.17,83.79,106.22,0.14,High,Yes,Needs Attention
85,9,53,28.21,92.87,6.45,28.79,3,8,57.45,8,1.058,8.43,16.51,31.79,30.18,65.58,55.68,0.582,High,Yes,Needs Attention
43,68,20,29.58,66.18,7.5,69.44,3,1,39.72,8,1.061,6.13,12.58,31.57,75.81,16.75,83.09,0.547,Moderate,No,Average
49,55,78,18.66,16.18,7.86,81.71,1,7,13.54,8,1.278,8.51,9.69,17.3,73.35,25.28,24.06,0.694,High,Yes,Needs Attention
0.55,0.15,0.37,-0.31,0.01,-0.05,0.1,-0.01,1,5,8,0.288,9.87,11.03,-1.33,117.8,79.72,104,0.153,High,Yes,Needs Attention
25,65,21,33.86,68.59,6.88,69.24,3,1,36.28,8,0.9,9.61,8.14,35.51,89.06,16.19,75.45,0.488,Moderate,No,Average
0.61,0.38,0.41,-0.24,0.11,-0.54,0.35,0.12,1,5,8,0.231,10.3,16.23,-0.51,119.1,76.42,92.9,0.154,High,Yes,Needs Attention
-0.18,-0.04,-0.18,0.22,0.25,-0.17,0.13,0.26,9,5,8,0.168,8.9,14.73,1.93,125.41,80.59,98.27,0.149,High,Yes,Needs Attention
0.66,-0.09,-0.17,0.11,-0.29,-0.11,0.03,0.16,7,5,8,0.221,11.29,12.73,1.9,119.54,75.32,105.28,0.151,High,Yes,Needs Attention
-0.4,0.8,-0.96,0,-0.12,-0.74,-0.26,0.79,5,5,8,0.292,8.4,11.83,0.77,120.74,84.6,98.32,0.149,High,Yes,Needs Attention
0.34,0.12,0.14,-0.25,0.07,0.03,-0.3,0.12,0,5,8,0.199,10.01,9.28,3.97,118.03,75.77,101.72,0.152,High,Yes,Needs Attention
-0.05,-0.61,-0.54,-0.49,-0.34,-0.21,0.02,0.12,4,5,8,0.235,10.25,3.48,1.9,115.6,82.37,102.83,0.146,High,Yes,Needs Attention
0.37,-0.03,-0.18,0.02,-0.01,-0.13,-0.32,-0.12,5,6.29,8,0.205,8.87,6.35,3.34,115.02,75.89,101.16,0.15,High,Yes,Needs Attention
36,38,15,28.36,87.6,6.32,58,1,9,51.09,8,0.744,8.26,9.03,31.24,75.69,39.87,79.89,0.418,Moderate,No,Average
0.14,-0.27,0.13,0.04,-0.04,-0.04,0.02,0.09,6,5,8,0.338,9.24,8.43,1.31,125.77,78.77,101.24,0.15,High,Yes,Needs Attention
10,37,22,28.73,89.13,7.07,58.53,1,9,59.17,8,0.71,8.22,13.16,29.94,112.31,54.93,76.31,0.359,Moderate,No,Needs Attention
31,26,9,11.7,93.26,7.57,103.2,1,4,54.98,8,0.602,5.58,15.25,12.75,89.41,53.94,97.81,0.348,Moderate,No,Needs Attention
0.4,-0.07,-0.31,-0.17,-0.38,-0.21,0.25,-0.03,1,5,8,0.217,10.09,11.49,2.35,121.08,76.78,104.86,0.15,High,Yes,Needs Attention
-0.48,0.18,0.43,0.2,0.56,0.32,0.18,0.34,9,5,8,0.145,9.32,17.64,0.72,122.18,78.04,98.02,0.15,High,Yes,Needs Attention
0.7,0.06,-0.04,-0.27,-0.04,-0.33,0.55,0.5,8,5,8,0.19,10.9,8.87,3.82,115.63,73.92,107.1,0.152,High,Yes,Needs Attention
0.41,0.04,0.1,-0.63,-0.21,-0.26,0.57,-0.19,1,5,8,0.228,9.71,11.46,-0.25,117.96,79.31,101.27,0.152,High,Yes,Needs Attention
84,51,35,22.3,80.64,6.04,197.98,0,6,57.32,8,1.288,8.98,11.8,24.12,33.63,36.4,58.31,0.657,Moderate,No,Average
81,6,55,24.89,85.87,6.11,51.71,2,5,48.42,8,1.112,8.11,16.37,26.05,51.56,75.34,44.69,0.567,Moderate,No,Average
0.07,0.2,-0.18,-0.03,0.2,-0.08,0,-0.1,5,5,8,0.112,9.62,12.42,0.79,125.03,83.41,106.72,0.15,High,Yes,Needs Attention
6,18,37,19.66,89.94,5.94,108.05,3,2,61.1,8,0.644,8.29,12.53,24.42,114.84,58.36,59.72,0.333,Moderate,No,Needs Attention
0.2,0.23,-0.13,0,-0.24,0.1,0.06,0.05,1,5,8,0.195,10.55,5.38,0.84,126.63,78.96,99.86,0.151,High,Yes,Needs Attention
0.48,0.03,0.12,-0.37,-0.19,0.05,0.21,-0.4,1,5,5.95,0.125,10.23,8.4,0.67,125.72,80.79,94.44,0.113,High,Yes,Needs Attention
-0.09,0.05,-0.18,-0.33,0.21,0.14,-0.21,-0.23,5,5,8,0.306,7.45,16.38,0.17,113.19,77.05,95.38,0.149,High,Yes,Needs Attention
0.24,-0.15,-0.1,0.01,0.03,0.28,-0.03,-0.1,4,5,8,0.317,8.77,3.7,1.57,118.65,81.75,96.76,0.15,High,Yes,Needs Attention
0.27,-0.03,-0.02,-0.28,0.03,-0.24,0.12,-0.04,1,5,8,0.222,11.13,17.37,1.07,119.65,82.49,95.11,0.151,High,Yes,Needs Attention
60,55,44,23,82.32,7.84,263.96,0,6,68.85,8,1.211,6.44,14,22.82,63.06,27.17,53.53,0.626,Low,No,Average
7,20,12,16.53,94.77,6.48,110.04,1,4,68.74,8,0.495,8.26,9.01,17.39,111.88,59.4,94.95,0.268,Moderate,No,Needs Attention
0.2,-0.05,-0.06,-0.05,-0.18,-0.23,-0.14,0.06,7,5,8,0.312,10.46,8.67,2.36,119.31,84.41,99.92,0.15,High,Yes,Needs Attention
0.42,-0.02,0.03,-0.05,0.01,-0.3,0.13,0.15,1,5,8,0.261,9.02,19.58,2.99,117.27,78.99,103.11,0.151,High,Yes,Needs Attention
0.02,0.46,0.08,0.06,-0.26,0.34,0.1,-0.17,8,5,8,0.1,7.76,17.65,1.6,125.22,78.14,104.29,0.152,High,Yes,Needs Attention
0.52,0.19,-0.16,-0.05,0.02,-0.34,0.37,0.11,8,5,8,0.364,9.18,11.52,1.54,112.26,85.58,95.73,0.152,High,Yes,Needs Attention
0.1,0.13,-0.02,-0.14,0.38,0.01,-0.17,0.37,0,5,8,0.287,11.82,12.54,0.82,117.76,75.44,96.69,0.151,High,Yes,Needs Attention
0.06,-0.04,-0.2,-0.02,-0.08,-0.07,0.19,-0.16,5,5,8,0.158,8.89,9.42,0.73,110.72,73.23,103.26,0.149,High,Yes,Needs Attention
0.18,-0.35,0.46,-0.07,-0.14,-0.42,0.16,-0.37,9,5,6.84,0.119,8.96,12.54,0.05,114.67,76.88,97,0.129,High,Yes,Needs Attention
119,25,51,26.47,80.92,6.28,53.66,2,5,46.32,8,1.41,6.73,9.3,25.64,2.59,56.55,51.8,0.725,Moderate,No,Healthy
-0.07,-0.34,-0.41,-0.13,-0.15,0.03,-0.32,-0.02,4,5,8,0.173,10.97,11.69,0.32,121.75,85.47,107.12,0.148,High,Yes,Needs Attention
92,7,48,26.28,86.63,6.96,54.39,2,5,52.27,8,1.108,7.34,19.24,29.14,26.43,70.36,46.18,0.581,Moderate,No,Average
0.46,-0.04,0.04,-0.29,-0.15,0.27,0.01,-0.3,8,5,6.99,0.262,9.13,11.62,0.57,125.16,87.3,98.53,0.132,High,Yes,Needs Attention
0,-0.05,-0.2,-0.25,-0.04,0.18,-0.17,0.01,5,5,8,0.153,11.16,7.81,0.73,126.77,80.16,99.41,0.149,High,Yes,Needs Attention
78,58,15,25.01,67.82,6.53,62.91,3,3,36.81,8,1.017,8.63,6.53,25.96,41.65,21.54,82.89,0.603,Moderate,No,Average
27,56,22,19.92,20.7,5.83,108.64,0,0,14.33,8,0.861,8.31,12.51,23.29,94.25,20.6,75.57,0.468,High,Yes,Needs Attention
56,79,15,29.48,63.2,7.45,71.89,3,1,36.73,8,1.057,6.95,8.96,29.59,61.74,8.81,83.03,0.604,Moderate,No,Average
0.14,0.05,-0.07,0.08,0.54,-0.11,-0.16,-0.1,2,5,8,0.212,10.89,12.99,2,122.99,79.35,100.01,0.15,High,Yes,Needs Attention
0.09,0.06,-0.02,-0.31,0.04,-0.18,-0.04,0.27,8,5,8,0.1,9.77,5.52,1.09,113.94,74.61,100.68,0.15,High,Yes,Needs Attention
85,22,53,25.97,89.77,6.85,59.46,2,5,50.56,8,1.14,5.96,14.76,27.57,43.98,67.83,50.81,0.623,Moderate,No,Average
0.2,0.18,-0.22,0.19,0.11,-0.28,0.55,0.35,6,5,8,0.258,7.96,7.76,2.06,125.5,81.39,100.12,0.15,High,Yes,Needs Attention
-0.12,0.33,0.24,-0.33,0.41,0.17,-0.34,0.34,0,5,8,0.251,8.62,12.19,1.26,114.13,82.87,104.23,0.151,High,Yes,Needs Attention
0.71,-0.21,0.03,0.05,-0.22,-0.1,-0.41,0.43,7,5,8,0.14,8.52,10.65,2.74,115.34,86.94,97.6,0.152,High,Yes,Needs Attention
11,72,20,19.52,24.93,5.95,113.33,0,0,26.75,8,0.725,7.08,18.87,20.98,111.11,10.46,75.19,0.466,High,Yes,Needs Attention
0.03,-0.57,-0.43,-0.19,-0.25,0,-0.09,0.04,4,5,8,0.195,8.66,12.69,3.93,118.28,84.47,99.21,0.147,High,Yes,Needs Attention
101,17,47,29.49,94.73,6.19,26.31,3,8,54.25,8,1.235,6.46,19.78,31.06,21.72,63.22,54.85,0.636,High,Yes,Needs Attention
0.35,0.03,0.17,-0.28,-0.05,-0.04,-0.36,0.27,0,5,8,0.236,9.29,14.24,-1.34,117.85,82.9,103.27,0.152,High,Yes,Needs Attention
-0.37,-0.12,0.22,-0.26,0.01,0.46,0.18,0.08,6,5,8,0.157,11.44,17.7,2.2,127.99,79.98,105.62,0.149,High,Yes,Needs Attention
1.88,0.91,-0.03,-0.77,-0.23,-0.61,0.25,0.47,1,5,8,0.24,9.49,11.16,1.32,118.16,79.01,101.19,0.158,High,Yes,Needs Attention
37,18,12,10.27,90.19,7.4,106.7,1,4,59.89,8,0.722,7.33,13.38,11.82,95.1,62.48,91.01,0.349,Moderate,No,Needs Attention
8,28,38,23.23,94.43,6.84,105.69,3,2,57.67,8,0.66,7.9,16.87,24.34,115.01,50.41,67.48,0.373,Moderate,No,Needs Attention
0.14,-0.12,0.22,0.22,-0.06,0.43,0.22,0.36,7,5,8,0.1,9.51,15.62,-1.45,113.11,82.14,96.66,0.151,High,Yes,Needs Attention
89,22,52,24.9,86.11,6.22,53.15,2,5,45.52,8,1.194,8,14.12,23.48,41.43,60.01,47.16,0.631,Moderate,No,Average
50,64,25,28.84,63.37,6.73,70.25,3,1,41.11,8,1.198,8.45,10.69,32.81,75.49,19.28,86.08,0.569,Moderate,No,Average
82,20,54,29.34,90.02,6.54,21.45,3,8,53.51,8,1.033,7.62,11.36,29.96,39.9,62.56,49.43,0.61,High,Yes,Needs Attention
0.12,0.28,-0.21,-0.46,-0.11,0.19,-0.07,-0.03,8,5,8,0.204,12,16.55,2.49,123.11,87.72,102.25,0.151,High,Yes,Needs Attention
0.69,-0.21,0.46,-0.3,-0.03,0.35,-0.3,0.22,7,5.41,8,0.188,10.66,17.38,-1.2,113.36,84.42,103.11,0.153,High,Yes,Needs Attention
0.52,0.14,-0.04,-0.32,0.12,0.1,-0.58,0.14,0,5,8,0.211,8.67,9.63,-0.39,110.46,79.03,94.7,0.152,High,Yes,Needs Attention
-0.04,-0.03,-0.09,0.11,0.26,0.02,0.02,-0.16,3,5,8,0.215,10.11,9.02,2.63,119.83,81.84,97.5,0.15,High,Yes,Needs Attention
29,11,5,23.13,91.95,7.64,104.42,1,4,58.82,8,0.561,6.66,8.38,24.48,97.89,74.65,90.95,0.284,Moderate,No,Needs Attention
0.38,-0.02,-0.08,-0.25,-0.11,0.18,0.24,0.27,1,5,8,0.208,10.2,15.32,2.06,121.6,76.22,101.75,0.151,High,Yes,Needs Attention
0.53,0,-0.08,0.47,0.1,-0.38,0.18,0.33,8,5,8,0.305,8.37,8.28,1.95,128.02,88.06,98.6,0.151,High,Yes,Needs Attention
0.05,0,0.19,0.99,0.26,0.14,-0.42,0.14,2,5,8,0.192,8.64,15.27,2.18,126.56,76.9,100.19,0.151,High,Yes,Needs Attention
0.24,0.35,-0.12,0.17,0.07,-0.35,-0.24,-0.18,2,5,8,0.175,10.09,14.18,0.65,119.86,83.25,98.88,0.151,High,Yes,Needs Attention
0.57,0,0.08,-0.38,-0.15,-0.56,-0.03,-0.01,7,5,8,0.15,10.75,9.82,-0.67,125.35,80.03,93.41,0.152,High,Yes,Needs Attention
22,71,17,18.15,19.39,5.51,107.69,0,0,19.27,8,0.715,9.77,18.26,21.75,105.61,8.8,86.54,0.486,High,Yes,Needs Attention
37,6,13,26.03,91.51,7.51,101.28,1,4,60.88,8,0.558,8.32,6.15,29.88,82.6,68.79,79.95,0.315,Moderate,No,Needs Attention
-0.2,-0.66,-0.86,-0.16,-0.27,-0.21,0.26,-0.28,4,5,7.16,0.354,10.13,18.64,-0.22,119.13,84.29,97.95,0.129,High,Yes,Needs Attention
0.39,0.05,0.33,-0.12,-0.1,0.35,-0.19,0.11,7,5,8,0.241,9.92,13.28,-0.28,120.31,74.8,94.41,0.152,High,Yes,Needs Attention
-0.16,0.01,-0.25,-0.08,0.01,-0.21,0.28,-0.1,5,5,8,0.253,9.25,3.71,0.9,108.1,74.22,96.73,0.149,High,Yes,Needs Attention
0.36,0.19,0.09,-0.02,-0.17,-0.49,0.16,-0.08,1,5,8,0.171,10.57,18.37,1.99,121.04,84.45,100.72,0.152,High,Yes,Needs Attention
0.34,0.1,-0.18,-0.09,0.02,-0.23,0.32,0.29,1,6.67,8,0.182,10.77,15.89,1.14,123.26,87.06,105.12,0.151,High,Yes,Needs Attention
-0.34,0.18,-0.31,-0.04,0.19,0.43,-0.01,0.11,4,5,8,0.276,9.68,10.29,2.21,121.06,77.15,94.07,0.149,High,Yes,Needs Attention
-0.08,-0.16,0.13,-0.16,0.15,0.32,0.23,-0.14,6,5,8,0.36,9.63,8.14,1.27,121.8,84.17,97.64,0.15,High,Yes,Needs Attention
-0.67,0.54,-0.88,0.05,0.45,0.34,-0.3,-0.62,5,5,2.97,0.313,11.33,5.72,1.38,120.45,82.65,93.88,0.053,High,Yes,Needs Attention
93,58,38,20.62,83.77,6.93,279.55,0,6,72.13,8,1.398,7.64,21.66,25.74,17.01,21.63,59.58,0.714,Low,No,Average
0.45,0.18,-0.21,-0.32,-0.14,-0.04,0.02,-0.02,1,5,8,0.205,9.83,8.31,0.39,127.86,85.16,100.5,0.151,High,Yes,Needs Attention
0.23,0.3,0.02,-0.15,-0.04,0.02,-0.36,0.12,0,5,8,0.22,10.24,6.95,3.81,117.93,79.05,103.05,0.152,High,Yes,Needs Attention
-0.15,-0.33,-0.15,0.1,-0.31,0.04,0.11,-0.09,4,5,8,0.136,9.66,13.07,3.77,117.06,82.4,91.68,0.148,High,Yes,Needs Attention
-0.31,0.42,0.31,-0.54,-0.43,0.13,0.2,-0.04,9,5,8,0.1,8.94,5.45,1.72,127.1,74.56,101.89,0.151,High,Yes,Needs Attention
80,26,55,24.53,88.99,6.14,49.12,2,5,56.53,8,1.076,7.9,8.07,23.14,44.89,49.16,41.11,0.626,High,Yes,Needs Attention
-0.14,-0.39,0.07,0.1,-0.07,0.01,0.13,-0.02,9,5,8,0.201,9.71,15.98,1.65,121.51,85.07,95.07,0.149,High,Yes,Needs Attention
0.09,0.15,0.11,-0.07,0.02,-0.13,0.43,0.04,6,5,8,0.179,11.59,13.86,0.66,123.76,82.05,100.16,0.151,High,Yes,Needs Attention
0.16,-0.06,-0.03,-0.13,0.01,-0.15,0.22,0.09,1,5,8,0.1,10.54,10.45,1.4,114.07,79.49,102.54,0.15,High,Yes,Needs Attention
0.42,0.28,0.03,-0.02,-0.18,-0.29,0.14,-0.07,1,5,8,0.201,9.16,12.07,-0.11,119.18,87.35,99.57,0.152,High,Yes,Needs Attention
90,14,52,24.85,89.2,6.39,59.68,2,5,52.91,8,1.111,8.25,10.23,27.48,36.47,73.59,43.63,0.609,Moderate,No,Average
8,28,38,23.23,94.43,6.84,105.69,3,2,58.59,8,0.55,7.7,11.75,26.21,108.61,53.76,61.6,0.373,Moderate,No,Needs Attention
0.14,0.06,-0.21,-0.51,0.22,-0.28,0.06,0.12,9,5.25,8,0.17,11.05,8.95,2.75,114.87,74.12,97.31,0.15,High,Yes,Needs Attention
77,36,23,24.71,56.73,6.65,88.45,3,3,38.93,8,0.99,7.81,9.68,25.64,43.39,43.55,79.42,0.555,Moderate,No,Average
15,6,41,19.01,88.84,6.9,108.68,3,2,59.97,8,0.523,7.72,9.56,18.92,105.51,70.67,63.3,0.333,Moderate,No,Needs Attention
81,18,50,26.44,80.92,6.51,47.82,2,5,48.7,8,1.168,7.63,9.1,28.47,42.24,62.36,54.05,0.59,High,Yes,Needs Attention
0.46,0.22,0.18,-0.38,-0.21,-0.21,0.02,0.2,7,5,8,0.1,9.81,16.18,3.75,112.65,76.03,99.74,0.153,High,Yes,Needs Attention
26,11,11,13.7,90.96,7.61,106.29,1,4,58.56,8,0.329,6.59,15.08,15.3,81.25,64.22,93.49,0.293,Moderate,No,Needs Attention
95,23,45,27.82,90.57,6.27,21.19,3,8,55.82,8,1.178,8.06,8.27,30,29.61,47.95,50.92,0.631,High,Yes,Needs Attention
-0.19,0.11,-0.18,-0.08,-0.06,0.06,-0.16,0.12,9,5,8,0.206,10.17,7.22,1.07,114.78,80.56,107.31,0.149,High,Yes,Needs Attention
-0.13,-0.33,-0.37,-0.03,-0.52,-0.16,0.12,-0.14,4,5,8,0.227,11.05,11.37,0.71,117.08,71.13,96.26,0.148,High,Yes,Needs Attention
1,62,23,15.44,18.37,5.61,139.03,0,0,20.58,8,0.673,9.28,20.62,17.93,108.08,16.72,68.88,0.414,High,Yes,Needs Attention
23,72,84,19.02,17.13,6.92,79.93,1,7,21.16,8,1.201,8.91,7.89,20.36,102.11,10.78,21.46,0.689,High,Yes,Needs Attention
18,23,8,21.49,93.44,6.41,101.48,1,4,58.87,8,0.493,8.2,11.36,23.6,103.75,54.11,89.16,0.298,Moderate,No,Needs Attention
0.46,0.15,-0.1,-0.25,0.11,0.2,-0.09,0.15,0,5,8,0.168,8.95,12.35,2.01,121.09,75.51,100.57,0.152,High,Yes,Needs Attention
9,77,17,20.12,24.45,5.78,106.16,0,0,27.62,8,0.942,10.22,11.57,22.14,112.52,2.73,78.88,0.467,High,Yes,Needs Attention
0.13,0.08,0,-0.16,-0.07,0.14,-0.08,0.15,0,5,8,0.175,10.83,10.17,2.18,109.57,76.61,109.45,0.151,High,Yes,Needs Attention
22,64,82,19.49,17.17,6.47,87.51,1,7,16.23,8,1.204,10.58,16.62,19.71,93.07,16.74,25.29,0.655,High,Yes,Needs Attention
-0.18,0.05,0.07,-0.07,-0.1,0.03,-0.11,-0.07,8,5,8,0.398,10.13,13.82,0.06,117.92,75.82,106.12,0.15,High,Yes,Needs Attention
75,54,36,26.29,84.57,7.02,257.49,0,6,70.36,8,1.174,7.15,15.38,27.73,41.26,25.58,64.35,0.643,Low,No,Average
30,75,81,19.42,16.81,6.41,68.52,1,7,13.1,8,1.36,9.44,14.36,20.89,88.64,3.61,22.92,0.71,High,Yes,Needs Attention
0.19,-0.03,-0.02,-0.02,0.04,0.09,0.08,0.24,8,5,8,0.253,10.13,15.58,0.7,121.04,79.98,99.81,0.15,High,Yes,Needs Attention
76,47,42,20.08,83.29,5.74,263.64,0,6,68.53,8,1.249,7.11,18.34,21.94,49.03,39.54,62.49,0.642,Low,No,Average
85,25,47,26.11,87.64,6.3,58.48,2,5,53.61,8,1.165,8.89,17.32,28.97,27.6,55.8,51.36,0.614,Moderate,No,Average
20,40,15,29.57,88.08,7.2,45.04,1,9,52.48,8,0.666,8.13,21.3,32.85,99.96,42.02,91.34,0.377,High,Yes,Needs Attention
37,18,39,24.15,94.51,6.42,110.23,3,2,60.27,8,0.772,6.5,16.87,27.77,86.56,59.5,59.16,0.429,Moderate,No,Average
14,37,15,27.96,83.98,6.58,48.94,1,9,53.24,8,0.55,9.53,9.32,27.49,101.38,43.89,83.61,0.351,High,Yes,Needs Attention
52,60,79,19.45,18.23,8.38,75.63,1,7,13.48,8,1.372,9.39,15.39,19.21,67.04,18.9,19.13,0.722,High,Yes,Needs Attention
22,17,5,24.12,90.72,6.95,102.84,1,4,53.26,8,0.626,6.39,14.84,25.19,100.33,63.12,95.77,0.282,Moderate,No,Needs Attention
81,53,42,23.68,81.04,5.18,233.7,0,6,65.11,8,1.353,6.89,19.68,25.3,39.06,29.6,56.45,0.675,Moderate,No,Average
0.22,-0.11,-0.08,-0.02,-0.3,-0.15,-0.46,0.11,7,5,8,0.224,11.25,8.13,1.12,123.15,78.11,102.03,0.15,High,Yes,Needs Attention
66,53,19,23.09,60.12,6.03,65.5,3,3,39.75,8,1.096,10.07,14.23,23.76,54.47,25.41,79.08,0.564,Moderate,No,Average
-0.48,-0.36,0.32,0.03,-0.39,-0.22,0.39,-0.08,9,5,8,0.127,10.77,9.28,1.07,118.92,78.41,102.84,0.148,High,Yes,Needs Attention
0.08,-0.01,0.54,-0.21,0.3,0.11,-0.76,-0.35,0,5,6.85,0.183,11.06,14.05,2.01,114.06,77.99,105.53,0.13,High,Yes,Needs Attention
-0.42,-0.13,-0.39,0.09,-0.52,-0.33,0.11,0.3,4,5,8,0.27,10.98,11.14,-0.4,121.66,80.82,100.7,0.147,High,Yes,Needs Attention
-0.18,-0.34,0.19,0.09,-0.22,-0.14,0.09,-0.19,4,5,8,0.317,10.31,13.92,5.11,120.68,78.88,108.68,0.149,High,Yes,Needs Attention
83,58,45,25.76,83.52,5.88,245.66,0,6,64.13,8,1.254,7.99,6.36,27.29,32.04,27.99,59.51,0.706,Moderate,No,Healthy
83,29,52,25.76,87.59,6.7,46.05,2,5,50.92,8,1.145,8.1,15.17,28.84,39.91,61.72,56.55,0.636,High,Yes,Needs Attention
74,35,40,26.49,80.16,6.98,242.86,0,6,69.58,8,1.269,8.48,12.82,27.12,52.34,42.73,59.76,0.593,Moderate,No,Average
39,21,9,13.21,94.03,6.35,106.27,1,4,55.01,8,0.622,6.66,12.61,15.57,77.7,60.18,84.35,0.356,Moderate,No,Needs Attention
0.12,0.31,-0.05,0.01,0.57,0.15,-0.11,-0.02,9,5,8,0.348,10.47,19.8,1.66,116.24,83.84,97.23,0.151,High,Yes,Needs Attention
31,58,15,27.11,84.97,7.12,51.53,1,9,45.82,8,0.841,9.08,10.47,29.9,85.18,20.94,82.58,0.466,Moderate,No,Average
3,26,39,24.38,91.19,7.08,103.6,3,2,58.12,8,0.628,7.26,13.37,25.58,108.61,50.02,57.19,0.355,Moderate,No,Needs Attention
0.6,-0.11,-0.1,-0.54,0.16,0.24,-0.18,0.14,0,5,8,0.178,9.43,12.4,3.29,129.42,87.06,91.32,0.151,High,Yes,Needs Attention
-0.05,-0.59,-0.16,-0.3,-0.11,-0.48,0.54,0.03,9,5,8,0.271,10.23,12.79,-1.04,117.81,83.33,104.26,0.148,High,Yes,Needs Attention
99,5,47,24.13,84.84,6.65,51.19,2,5,51.92,8,1.215,6.98,20.89,27.05,16.71,76.27,45.56,0.593,Moderate,No,Average
-0.32,0.19,0.28,-0.47,-0.36,-0.32,-0.02,-0.77,3,5,1.64,0.118,8.44,12.26,1.21,114.69,85.61,103.44,0.031,High,Yes,Needs Attention
0.93,0.63,0.17,-0.89,-0.28,0.05,0.34,0.05,1,5,8,0.182,10.9,9.73,-0.92,117.13,82.45,108.57,0.155,High,Yes,Needs Attention
0.57,0.17,0.52,-0.07,0.22,-0.76,0.44,0,1,5,8,0.281,9.29,19.48,4.36,115.95,79.64,96.37,0.154,High,Yes,Needs Attention
113,19,46,25.42,81.12,6.29,49.52,2,5,52.88,8,1.258,7.74,10.77,29.69,14.19,57.09,55.55,0.674,High,Yes,Needs Attention
29,77,75,17.5,15.48,7.78,72.94,1,7,18.82,8,1.247,8.75,5.58,15.89,84.76,1.03,23.41,0.696,High,Yes,Needs Attention
0.5,0.23,-0.01,-0.12,-0.11,-0.44,0.26,0.2,1,5,8,0.285,11.03,9.04,1.65,111.81,84.59,103.32,0.152,High,Yes,Needs Attention
0.41,-0.09,-0.08,-0.35,-0.18,-0.27,0.44,-0.16,1,5,8,0.29,10.61,7.01,2.21,122.35,82.82,95.3,0.151,High,Yes,Needs Attention
0.07,-0.21,0.23,-0.02,-0.41,0.07,-0.19,-0.25,4,5,8,0.165,9.52,4.8,2.14,119.39,79.46,99.24,0.15,High,Yes,Needs Attention
0.12,0.28,0,-0.1,-0.04,0.02,0.11,-0.08,8,5.03,8,0.219,8.57,10.55,3.67,118.77,86.79,104.48,0.151,High,Yes,Needs Attention
21,6,41,24.88,89.4,7.09,107.2,3,2,61.15,8,0.511,7.17,11.72,28.34,101.8,73.37,58.8,0.351,Moderate,No,Needs Attention
0.66,0.12,-0.12,0.41,-0.59,-0.53,-0.03,0.08,7,5,8,0.132,10.33,16.72,2.31,120.02,83.83,93.61,0.152,High,Yes,Needs Attention
0.42,-0.12,-0.06,0.03,0.06,-0.23,-0.03,0.09,8,5,8,0.211,9.94,14.52,4.95,119.35,81,105.03,0.151,High,Yes,Needs Attention
-0.24,0.2,0.04,-0.06,0.15,-0.01,-0.1,0.09,8,5,8,0.203,9.86,14.34,2.85,113.21,87.53,94.78,0.15,High,Yes,Needs Attention
-0.01,0.06,0.2,0,-0.01,0.25,-0.01,-0.18,8,5,8,0.124,9.96,8.43,0.97,111.67,82.95,100.11,0.151,High,Yes,Needs Attention
0.32,0.36,-0.22,-0.38,-0.01,-0.1,0.2,-0.16,1,5,8,0.145,10.51,15.54,0.29,116.18,79.82,102.55,0.151,High,Yes,Needs Attention
4,19,43,18.07,93.15,5.78,106.36,3,2,66.56,8,0.511,7.38,17.56,21.44,110.58,60.28,57.48,0.348,Moderate,No,Needs Attention
0.73,0.14,-0.33,-0.29,-0.04,-0.23,0.14,0.02,1,5,8,0.24,10.2,13.58,0.02,120.62,79.8,110.48,0.152,High,Yes,Needs Attention
-0.01,-0.42,0.2,0.19,0.46,0.17,0.45,-0.41,6,5,5.41,0.1,8.75,13.69,1.08,111.02,77.52,102.74,0.101,High,Yes,Needs Attention
-0.23,0.31,-0.1,-0.18,0.18,0.01,0,0,5,5,8,0.119,12,6.94,0.96,117.99,74.22,99.29,0.15,High,Yes,Needs Attention
27,79,82,17.07,17.54,6.31,70.87,1,7,15.1,8,1.179,9.03,16.22,19.1,92.13,2.23,20.41,0.717,High,Yes,Needs Attention
99,6,46,28.61,94.22,6.4,28.99,3,8,55.28,8,1.14,7.6,19.12,29.82,20.8,71.87,54.84,0.593,High,Yes,Needs Attention
0.53,-0.06,-0.07,-0.2,-0.28,-0.2,-0.08,0.16,7,5,8,0.1,10.32,13.29,-0.68,121.46,77.92,100.25,0.151,High,Yes,Needs Attention
0,18,14,29.77,92.01,7.21,114.42,1,4,56.87,8,0.395,7.04,9.62,33.01,118.37,61.64,86.98,0.247,Moderate,No,Needs Attention
-0.22,-0.37,0.49,-0.14,-0.01,0.1,0.03,-0.18,9,5,8,0.331,9.76,11.35,0.75,116.88,80.58,97.77,0.15,High,Yes,Needs Attention
-0.39,0.7,-0.09,0.3,-0.01,-0.03,0.13,0.27,5,5,8,0.335,9.75,10.32,4.83,126.61,79.33,100.94,0.151,High,Yes,Needs Attention
0.61,0.66,0.63,-0.37,0.75,0.15,-0.75,0.37,0,5,8,0.1,8.82,10.56,1.59,117.79,86.29,97.35,0.156,High,Yes,Needs Attention
26,80,83,17.08,16.15,7.53,71.31,1,7,17.49,8,1.358,9.78,14.59,20.48,101.1,2.65,9.42,0.72,High,Yes,Needs Attention
-0.03,0.22,0.07,0.08,-0.01,0.07,0.22,-0.43,3,5,5.88,0.122,8.1,13.12,2.53,118.4,88.21,104.49,0.111,High,Yes,Needs Attention
0.11,-0.11,0.03,0.23,0.03,-0.19,-0.11,0.22,6,5,8,0.105,11.5,16.02,3.7,119.81,78.35,97.71,0.15,High,Yes,Needs Attention
77,36,23,24.71,56.73,6.65,88.45,3,3,39.66,8,1.007,9.12,13.48,27.07,42.31,47.13,77.57,0.555,Moderate,No,Average
0.05,0.05,0.3,-0.11,0.16,0.01,-0.54,-0.16,0,5,8,0.301,10.39,8.54,1.74,121.11,78.42,96.66,0.151,High,Yes,Needs Attention
-0.02,-0.2,0.11,0.23,0.04,-0.25,0.06,0.34,6,5,8,0.247,8.01,10,3.37,117.92,77.96,96.97,0.15,High,Yes,Needs Attention
0.36,0.07,0.11,-0.17,0.15,0,0.2,0.1,8,5,8,0.146,8.95,9.75,5.06,120.12,88.51,95.73,0.152,High,Yes,Needs Attention
-0.2,-0.17,-0.04,-0.07,0.04,0.23,0.37,0.32,6,5,8,0.254,11.14,11.25,1.03,127.85,77.1,103.83,0.149,High,Yes,Needs Attention
0.46,0.1,0.02,-0.46,-0.18,-1.08,0.67,-0.4,1,5,5.71,0.1,12,19.18,2.23,124.78,70.97,104.74,0.109,High,Yes,Needs Attention
30,44,16,29.73,82.89,6.44,50.92,1,9,47.16,8,0.68,8.87,19.82,31.22,95.28,33.17,84.1,0.422,Moderate,No,Average
-0.2,0.54,-0.18,-0.07,-0.27,-0.03,0.32,-0.35,3,6.35,6.74,0.135,10.79,15.35,2.19,113.49,71.43,98.03,0.127,High,Yes,Needs Attention
88,29,51,24.72,88.95,6.1,48.46,2,5,54.21,8,1.214,8.05,12.48,26.28,26.1,47.19,42.23,0.647,High,Yes,Needs Attention
0.13,-0.03,-0.14,0.1,0.05,0.01,0.31,0.38,6,5,8,0.184,8.9,6.55,-1.64,120.96,76.6,103.32,0.15,High,Yes,Needs Attention
0.43,-0.16,0.06,-0.28,-0.02,0.1,-0.16,0.05,0,5,8,0.191,10.75,12.88,0.92,123.42,80.3,97.23,0.151,High,Yes,Needs Attention
0.19,0.32,0.02,0.24,0.28,0.08,-0.18,0.07,2,5,8,0.189,8.64,8.84,3.24,117.21,71.48,95.51,0.152,High,Yes,Needs Attention
-0.36,-0.78,-0.45,-0.2,-0.79,-0.72,0.76,-0.41,4,5,5.75,0.192,8.56,18.52,0.15,116.87,85.56,100.57,0.103,High,Yes,Needs Attention
0.71,-0.5,-0.27,-0.17,-0.69,-0.07,-0.38,-0.18,7,5,8,0.243,8.49,5.58,2.71,126.26,73,98.93,0.15,High,Yes,Needs Attention
0.17,-0.07,0.09,-0.14,0.11,0.33,-0.16,0.05,0,5,8,0.213,10.72,13.54,1.64,123.26,79.56,93.84,0.151,High,Yes,Needs Attention
114,27,48,27.82,93.04,6.53,26.32,3,8,56.39,8,1.311,7.37,8.5,29.03,11.29,51.7,46.48,0.708,High,Yes,Needs Attention
42,62,75,18.18,18.9,7.01,81.85,1,7,15.31,8,1.306,9.38,11.96,21.04,75.79,21.3,26.35,0.687,High,Yes,Needs Attention
80,16,46,25.5,81.4,6.94,48.48,2,5,52.88,8,1.118,7.7,14.66,28.02,37.4,65.41,51.38,0.569,High,Yes,Needs Attention
-0.19,0.36,0.25,0.18,0.37,0.15,-0.13,-0.38,3,5,6.41,0.158,8.62,16.09,2.31,124.93,84.39,101.79,0.121,High,Yes,Needs Attention
38,36,21,28.03,84.88,6.56,36.12,1,9,50.19,8,0.765,6.96,11.76,31.05,80.69,42.55,79.59,0.435,High,Yes,Needs Attention
0.68,-0.29,0.09,0.18,-0.39,-0.11,-0.32,0.38,7,5,8,0.296,9.14,15.04,1.98,116.27,78.43,104.1,0.151,High,Yes,Needs Attention
52,60,79,19.45,18.23,8.38,75.63,1,7,13.38,8,1.258,7.89,9.35,18.48,63.43,21.65,17.67,0.722,High,Yes,Needs Attention
0.13,-0.33,0.09,0.09,-0.17,-0.29,-0.08,0.13,7,5,8,0.344,9.25,12.98,1.02,117.31,84.45,100.84,0.15,High,Yes,Needs Attention
0.21,0.06,-0.29,-0.08,-0.02,0.12,0.17,-0.26,5,5,8,0.1,8.67,16.01,-1.29,124.17,83.24,102.84,0.15,High,Yes,Needs Attention
0.36,0.37,-0.27,-0.22,-0.2,-0.72,0.3,0.18,1,5,8,0.175,10.33,13.33,2.27,112.09,80.92,97.77,0.151,High,Yes,Needs Attention
0.08,0.02,0.14,-0.66,0.48,-0.04,-0.64,0.24,0,5,8,0.125,10.4,9.88,2.18,123.07,80.91,104.37,0.151,High,Yes,Needs Attention
13,30,37,20.86,91.62,6.28,106.87,3,2,53.94,8,0.855,6.17,10.88,23.77,103.46,49.85,56.33,0.39,Moderate,No,Needs Attention
-0.43,0.06,-0.34,0.15,-0.27,-0.42,0.24,0.6,5,5,8,0.155,9.46,16.06,2.38,119.38,81.58,97.01,0.148,High,Yes,Needs Attention
-0.39,0.6,-0.62,-0.02,0.34,0.02,-0.11,-0.32,5,5,6.97,0.157,11.6,7.63,2.93,119.66,87.54,93.81,0.13,High,Yes,Needs Attention
0.08,-0.24,0.08,0.19,0.18,-0.05,-0.18,0.08,2,5,8,0.17,8.76,8.22,-0.67,118.82,79.27,96.98,0.15,High,Yes,Needs Attention
-0.03,0.19,-0.04,-0.02,-0.09,-0.4,0.82,0.1,6,5,8,0.208,10.18,14.41,1.32,118.59,78.35,99.42,0.15,High,Yes,Needs Attention
0.22,-0.12,-0.24,-0.09,0.11,-0.37,-0.15,0.1,5,5,8,0.173,9.85,10.24,-0.71,117.56,78.36,103.57,0.15,High,Yes,Needs Attention
106,10,49,27.73,92.01,6.35,20.21,3,8,52.2,8,1.179,8.54,6.19,28.69,11.14,71.56,50.38,0.635,High,Yes,Needs Attention
-0.05,0.02,-0.15,0.16,-0.42,-0.09,0.06,0.14,5,5,8,0.1,10.06,17.4,4.08,126.65,71.49,97.77,0.149,High,Yes,Needs Attention
0.29,0.28,-0.09,0.18,-0.01,-0.06,-0.33,0.05,2,5,8,0.207,9.32,7.6,3.32,119.84,79.18,93.89,0.151,High,Yes,Needs Attention
0.26,0.07,-0.02,0.33,-0.21,0.42,0.05,-0.05,8,5,8,0.203,9.82,11.2,2.82,119.11,83.45,95.16,0.151,High,Yes,Needs Attention
57,68,81,17.17,17.3,8.08,72.79,1,7,13.28,8,1.519,9.4,9.52,18.4,59.78,9.9,20.24,0.767,High,Yes,Needs Attention
0,0.15,0.01,-0.21,0.19,0.16,-0.25,0.35,0,5,8,0.306,9.65,10.81,-0.2,117.96,80.6,103.52,0.15,High,Yes,Needs Attention
0.24,0.51,0.26,-0.05,0.16,-0.23,-0.01,-0.14,2,5,8,0.191,8.43,8.46,1.73,116.55,87.93,98.06,0.153,High,Yes,Needs Attention
26,11,11,13.7,90.96,7.61,106.29,1,4,59.17,8,0.553,8.72,14.86,16.87,97.83,70.33,93.84,0.293,Moderate,No,Needs Attention
37,11,36,24.25,85.56,6.71,106.92,3,2,53.96,8,0.616,8.68,12.44,26.36,79.23,60.04,60.2,0.398,Moderate,No,Needs Attention
106,21,52,28.9,94.79,6.29,23.04,3,8,53.51,8,1.335,6.34,15.93,28.02,2.77,53.36,46.44,0.678,High,Yes,Needs Attention
-0.29,0.09,-0.13,-0.77,0.82,0.1,-0.64,-0.59,5,5,3.35,0.152,9.43,9.56,0.89,120.58,78.91,98.91,0.062,High,Yes,Needs Attention
66,53,19,23.09,60.12,6.03,65.5,3,3,42.7,8,0.933,8.02,20.53,21.72,52.6,23.78,87.12,0.564,Moderate,No,Average
-0.04,-0.04,-0.34,-0.03,-0.57,-0.11,-0.16,0.37,5,5,8,0.183,8.61,4.38,2.68,117.11,80.45,100.87,0.149,High,Yes,Needs Attention
0.14,0.04,0.15,0.01,-0.29,-0.33,0.05,-0.07,7,5,8,0.314,7.89,5.66,0.47,124.42,78.78,92.66,0.151,High,Yes,Needs Attention
-0.03,0.02,0.14,0.03,-0.08,-0.4,0.36,0.06,6,5,8,0.215,9.08,19.01,-0.3,106.36,84.64,103.67,0.15,High,Yes,Needs Attention
0.08,0.08,0.08,-0.07,-0.08,-0.08,-0.08,-0.24,2,5,8,0.321,9.4,13.9,2.66,127.8,75.55,107.3,0.151,High,Yes,Needs Attention
36,43,21,28.36,84.86,7.14,52.93,1,9,50.74,8,0.74,6.19,13.37,30.7,89.27,36.17,78,0.451,Moderate,No,Average
-0.02,0.02,0.05,0.02,-0.01,-0.09,0.02,0.03,6,5,8,0.284,9.93,13.73,1.87,116.88,80.85,96.36,0.15,High,Yes,Needs Attention
107,11,54,28.59,91.34,6.09,29.44,3,8,56.01,8,1.18,8.63,14.28,33.38,10.75,70.36,49.46,0.655,High,Yes,Needs Attention
0.45,-0.05,-0.31,-0.58,-0.03,0.02,0.04,0.25,1,5,8,0.219,10.59,13.2,1.87,122.07,80.64,108.17,0.15,High,Yes,Needs Attention
0.19,0.09,-0.03,-0.19,0.16,-0.27,0.37,0.07,8,5,8,0.219,9.62,8.14,0.34,122.47,70.26,103.42,0.151,High,Yes,Needs Attention
31,75,18,15.47,21.44,5.82,88.89,0,0,18.26,8,0.997,7.37,15.27,17.75,85.83,5.33,75.51,0.528,High,Yes,Needs Attention
0.97,-0.12,0.13,0.02,-0.44,-0.26,-0.1,0.18,7,5,8,0.226,10.48,14.64,1.09,110.95,79.52,102.89,0.153,High,Yes,Needs Attention
0.09,0.09,-0.29,-0.21,-0.25,0.03,0.15,-0.21,1,5,8,0.14,9.9,17.71,3.19,130.48,83.37,101.91,0.15,High,Yes,Needs Attention
100,10,53,24.54,84.61,6.21,42.01,2,5,51.66,8,1.248,8.06,19.06,26.46,24.78,72.89,43.18,0.629,High,Yes,Needs Attention
0.42,0.27,-0.03,-0.16,-0.06,-0.27,0.22,0.02,1,5,8,0.342,11.69,13.32,1.91,120.36,80.69,105.19,0.152,High,Yes,Needs Attention
57,68,81,17.17,17.3,8.08,72.79,1,7,12.43,8,1.389,8.49,7.09,16.51,63.88,13.25,20.75,0.767,High,Yes,Needs Attention
0.33,0.05,0.18,-0.03,-0.33,0.28,0.1,0.25,7,5,8,0.1,6.88,19.09,1.56,122.78,85.36,105.08,0.152,High,Yes,Needs Attention
37,18,39,24.15,94.51,6.42,110.23,3,2,65.14,8,0.804,6.33,7.93,25.57,86.71,66.6,56.75,0.429,Moderate,No,Average
113,28,48,28.88,92.49,6.17,24.44,3,8,52.36,8,1.308,7.92,13.35,28.84,0,53.1,53.6,0.708,High,Yes,Needs Attention
23,39,22,29.26,81.98,6.86,42.02,1,9,53.37,8,0.694,7.73,10.97,30.43,95.25,49.58,74.42,0.404,High,Yes,Needs Attention
0.17,-0.12,-0.02,0.05,-0.03,-0.11,-0.09,0.01,7,5,8,0.245,8.54,10.28,2.2,117.56,77.61,101.01,0.15,High,Yes,Needs Attention
0.29,0.59,-0.47,0.52,0.51,-0.38,0.14,-0.66,5,5,1.96,0.166,8.32,15.06,2.01,118.9,74.67,106.38,0.038,High,Yes,Needs Attention
0.17,-0.03,-0.03,-0.13,-0.02,0.01,-0.16,0.09,0,7.15,8,0.179,9.4,12.98,-0.75,123.68,79.99,94.32,0.15,High,Yes,Needs Attention
-0.43,0.31,-0.35,-0.16,-0.38,-0.02,0.11,-0.17,3,5,8,0.189,8.51,14.05,0.93,111.48,78.19,94.87,0.149,High,Yes,Needs Attention
0.86,-0.12,-0.14,0.09,-0.45,0.13,0.3,0.17,7,5,8,0.321,10.28,8.74,0.89,112.39,70.26,103.96,0.152,High,Yes,Needs Attention
7,16,9,18.88,92.04,7.81,114.67,1,4,63.66,8,0.394,7.04,11.3,20.67,109.59,61.39,90.94,0.247,Moderate,No,Needs Attention
0.24,-0.62,0.26,-0.38,0.29,0.32,0.25,-0.38,6,5,6.4,0.1,9.12,8.92,1.25,120.53,81.99,104.43,0.12,High,Yes,Needs Attention
10,5,42,20.24,91.09,6.89,109.25,3,2,58.78,8,0.446,6.71,11.2,21.12,114.16,74.77,54.77,0.318,Moderate,No,Needs Attention
25,68,19,29.4,64.26,7.11,67.48,3,1,38.98,8,0.883,8.41,11.52,30.22,103.16,8.89,81.2,0.491,Moderate,No,Average
87,21,52,27.35,94.29,6.07,27.21,3,8,54.84,8,1.07,7.44,19.38,28.95,31.57,59.17,50.75,0.622,High,Yes,Needs Attention
33,15,7,15.83,91.68,7.65,109.76,1,4,56.35,8,0.405,7.66,10.96,18.77,91.15,65.49,93.84,0.314,Moderate,No,Needs Attention
-0.15,0.22,-0.45,-0.14,-0.07,-0.03,0.45,-0.08,5,5,8,0.249,9.93,3.5,1.78,123.7,82.64,93.3,0.149,High,Yes,Needs Attention
0.26,0,0.05,-0.17,-0.06,-0.42,0.33,-0.08,1,5,8,0.257,9.68,17.58,3.46,122.45,77.43,111.24,0.151,High,Yes,Needs Attention
108,23,51,26.84,83.85,6.11,40.23,2,5,46.31,8,1.263,6.62,13.8,30.04,11.88,60.5,49.85,0.687,High,Yes,Needs Attention
0.05,-0.02,-0.04,0.03,-0.08,0.08,0.01,-0.24,8,5,8,0.223,9.02,11.48,3.78,117.95,75.66,94.68,0.15,High,Yes,Needs Attention
27,56,20,19.26,20.51,5.54,94.95,0,0,17.83,8,0.833,8.84,10.25,22.81,87.67,21.99,81.26,0.463,High,Yes,Needs Attention
95,55,42,26.8,82.15,5.95,193.35,0,6,56.36,8,1.4,9.76,8.21,30.64,19.34,31.8,59.72,0.722,Moderate,No,Healthy
-0.6,-0.36,-0.73,0.32,-0.02,-0.02,0.16,-0.01,4,5,8,0.238,8.4,19.75,0.09,122.34,76.26,104.71,0.145,High,Yes,Needs Attention
0.1,0.16,-0.23,0.07,-0.2,-0.3,0.07,0.22,5,5,8,0.1,9.34,12.21,2.54,119.63,77.2,103.94,0.15,High,Yes,Needs Attention
-0.02,0.2,-0.3,0.01,-0.05,-0.27,0.47,-0.03,5,5,8,0.18,9.85,5.05,3.34,117.94,74.79,99.44,0.15,High,Yes,Needs Attention
0.11,-0.02,0.06,0.22,-0.07,0.27,-0.09,0,8,5,8,0.242,9.45,13.31,3.82,123.21,76.71,93.05,0.15,High,Yes,Needs Attention
0,0.14,0.11,0.09,-0.01,-0.24,-0.07,-0.28,3,5,7.59,0.169,10.82,16.82,0.43,119,80.41,101.74,0.143,High,Yes,Needs Attention
0.23,0.38,-0.23,-0.2,0.12,-0.39,0.25,-0.44,2,5,5.48,0.205,9.44,12.63,2.29,115.2,82.45,93.66,0.104,High,Yes,Needs Attention
0.17,-0.25,-0.2,-0.44,-0.19,-0.35,0.35,0.26,9,5,8,0.258,9.52,8.39,1.17,118.5,80.18,105.06,0.149,High,Yes,Needs Attention
93,20,50,29.93,93.23,6.45,24.35,3,8,57.53,8,1.184,8.23,8.04,34.2,31.1,58.7,47.07,0.631,High,Yes,Needs Attention
104,17,46,25.71,80.23,6.19,43.09,2,5,46.18,8,1.323,9.55,8.33,25.13,10.88,58.03,56.54,0.642,High,Yes,Needs Attention
72,40,38,20.41,82.21,7.59,245.15,0,6,66.28,8,1.19,9.1,18.09,20.76,49.05,37.09,59.38,0.597,Moderate,No,Average
-0.59,0.07,-0.28,-0.22,-0.28,-0.09,0.39,-0.11,3,5,8,0.186,9.62,11.71,-1.44,120.31,73.75,98.31,0.148,High,Yes,Needs Attention
98,7,45,27.79,92.51,6.16,26.85,3,8,54.12,8,1.084,7.39,5.29,29.51,18.2,75.95,51.8,0.59,High,Yes,Needs Attention
0.13,-0.19,0.05,0.18,0.29,-0.16,-0.33,0.17,2,5,8,0.1,9.79,13.54,5.08,118.4,83.41,102.81,0.15,High,Yes,Needs Attention
91,7,53,25.14,89.28,6.46,43.53,2,5,54.11,8,1.08,7.66,12.56,26.57,21.14,72.84,44.51,0.593,High,Yes,Needs Attention
0.12,-0.28,0.28,-0.13,0.21,0.2,-0.4,0.03,0,5,8,0.1,8.9,10.2,1.52,120.43,82.05,102.79,0.15,High,Yes,Needs Attention
-0.53,-0.74,-0.26,-0.36,-0.05,-0.22,0.12,-0.19,3,5,8,0.209,10.69,7.92,1.97,113.71,84.24,97.88,0.145,High,Yes,Needs Attention
0.03,-0.22,0.01,-0.24,-0.18,-0.14,0.24,-0.24,9,5,8,0.211,9.96,7.74,1.09,125.33,80.62,99.06,0.149,High,Yes,Needs Attention
0,0.4,-0.27,-0.54,-0.02,0.2,-0.04,-0.3,8,5,7.92,0.256,9.71,16.35,1.51,119.54,85.17,100.41,0.149,High,Yes,Needs Attention
28,58,81,17.48,16.54,6.18,93.35,1,7,19.55,8,1.314,8.07,12.99,19.57,89.14,17.9,19.62,0.651,High,Yes,Needs Attention
8,26,36,18.78,87.4,6.8,102.52,3,2,54.2,8,0.618,7.63,13.91,19.01,117.8,52.61,60.3,0.36,Moderate,No,Needs Attention
-0.12,-0.45,0.1,-0.22,0.14,0.07,0.16,-0.44,3,5,5.1,0.38,7.85,12.98,1.14,114.96,78.58,102.72,0.094,High,Yes,Needs Attention
0.19,-0.31,0.64,0.02,0.22,0.14,0.46,0.02,6,5,8,0.222,9.16,13.31,2.63,116.07,82.9,98.27,0.151,High,Yes,Needs Attention
78,58,44,26.8,80.89,5.11,284.44,0,6,61.98,8,1.175,7.16,10.13,29.69,32.85,16.26,58.18,0.688,Low,No,Average
-0.29,-0.15,-0.01,-0.01,0.19,0.21,0,-0.32,3,5,7.49,0.152,10.03,11.18,3.44,126.84,85.94,99.95,0.139,High,Yes,Needs Attention
22,26,38,22.92,85.13,6.99,110.24,3,2,59.5,8,0.686,9.5,16.66,24.92,107.36,56.25,64.35,0.407,Moderate,No,Average
4,6,7,23.01,91.12,6.71,112.67,1,4,53.4,8,0.349,8.04,17.66,25.04,107.63,81,91.35,0.201,Moderate,No,Needs Attention
0.64,0.8,-0.13,0.05,-0.44,-0.6,0.15,0.05,1,5,8,0.132,11.21,7.11,2.68,115.28,79.04,96.97,0.154,High,Yes,Needs Attention
-0.06,0.14,-0.09,0,0.02,-0.06,-0.56,0.11,0,5,8,0.176,10.39,11.17,0.61,120.41,77.66,101.8,0.15,High,Yes,Needs Attention
0.01,0.18,0.25,0.3,-0.27,0.27,0.03,-0.05,8,5,8,0.19,10.88,15.36,0.85,117.41,82.45,97.78,0.151,High,Yes,Needs Attention
-0.59,-0.03,-0.19,0.4,-0.43,-0.51,0.07,-0.06,4,5,8,0.159,11.62,19.53,1.71,120.43,84.15,106.03,0.148,High,Yes,Needs Attention
36,43,22,27.83,87.17,6.39,58.37,1,9,56.81,8,0.871,6.84,19.13,27.42,83.41,34.14,78.27,0.454,Moderate,No,Average
99,57,35,26.76,81.18,5.96,272.3,0,6,69.3,8,1.397,6.92,8.82,28.87,23.04,15.01,59.51,0.72,Low,No,Average
107,5,52,26.66,89.98,6.88,57.41,2,5,55.57,8,1.277,8.17,17.1,29.73,8.2,67.69,45.66,0.631,Moderate,No,Average
36,38,15,28.36,87.6,6.32,58,1,9,53.26,8,0.708,7.56,12.23,28.79,84.96,43.05,81,0.418,Moderate,No,Average
40,51,17,28.66,86.12,6.86,50.02,1,9,52.55,8,0.944,7.82,16.18,30.81,74.42,35.16,87.29,0.476,Moderate,No,Average
67,35,22,23.31,63.25,6.39,108.76,3,3,40.9,8,0.835,7.92,15.15,23.87,50.94,39.8,81.09,0.519,Moderate,No,Average
12,6,8,30.85,92.87,6.39,107.41,1,4,62.24,8,0.245,6.83,6.94,30.83,99.32,72.91,91.76,0.227,Moderate,No,Needs Attention
0.11,0.11,-0.03,-0.43,0.08,0.24,-0.37,0.09,0,5,8,0.104,11.37,14.2,4.15,117.87,78.5,101.19,0.151,High,Yes,Needs Attention
78,48,22,23.09,63.1,5.59,70.43,3,3,42.85,8,1.089,7.07,16.02,23.09,39.14,39.68,77.65,0.592,Moderate,No,Average
100,14,49,29.49,91.08,6.37,26.02,3,8,55.73,8,1.274,8.16,11.92,29.07,24.72,75.03,54.44,0.63,High,Yes,Needs Attention
-0.05,0.01,0.2,-0.23,0.12,0.08,0.26,0,6,5,8,0.153,10.27,11.01,1.59,119.75,81.69,101.88,0.15,High,Yes,Needs Attention
26,80,18,19.33,23.33,5.58,104.78,0,0,20.69,8,0.906,7.59,5.71,21.23,94.61,3.59,84.8,0.529,High,Yes,Needs Attention
0.32,0.05,-0.2,-0.2,-0.09,-0.38,0.35,-0.26,1,5,8,0.184,8.92,14.73,2.3,119.57,83.43,99.43,0.151,High,Yes,Needs Attention
15,6,41,19.01,88.84,6.9,108.68,3,2,48.97,8,0.618,6.87,12.83,23.51,94.35,68.88,56.47,0.333,Moderate,No,Needs Attention
-0.19,-0.08,-0.15,-0.24,0.15,-0.15,-0.38,-0.09,5,5,8,0.159,10.31,8.31,0.09,110.21,82.87,102.81,0.149,High,Yes,Needs Attention
0.38,-0.12,0.1,-0.66,0.08,0.04,0.32,-0.06,1,5,8,0.159,9.38,10.7,-0.03,118.03,76.04,106.11,0.151,High,Yes,Needs Attention
50,64,25,28.84,63.37,6.73,70.25,3,1,40.32,8,0.926,8.08,12.62,32.75,71.39,15.31,79.42,0.569,Moderate,No,Average
-0.41,-0.4,-0.89,-0.4,-0.56,0.04,0.4,0.06,4,5,8,0.144,8.31,9.77,2.51,119.24,84.96,107.22,0.145,High,Yes,Needs Attention
20,60,25,27.33,69.09,6.73,61.19,3,1,42.67,8,0.924,10.35,12.01,30.03,95.68,20.32,75.65,0.469,Moderate,No,Average
30,37,25,29.89,80.14,7.12,54.8,1,9,45.04,8,0.759,7.82,5,30.51,88.8,47.41,71.12,0.427,Moderate,No,Average
7,16,9,18.88,92.04,7.81,114.67,1,4,59.37,8,0.333,7.95,17.4,22.07,111.36,69.2,87.48,0.247,Moderate,No,Needs Attention
115,18,53,29.17,94.2,6.01,22.07,3,8,53.78,8,1.415,6.85,12.06,31.87,8.9,54.97,52.52,0.698,High,Yes,Needs Attention
0.11,0.01,0.02,0.05,-0.01,0.06,0.08,0.08,8,5,8,0.154,9.1,7.6,1.83,123.51,71.28,92.53,0.15,High,Yes,Needs Attention
0.36,0,0.16,-0.12,-0.3,-0.28,-0.05,0.13,7,5,8,0.317,11.67,2.16,0.5,116.87,84.65,105.86,0.152,High,Yes,Needs Attention
11,18,42,21.58,94.88,5.94,102.86,3,2,63.53,8,0.738,5.46,16.12,23.24,108.75,66.81,54.85,0.362,Moderate,No,Needs Attention
25,70,16,19.63,18.91,5.76,106.36,0,0,15.65,8,0.87,9.56,14.23,23.6,96.38,11.03,91.69,0.489,High,Yes,Needs Attention
86,59,35,25.79,82.11,6.95,243.51,0,6,65.17,8,1.16,6.49,12.84,25.65,36.12,22.57,64.72,0.688,Moderate,No,Average
-0.04,0.3,0.2,-0.02,0.68,-0.19,0.48,0.23,9,5,8,0.386,9.33,15.45,0.28,128.3,83.27,102.69,0.151,High,Yes,Needs Attention
0.38,0.16,-0.31,0.43,0.19,0.21,-0.14,0.11,2,5,8,0.232,9.11,15.44,0.99,119.48,83.34,109.85,0.151,High,Yes,Needs Attention
0.53,-0.03,0.26,-0.01,-0.3,0.21,-0.14,0.06,7,5,8,0.179,8.77,12.78,0.87,125.31,78.81,98.42,0.152,High,Yes,Needs Attention
-0.46,0.36,-0.18,0.16,0.3,0.26,-0.09,-0.26,5,5,8,0.275,9.78,10.98,1.64,114.66,83.46,98.79,0.149,High,Yes,Needs Attention
18,12,8,12.59,91.82,6.21,119.39,1,4,58.94,8,0.484,4.89,10.33,15.53,98.81,66.61,89.22,0.264,Moderate,No,Needs Attention
0.25,-0.01,-0.1,0.12,0.08,-0.3,0.15,0.29,8,5,8,0.306,9.43,13.68,2.31,109.07,80.98,96.09,0.15,High,Yes,Needs Attention
0.38,0,0.32,0.2,0.58,-0.47,-0.23,0.3,2,5,8,0.151,9.65,17.59,1.79,120.38,80.8,98.36,0.152,High,Yes,Needs Attention
37,62,17,25.69,69.84,7.12,74.62,3,1,49.91,8,0.921,6.64,11.59,27.61,86.24,14.56,80.78,0.502,Moderate,No,Average
0.62,0.27,-0.68,0.57,0.32,-0.03,-0.7,0.33,2,5,8,0.106,11.26,17.91,3.01,106.6,76.76,95.68,0.151,High,Yes,Needs Attention
5,8,5,11.03,92.23,6.56,112.77,1,4,56.24,8,0.361,6.85,13.49,10.01,115.94,80.94,94.16,0.204,Moderate,No,Needs Attention
-0.26,-0.43,-0.21,-0.17,-0.58,-0.35,0.48,-0.08,4,5,8,0.193,9.53,13.52,2.94,123.28,76.86,102.01,0.147,High,Yes,Needs Attention
27,80,15,19.07,21.21,5.79,86.22,0,0,23.75,8,0.954,8.63,21.62,19.33,95.74,1.48,81.42,0.523,High,Yes,Needs Attention
70,44,19,23.32,73.45,5.85,94.3,3,3,46.55,8,0.986,7.83,18.61,24.15,44.02,38.32,80.35,0.548,Moderate,No,Average
118,13,54,24.41,89.82,6.04,44.08,2,5,52.85,8,1.29,8.81,18.71,26.42,5.87,66.78,51.63,0.694,High,Yes,Needs Attention
-0.4,-0.12,0.41,0.08,-0.08,-0.03,0.43,0.21,9,5,8,0.13,12,8.81,1.47,120.45,82.81,93.91,0.15,High,Yes,Needs Attention
36,11,13,17.34,93.05,7.19,112.72,1,4,57.36,8,0.623,8.17,20.77,19.57,86.96,70.32,94.73,0.328,Moderate,No,Needs Attention
0.17,-0.04,0.07,-0.16,0.18,0.05,-0.2,0.13,0,5,8,0.32,10.83,11.67,1.55,119.2,76.56,97.23,0.151,High,Yes,Needs Attention
23,59,25,27.83,88.73,6.32,56.69,1,9,60.71,8,0.797,9.25,11.09,28.9,98.91,23.15,75.8,0.475,Moderate,No,Average
0.19,-0.07,0.1,0.39,-0.11,0.28,-0.01,-0.07,8,5,8,0.246,10,3.36,4.18,125.36,77.89,105.02,0.151,High,Yes,Needs Attention
0.12,-0.03,-0.1,0.05,-0.04,-0.15,-0.36,-0.11,5,5,8,0.235,11.32,13.31,2.61,118.86,86.99,106.44,0.15,High,Yes,Needs Attention
0.08,0.23,0.56,-0.02,0.09,-0.81,-0.05,-0.56,2,5,3.98,0.206,10.54,7.67,1.93,121.34,81.49,101.32,0.077,High,Yes,Needs Attention
-0.63,-0.43,-0.52,-0.01,-0.26,-0.71,0.09,0.13,4,5,8,0.1,9.9,13.63,2.53,126.88,77.63,97.74,0.145,High,Yes,Needs Attention
86,36,24,26.55,72.89,5.79,73.34,3,3,40.63,8,0.972,8.28,7.35,26.99,33.33,45.37,72.87,0.584,Moderate,No,Average
0.53,-0.16,0.46,0.03,-0.21,-0.53,-0.28,0.06,7,5,8,0.143,7.93,19.19,4.79,113.84,76.46,97.24,0.152,High,Yes,Needs Attention
57,73,85,18.49,14.72,7.36,91.95,1,7,18.93,8,1.319,9.67,14.21,18.36,66.38,8.03,22.56,0.794,High,Yes,Needs Attention
101,17,47,29.49,94.73,6.19,26.31,3,8,57.34,8,1.303,5.84,21.12,31.16,26.17,62.1,51.47,0.636,High,Yes,Needs Attention
113,30,50,26.04,83.99,6.28,43.88,2,5,48.3,8,1.387,6.02,7.91,27.11,13.44,46.69,51.29,0.72,High,Yes,Needs Attention
-0.15,-0.15,-0.23,-0.15,-0.53,-0.25,-0.19,0.2,4,5,8,0.194,9.96,18.2,0.86,123.72,76.79,96.05,0.148,High,Yes,Needs Attention
22,78,76,17.85,19.09,8.62,76.32,1,7,18.85,8,1.081,8.16,4.79,18.67,86.28,11.74,19.37,0.681,High,Yes,Needs Attention
83,7,45,29.08,90.74,6.7,25.33,3,8,53.11,8,0.864,7.47,12.83,29.42,33.82,73.37,55.11,0.546,High,Yes,Needs Attention
0.7,0.08,-0.03,0.05,-0.61,0.24,-0.24,0.21,7,5,8,0.204,9.9,9.47,3.33,116.38,78.19,98.73,0.152,High,Yes,Needs Attention
-0.14,0.1,0.17,0.02,0.06,0.29,-0.16,-0.35,9,5,6.98,0.358,9.93,10.21,-0.29,120.36,77.48,98.82,0.131,High,Yes,Needs Attention
-0.05,-0.38,0.21,0.04,-0.42,-0.11,0.09,-0.09,9,5,8,0.143,8.86,9.93,3.02,128.49,82.26,93.87,0.149,High,Yes,Needs Attention
-0.06,0.01,0.29,0.09,-0.14,0.5,-0.36,-0.06,8,5,8,0.271,10.65,8.34,2.56,114.66,77.44,99.42,0.151,High,Yes,Needs Attention
-0.03,0.3,-0.07,0.23,0.49,0.29,0.03,0.35,9,5,8,0.163,9.65,6.96,1.16,131.24,75.32,106.27,0.151,High,Yes,Needs Attention
-0.19,0.06,-0.15,-0.28,-0.06,-0.22,0.06,0.28,8,5,8,0.203,10.19,10.23,2.02,118.28,79.81,96.74,0.149,High,Yes,Needs Attention
29,22,43,19.66,87.95,5.56,106.04,3,2,57.85,8,0.861,6.35,12.46,20.92,87.17,57.84,60.59,0.43,Moderate,No,Average
27,79,82,17.07,17.54,6.31,70.87,1,7,17.57,8,1.3,9.13,16.65,16.92,97.23,0,4.14,0.717,High,Yes,Needs Attention
0.07,-0.08,0.04,0.3,0.07,0.1,-0.15,0.11,2,5,8,0.145,10.85,13.18,0.16,124.55,76.51,96.75,0.15,High,Yes,Needs Attention
49,68,22,28.57,61.53,7.13,63.5,3,1,36.84,8,1.147,9.18,16.67,31.05,74.25,10.44,70.36,0.57,Moderate,No,Average
-0.09,0.47,-0.06,-0.15,0.36,-0.21,-0.45,-0.41,5,5,5.94,0.206,8.94,6.09,2.26,116.24,77.65,105,0.112,High,Yes,Needs Attention
0.56,-0.03,-0.09,-0.4,-0.2,-0.52,0.36,-0.12,1,5,8,0.29,9.21,10.27,1.46,121.95,77.6,103.61,0.151,High,Yes,Needs Attention
0.3,0.11,-0.36,0.13,0,-0.1,0.09,0.2,8,5,8,0.145,8.76,14.84,1.04,114.53,81,96.22,0.15,High,Yes,Needs Attention
0.14,0.12,-0.42,0.06,-0.14,-0.25,0.15,0.25,5,5,8,0.312,9.1,13.37,1.27,115.87,88.78,101.58,0.15,High,Yes,Needs Attention
-0.02,0.5,0.25,0.68,0.15,-0.51,0.1,-0.6,2,5,3.13,0.226,8.35,8.56,1.69,119.55,84.83,104.56,0.061,High,Yes,Needs Attention
0.31,0.66,0.2,0.34,0.13,-0.2,-0.29,0,2,5,8,0.242,9.61,15.74,-0.78,115.59,87.11,105.23,0.154,High,Yes,Needs Attention
-0.4,-0.01,0.18,-0.31,-0.21,-0.11,0.55,0.12,9,5.19,8,0.209,10.39,9.87,1.28,125.66,77.74,98.2,0.149,High,Yes,Needs Attention
0,55,22,22.99,20.58,5.92,143.86,0,0,25.3,8,0.622,8.45,8.89,25.27,117.11,31.7,69.16,0.387,High,Yes,Needs Attention
31,75,18,15.47,21.44,5.82,88.89,0,0,21.21,8,0.944,9.12,13.95,17.07,87.9,5.91,78.41,0.528,High,Yes,Needs Attention
0.37,-0.09,-0.06,0.07,-0.17,0.05,-0.15,0.13,7,5,8,0.166,9.53,12.02,4.22,115.23,84.04,103.12,0.151,High,Yes,Needs Attention
0.15,-0.21,0.08,0.18,0.12,-0.19,0.09,0.29,8,5,8,0.277,10.8,9.91,0.17,125.04,82.04,108.32,0.15,High,Yes,Needs Attention
4,59,25,27.69,81.94,6.23,54.62,1,9,48.7,8,0.712,7.09,9.77,28.2,112.67,19.63,74.78,0.42,Moderate,No,Average
25,70,16,19.63,18.91,5.76,106.36,0,0,18.42,8,0.746,8.7,7.72,21.33,100.71,12.88,81.57,0.489,High,Yes,Needs Attention
-0.23,-0.74,-0.98,-0.11,-0.79,-0.75,0.47,0.43,4,5,8,0.1,8.92,10.42,1.76,125.57,82.68,110.58,0.144,High,Yes,Needs Attention
-0.17,-0.11,0.13,0.01,0.05,0.07,0.21,0.27,6,7.95,8,0.1,8.61,16.4,-1.34,117.94,73.04,101.49,0.15,High,Yes,Needs Attention
0.05,0.63,0.3,0.04,0.14,0.27,-0.42,-0.05,9,5,8,0.255,10.28,12.98,2.44,120.1,78.87,94.79,0.153,High,Yes,Needs Attention
-0.03,0.07,-0.03,-0.02,-0.01,-0.11,-0.27,0,3,5,8,0.108,9.62,15.83,1.85,117.66,83.42,99.55,0.15,High,Yes,Needs Attention
57,67,25,32.35,66.61,7.55,64.56,3,1,43.2,8,1.118,8.14,14.06,30.67,65.73,14.11,79,0.599,Moderate,No,Average
-0.39,0.18,-0.28,-0.09,-0.2,-0.29,0.21,0.37,4,5,8,0.208,11.03,9.55,1.23,119.42,81.7,100,0.149,High,Yes,Needs Attention
0.43,0.39,0.16,0.51,0.2,-0.03,-0.13,0.16,2,5,8,0.201,11.08,5.4,0.8,117.48,76.6,103.02,0.153,High,Yes,Needs Attention
98,7,45,27.79,92.51,6.16,26.85,3,8,51.05,8,1.135,5.79,8.29,28.61,22.23,74.02,48.58,0.59,High,Yes,Needs Attention
20,23,11,31.85,90.12,6.41,109.95,1,4,59.87,8,0.537,8.14,9.32,31.34,92.09,56.61,83.26,0.313,Moderate,No,Needs Attention
74,35,40,26.49,80.16,6.98,242.86,0,6,66.71,8,0.877,7.97,9.01,28.61,45.62,44.19,57.06,0.593,Moderate,No,Average
59,70,84,17.33,18.75,7.55,82.62,1,7,18.08,8,1.452,8.82,15.92,21.47,64.25,7.28,14.87,0.788,High,Yes,Needs Attention
91,13,47,29.11,92.44,6.14,27.96,3,8,53.36,8,1.14,7.77,15.88,31.01,29.69,70.66,54.34,0.594,High,Yes,Needs Attention
59,70,84,17.33,18.75,7.55,82.62,1,7,16.95,8,1.609,7.55,20.85,15.59,65.76,11.38,18.55,0.788,High,Yes,Needs Attention
12,78,23,16.07,18.72,6,88.07,0,0,17.17,8,1.013,10.74,8.95,18,106.11,2.98,86.86,0.496,High,Yes,Needs Attention
-0.03,-0.53,-0.43,-0.15,-0.4,-0.01,0.34,0.25,4,5,8,0.1,10.27,18.39,1.06,117.73,88.73,97.48,0.147,High,Yes,Needs Attention
-0.5,-0.11,0.36,-0.07,-0.16,0.19,0.14,-0.17,9,5,8,0.171,8.89,18.37,-0.22,114.91,82.01,98.38,0.149,High,Yes,Needs Attention
29,77,75,17.5,15.48,7.78,72.94,1,7,18.79,8,1.161,8.78,11.07,19.53,88.97,7.8,22.16,0.696,High,Yes,Needs Attention
93,41,17,25.62,66.5,6.05,105.47,3,3,44.69,8,1.228,6.38,13.89,28.44,36.83,40.09,87.32,0.599,Moderate,No,Average
89,45,36,21.33,80.47,6.44,185.5,0,6,56.74,8,1.301,7.42,16.96,21.83,32.38,33.59,68.54,0.656,Moderate,No,Average
18,74,15,24.9,22.28,5.71,146.47,0,0,22.42,8,0.87,8.71,11.76,23.93,99.07,1.76,83.21,0.478,High,Yes,Needs Attention
0.43,0.26,-0.09,-0.18,-0.05,-0.56,0.33,0.15,1,5,8,0.217,8.43,11.45,-1.7,114.54,80.71,108.35,0.152,High,Yes,Needs Attention
0.2,0.15,-0.24,-0.03,-0.07,-0.02,0.1,0.1,8,5,8,0.311,10.53,9.49,0.47,111.81,69.2,97.4,0.15,High,Yes,Needs Attention
0.04,0.4,-0.09,0.11,0.06,-0.09,0.32,0.02,8,5,8,0.299,11.03,2.56,1.38,115.81,80.69,104.21,0.151,High,Yes,Needs Attention
-0.29,0.01,-0.43,0.04,-0.75,-0.43,0.25,0.36,4,5,8,0.288,9.74,12.28,0.77,124.09,81.25,106.25,0.148,High,Yes,Needs Attention
5,74,21,16.24,21.36,5.59,66.97,0,0,18.83,8,0.837,8.91,9.16,16.72,112.86,5.13,73.55,0.458,High,Yes,Needs Attention
3,9,45,23.89,89.62,6.54,104.62,3,2,55.73,8,0.514,7.94,7.7,26.24,112.21,70.63,57.31,0.319,Moderate,No,Needs Attention
-0.05,-0.05,0.4,-0.22,0.4,-0.29,-0.17,-0.16,2,5,8,0.263,9.72,13.69,1.97,115.81,75.05,88.7,0.151,High,Yes,Needs Attention
0.14,0.35,-0.15,0.34,-0.39,0.25,0.01,-0.09,8,5,8,0.267,8.68,6.19,2.14,123.11,85.19,103.45,0.151,High,Yes,Needs Attention
0.01,-0.23,0.14,-0.15,-0.24,-0.28,0.05,-0.29,3,5,7.78,0.184,9.1,15.22,2.57,119.58,78.88,95.45,0.146,High,Yes,Needs Attention
0.52,0.77,0.01,-0.29,-0.44,-0.44,0.52,0.04,1,5,8,0.18,9.46,13.93,0.23,116.34,75.34,102.26,0.154,High,Yes,Needs Attention
23,72,84,19.02,17.13,6.92,79.93,1,7,13.25,8,1.365,9.57,10.4,18.88,95.46,10.18,19.02,0.689,High,Yes,Needs Attention
0.4,0.19,0.08,0.09,-0.02,0.12,-0.03,-0.22,9,5,8,0.337,9.76,11.75,0.81,130.63,80.25,104.4,0.152,High,Yes,Needs Attention
0.62,-0.68,-0.03,-0.01,-0.16,-0.59,-0.21,0.29,7,5.07,8,0.14,9.96,7.24,0.6,125.48,79.25,103.59,0.15,High,Yes,Needs Attention
89,54,38,24.52,83.54,6.69,230.45,0,6,58.64,8,1.265,6.14,15,22.94,38.34,24.14,62.22,0.69,Moderate,No,Average
0.45,0.2,0.4,-0.46,0.06,-0.02,-0.73,0.3,0,5,8,0.234,10.41,12.75,0.22,110.79,79.78,98.08,0.153,High,Yes,Needs Attention
0.53,0.08,0.38,-0.62,-0.03,-0.58,-0.43,-0.03,7,5,8,0.245,9.75,13.05,2.54,118.71,85.3,99.32,0.153,High,Yes,Needs Attention
27,79,82,17.07,17.54,6.31,70.87,1,7,13.41,8,1.286,11.86,14.01,19.77,89.78,2.88,13.54,0.717,High,Yes,Needs Attention
0.39,0.12,0.3,0.19,0.12,-0.29,-0.27,-0.17,2,5,8,0.356,9.36,9.43,2.48,122.33,79.74,98.85,0.152,High,Yes,Needs Attention
0.04,0.32,0.12,-0.23,0.12,-0.1,0.94,0.27,6,5,8,0.237,10.07,5.92,1.47,125.26,83.09,98.72,0.151,High,Yes,Needs Attention
0.17,0.26,0.14,0.23,-0.08,-0.24,-0.13,-0.13,2,5,8,0.246,12,15.83,3.9,121.46,79.85,96.71,0.152,High,Yes,Needs Attention
78,58,15,25.01,67.82,6.53,62.91,3,3,42.36,8,1.247,8.25,14.75,24.92,37.64,23.61,78.04,0.603,Moderate,No,Average
-0.03,-0.08,0.52,-0.12,0.17,0.26,0.22,-0.2,6,5,8,0.167,9.68,9.86,-0.07,116.72,80.68,94.37,0.151,High,Yes,Needs Attention
-0.15,-0.54,1,-0.31,0.53,0.11,0.57,-0.05,6,5,8,0.195,8.75,13.64,2.88,123.25,82.9,86.4,0.151,High,Yes,Needs Attention
6,30,40,22.77,91.45,6.36,106.97,3,2,61.19,8,0.556,8.99,17.03,24.31,117.6,48.22,58.77,0.379,Moderate,No,Needs Attention
8,23,44,18.47,89.69,7.13,108.48,3,2,60.27,8,0.636,6.35,16.55,18.96,112.7,52.44,57.44,0.375,Moderate,No,Needs Attention
106,14,45,24.47,84.16,6.42,57.27,2,5,53.4,8,1.071,8.07,9.74,26.8,14.65,69.63,44.27,0.635,Moderate,No,Average
23,30,44,20.94,85.43,6.12,103.03,3,2,50.61,8,0.842,7.14,6.04,21.78,97.25,56.02,56.95,0.44,Moderate,No,Average
30,7,15,33.23,91.06,7.83,115.77,1,4,60.24,8,0.546,7.28,6.73,33.47,91.35,68.63,84.51,0.303,Moderate,No,Needs Attention
0.03,0.4,-0.03,-0.06,0.11,0.16,0.11,0.01,8,5,8,0.18,8.32,10.75,0.14,123.55,80.32,95.32,0.151,High,Yes,Needs Attention
0.17,0.34,0.03,-0.13,0.17,0.07,0.17,0.45,8,5,8,0.195,11.09,17.85,1.85,122.98,77.86,98.25,0.152,High,Yes,Needs Attention
0.08,0.31,0.1,-0.17,0.2,-0.49,0.26,0.22,9,5,8,0.264,9.47,9.09,1.64,120.04,83.22,104.1,0.151,High,Yes,Needs Attention
-0.24,0.13,0.05,0.07,0.13,-0.07,-0.14,-0.29,3,5,7.72,0.109,8.53,9.61,3.85,119.99,80.86,96.05,0.145,High,Yes,Needs Attention
0.18,-0.07,0.15,0.06,-0.07,-0.01,-0.1,0.23,7,5.48,8,0.218,11,9.53,1.12,119.38,93.38,100.17,0.151,High,Yes,Needs Attention
-0.11,0.16,0.43,-0.19,0.2,-0.08,-0.55,0.41,0,5.84,8,0.259,9.24,9.87,0.85,116.21,78.63,100.96,0.151,High,Yes,Needs Attention
0.02,0.11,0.14,-0.34,0.41,0.1,-0.78,0.08,0,5,8,0.1,10.07,11.96,3.32,116.01,86.04,96.57,0.151,High,Yes,Needs Attention
0.13,0.08,-0.05,-0.08,-0.19,-0.17,-0.18,-0.17,7,7.36,8,0.256,10.6,6.88,2.9,122.59,86.46,104.08,0.15,High,Yes,Needs Attention
32,25,35,18.1,85.71,5.89,107.01,3,2,52.96,8,0.618,8.08,16.34,19.82,84.44,57.13,66.62,0.424,Moderate,No,Average
0.14,0.21,-0.01,0.01,-0.08,-0.26,0.34,0.25,6,5,8,0.193,7.56,11.42,-0.83,123.93,79.94,99,0.151,High,Yes,Needs Attention
31,58,15,27.11,84.97,7.12,51.53,1,9,53.77,8,0.731,8.32,21.92,27.39,88.74,22.38,94.45,0.466,Moderate,No,Average
0,0.39,0.05,0.01,0.41,0.22,0,0.26,9,5,8,0.317,9.64,7.31,-0.07,124.1,79.65,104,0.151,High,Yes,Needs Attention
0.12,0.01,0.18,-0.08,0.12,0.09,-0.44,-0.01,0,5,8,0.109,9.42,18.36,1.47,123.06,84.52,93.08,0.151,High,Yes,Needs Attention
0.12,-0.32,-0.01,0.1,0.03,0.02,0.35,0.07,9,5,8,0.1,9.64,17.57,0.84,124.09,76.83,98.45,0.149,High,Yes,Needs Attention
37,64,22,17.48,18.83,5.95,121.94,0,0,21.77,8,0.949,7.67,10.35,21.38,80.62,15.36,87.87,0.523,High,Yes,Needs Attention
105,30,50,25.3,81.78,6.38,57.04,2,5,50.23,8,1.277,7.9,10.42,24.44,17.04,48.87,46.07,0.697,Moderate,No,Average
0.3,-0.48,0.09,-0.2,0.34,-0.38,0.04,-0.06,8,5,8,0.1,8.38,8.31,-0.44,123.39,73.58,100.18,0.15,High,Yes,Needs Attention
0.12,-0.02,0.37,0.26,0.08,0.09,-0.1,0.17,7,5,8,0.245,9.46,8.36,2.13,112.12,83.46,104.55,0.151,High,Yes,Needs Attention
0.34,0.2,-0.43,-0.19,-0.19,0.12,0.2,0.01,8,5,8,0.1,9.91,12,2.09,128.17,84.05,103.04,0.15,High,Yes,Needs Attention
-0.46,0.1,-0.26,-0.16,-0.01,0.11,0.12,-0.22,3,5,8,0.113,10.82,12.08,-2.54,131.79,77.36,103.45,0.148,High,Yes,Needs Attention
0.44,0.19,-0.19,-0.36,-0.3,-0.45,0.24,0.26,1,5,8,0.157,8.94,5.59,-1.46,124.3,83.93,103.14,0.151,High,Yes,Needs Attention
-0.02,0.61,-0.16,0.63,0.41,-0.19,-0.18,-0.24,2,5,8,0.267,11.19,21.17,1.73,124.05,73.06,100.26,0.151,High,Yes,Needs Attention
59,69,80,19.08,17.87,8.17,69.41,1,7,13.39,8,1.552,10.25,10.96,22.61,63.94,11.1,16.83,0.773,High,Yes,Needs Attention
76,49,42,24.96,84.48,5.21,196.96,0,6,59.09,8,1.29,7.21,12.26,29.29,42.38,30.49,59.74,0.648,Moderate,No,Average
0.41,0.25,0.12,-0.29,-0.07,-0.3,-0.04,-0.2,7,5,8,0.192,8.64,9.5,0.59,119.04,80.1,98.27,0.152,High,Yes,Needs Attention
-0.33,-0.49,-0.85,-0.68,-0.59,-0.36,-0.1,0.41,4,5,8,0.1,8.32,10.93,0.56,125.15,80.82,98.92,0.145,High,Yes,Needs Attention
35,57,83,19.48,17.45,7.48,80.5,1,7,18.4,8,1.281,9.59,10.57,19.72,80.13,22.69,22.93,0.674,High,Yes,Needs Attention
0.17,-0.48,-0.64,-0.1,0.46,-0.58,-0.6,-0.98,5,5,1.29,0.312,9,11.99,2.35,114.53,78.93,99.12,0.021,High,Yes,Needs Attention
-0.11,-0.49,0,-0.14,0.04,0.14,-0.07,-0.47,3,5,5.15,0.295,10.95,11.94,3.65,118.12,80.06,106.82,0.095,High,Yes,Needs Attention
38,21,35,20.34,89.38,5.84,110.97,3,2,62.33,8,0.801,6.84,15.22,23.72,85.28,64.45,66.03,0.429,Moderate,No,Average
27,80,15,19.07,21.21,5.79,86.22,0,0,22.67,8,0.837,8.32,12.91,20.53,88.67,0,84.36,0.523,High,Yes,Needs Attention
0.15,0.05,0.15,-0.22,0.07,0.2,-0.28,0.25,0,5,8,0.16,9.98,14.82,0.02,118.72,88.97,92.58,0.151,High,Yes,Needs Attention
0.48,0.08,-0.15,0.2,-0.21,-0.25,-0.18,-0.07,7,5,8,0.357,9.07,11.96,1.71,118.99,77.38,108.63,0.151,High,Yes,Needs Attention
12,61,19,19.33,24.14,5.66,68.51,0,0,23.48,8,0.639,9.16,12.93,22.9,102.94,19.96,80.98,0.432,High,Yes,Needs Attention
0.34,-0.01,0.05,-0.18,0.17,0.16,-0.38,0.01,0,5,8,0.11,10.73,11.03,0.72,107.46,82.29,90.87,0.151,High,Yes,Needs Attention
101,17,47,29.49,94.73,6.19,26.31,3,8,54.58,8,1.265,7.5,16.01,28.27,13.87,61.83,56.95,0.636,High,Yes,Needs Attention
-0.22,-0.25,-0.21,-0.01,-0.29,-0.24,0,-0.07,4,5,8,0.161,9.88,13.29,0.95,121.52,85.78,100.01,0.148,High,Yes,Needs Attention
-0.13,0.71,0.14,-0.24,0.75,0.01,0.3,0.66,9,5,8,0.11,9.94,11.37,0.84,122.56,81.47,96.13,0.152,High,Yes,Needs Attention
0.56,-0.06,-0.17,0.03,-0.72,-0.18,0.16,-0.17,1,5,8,0.324,8.07,11.25,-1.2,121.91,79.24,103.89,0.151,High,Yes,Needs Attention
24,30,11,32.4,94.52,6.6,113.25,1,4,62.94,8,0.627,7.78,11.56,34.25,99.05,55.49,78.81,0.346,Moderate,No,Needs Attention
11,61,21,18.62,23.02,5.53,135.34,0,0,21.14,8,0.727,9.33,12.12,20.88,105.87,14.94,76.14,0.434,High,Yes,Needs Attention
59,69,80,19.08,17.87,8.17,69.41,1,7,24.56,8,1.356,10.2,11.77,23.37,56.8,8.74,18.8,0.773,High,Yes,Needs Attention
84,29,49,29.94,93.91,6.25,20.39,3,8,50.02,8,1.336,8.01,9.76,29.44,37.88,53.25,54.41,0.63,High,Yes,Needs Attention
0.01,-0.04,-0.09,-0.09,-0.13,-0.05,-0.31,-0.15,3,5,8,0.197,9.55,15.06,2.51,118.93,83.25,109.05,0.15,High,Yes,Needs Attention
101,20,48,24.68,82.75,6.21,57.06,2,5,51.61,8,1.326,8.71,15.31,27.63,23.54,61.29,51.02,0.648,Moderate,No,Average
0.44,0.19,0.18,-0.23,-0.38,-0.25,-0.18,0.28,7,5,8,0.276,9.47,19.14,2.05,121.47,79.3,101.66,0.152,High,Yes,Needs Attention
-0.39,-0.71,-0.04,0.41,-0.11,-0.14,0.14,-0.27,3,5,8,0.151,10,9.59,0.4,126.81,79.7,111.03,0.147,High,Yes,Needs Attention
23,5,44,21.21,94.26,7.16,107.57,3,2,62.17,8,0.591,7.08,14.67,21.11,94.67,79.53,56.02,0.362,Moderate,No,Needs Attention
0.21,0.15,0.22,-0.07,0.18,-0.24,-0.62,0.19,0,5,8,0.319,10.21,4.36,1.58,125.13,80.81,101.65,0.152,High,Yes,Needs Attention
9,77,17,20.12,24.45,5.78,106.16,0,0,19.91,8,0.935,8.76,15.32,21.76,121.17,0,78.05,0.467,High,Yes,Needs Attention
19,65,25,18.1,18.29,5.63,144.79,0,0,18.42,8,0.704,10.94,6.17,18.76,101.27,11.28,82.84,0.482,High,Yes,Needs Attention
9,10,10,22.36,93.52,6.01,101.52,1,4,53.87,8,0.418,9.43,8.06,25.8,113.5,76.05,87.15,0.237,Moderate,No,Needs Attention
0.5,-0.26,0.11,-0.18,-0.09,0.21,0.1,0.1,8,5,8,0.192,10.63,13.33,0.72,114.85,77.38,100.96,0.151,High,Yes,Needs Attention
29,77,75,17.5,15.48,7.78,72.94,1,7,7.62,8,1.203,10.9,9.51,16.16,95.47,4.09,25.96,0.696,High,Yes,Needs Attention
9,48,20,29.66,84.28,6.38,56.1,1,9,46.88,8,0.683,6.1,8.97,30.82,116.65,37.4,80.34,0.385,Moderate,No,Needs Attention
85,22,53,25.97,89.77,6.85,59.46,2,5,52.52,8,1.052,6.08,10.06,28.19,32.53,60.17,45.26,0.623,Moderate,No,Average
75,56,18,19.4,62.36,5.7,60.95,3,3,36.68,8,1.057,7.87,14.92,21.41,47.93,20.97,82.97,0.597,Moderate,No,Average
11,10,45,22.63,88.46,6.4,109.04,3,2,58.57,8,0.532,7.58,8.27,24.63,110.4,65.94,62.03,0.346,Moderate,No,Needs Attention
30,70,79,20.27,19.97,7.31,69.64,1,7,17.47,8,1.234,9.05,11.78,24.01,91.95,17.48,30.12,0.689,High,Yes,Needs Attention
104,17,46,25.71,80.23,6.19,43.09,2,5,50.26,8,1.196,6.1,10.49,25.54,20.06,58.84,53.3,0.642,High,Yes,Needs Attention
0.38,0.79,0.18,0.61,0.2,-0.33,-0.26,-0.23,2,5,8,0.127,10.9,15.28,1.47,122.21,77,98.02,0.154,High,Yes,Needs Attention
-0.17,-0.42,-0.08,0.13,0.41,-0.02,-0.41,-0.3,3,5,7.43,0.322,11.89,15.39,3.95,119.48,81.91,96.84,0.137,High,Yes,Needs Attention
0.12,0.35,-0.17,0.17,0.17,-0.09,0.15,-0.37,2,5,6.6,0.241,11.03,4.66,-1.28,124.05,78.77,110.91,0.125,High,Yes,Needs Attention
6,18,37,19.66,89.94,5.94,108.05,3,2,59.02,8,0.71,8.59,16.18,21.08,119.56,64.3,63.52,0.333,Moderate,No,Needs Attention
52,58,16,30.64,61.15,7.17,71.37,3,1,40.88,8,0.943,8.45,9.56,33.98,65.23,16.13,88.46,0.53,Moderate,No,Average
43,79,79,19.41,18.98,7.81,80.25,1,7,17.28,8,1.362,8.43,12.95,22.73,76.99,0.16,23.79,0.755,High,Yes,Needs Attention
107,10,49,25.83,89,6.76,45.25,2,5,51.38,8,1.337,7.6,8.24,28.32,4.16,72.71,59.83,0.637,High,Yes,Needs Attention
0.14,0.2,0.11,-0.18,0.4,-0.09,-0.58,0.24,0,5,8,0.156,11.85,13.48,2.35,122.78,82.52,98.9,0.151,High,Yes,Needs Attention
-0.81,-0.69,0.33,-0.27,-0.14,-0.51,0.33,-0.33,3,5,7.2,0.179,9.4,22.21,-0.33,126.93,78.4,95.24,0.131,High,Yes,Needs Attention
0.24,-0.08,0.27,-0.09,0.03,0.02,-0.23,0.04,0,5,8,0.26,9.29,12.51,3.47,118.47,75.99,107.17,0.151,High,Yes,Needs Attention
83,57,19,25.73,70.75,6.88,98.74,3,3,46.53,8,1.055,9.09,10.16,25.43,37.67,23.85,84.61,0.626,Moderate,No,Average
0.48,0.24,-0.08,0.31,-0.49,0.07,0.33,-0.24,7,5,8,0.261,10.94,11.07,0.1,118.42,74.51,101.91,0.152,High,Yes,Needs Attention
0.39,0.28,-0.33,-0.14,0.06,-0.11,0.14,-0.04,8,5,8,0.249,8.9,6.12,1.94,117.69,84.86,106.47,0.151,High,Yes,Needs Attention
0.01,0.38,0.06,0.15,0.06,0.04,0.24,0.13,8,5,8,0.304,9.49,17.8,0.91,121.15,80.25,101.99,0.151,High,Yes,Needs Attention
0.4,-0.07,-0.15,-0.11,-0.15,-0.26,0.13,0.11,1,5,8,0.272,9.25,13.25,1.7,115.68,77.28,106.43,0.151,High,Yes,Needs Attention
0.23,0.04,0.19,-0.21,0.14,-0.03,-0.41,0.04,0,5,8,0.307,9.82,7.8,1.94,118.59,75.74,100.8,0.151,High,Yes,Needs Attention
85,38,41,21.59,82.79,6.25,276.66,0,6,65.08,8,1.175,8.78,7.93,25.76,30.48,39.47,62.61,0.637,Low,No,Average
76,39,24,24.25,55.65,7,64.24,3,3,38.17,8,0.965,7.55,12.06,26.4,46.95,34.75,78.11,0.564,Moderate,No,Average
74,58,18,20.04,56.36,6.73,109.02,3,3,38.04,8,1.269,9.43,15.73,20.61,47.2,23.98,80.7,0.6,Moderate,No,Average
32,25,9,10.36,93.76,7.8,101.15,1,4,55.44,8,0.474,7.51,7.4,12.87,85.84,51.79,90.18,0.348,Moderate,No,Needs Attention
-0.21,-0.55,0.19,-0.33,-0.1,-0.35,0.13,-0.5,3,5,4.41,0.1,12,16.45,-0.08,120.4,82.15,98.24,0.081,High,Yes,Needs Attention
0.5,0.41,-0.37,-0.13,-0.09,-0.78,0.07,-0.05,1,5,8,0.248,10.07,11.63,2.74,118.4,81.74,101.43,0.152,High,Yes,Needs Attention
-0.23,0.13,-0.7,0.24,0.17,0.12,0.02,-0.44,5,5,5.78,0.325,9.65,8.28,1.84,125.95,83.73,98.88,0.106,High,Yes,Needs Attention
60,44,23,24.79,70.05,5.72,76.73,3,3,44.79,8,0.977,8.57,10.13,26.89,57.79,37.01,78.74,0.53,Moderate,No,Average
102,14,52,26.79,89.65,6.51,57.74,2,5,57.35,8,1.288,7.17,18.99,25.62,21.18,70.5,49.61,0.644,Moderate,No,Average
0.58,0.02,0.12,-0.1,-0.45,0.26,0.1,0.27,7,5,8,0.1,7.97,6.45,-1.98,115.89,85.52,100.7,0.152,High,Yes,Needs Attention
25,70,16,19.63,18.91,5.76,106.36,0,0,15.31,8,0.826,9.04,9.07,18.88,99.07,11.03,84.89,0.489,High,Yes,Needs Attention
-0.07,0.08,0.13,-0.15,0.24,-0.01,-0.75,-0.1,0,5,8,0.1,9.49,15.81,3.97,125.26,81.19,97.61,0.15,High,Yes,Needs Attention
81,45,35,26.53,80.12,6.16,218.92,0,6,60.12,8,1.228,6.15,12.87,26.31,44.42,32.77,63.87,0.63,Moderate,No,Average
53,73,77,19.71,18.1,7.33,73.64,1,7,21.51,8,1.294,9.22,8.84,22.31,74.36,3.05,16.32,0.759,High,Yes,Needs Attention
-0.22,-0.06,0.09,0.1,0.1,0.03,-0.09,-0.1,9,5,8,0.1,7.68,15.86,0.64,121.68,85.19,99.43,0.149,High,Yes,Needs Attention
99,5,47,24.13,84.84,6.65,51.19,2,5,44.05,8,1.147,7.28,16.05,25.27,27.19,77.42,49.06,0.593,Moderate,No,Average
89,54,38,24.52,83.54,6.69,230.45,0,6,65.46,8,1.371,7.91,13.33,25.95,39.12,28.75,62.4,0.69,Moderate,No,Average
0.69,0.29,-0.3,-0.33,-0.07,-0.55,0.43,0.32,1,5.83,8,0.191,9.85,9.55,3.64,113.7,77.35,97.44,0.152,High,Yes,Needs Attention
0.45,0.09,-0.02,0.17,-0.16,-0.17,0.03,-0.1,7,5,8,0.249,9.34,10.17,2.55,116.53,86.41,91.82,0.152,High,Yes,Needs Attention
-0.09,-0.34,-0.06,-0.28,0.07,-0.79,-0.08,0.08,2,5.52,8,0.24,9.66,13.14,1.8,112.61,79.43,109.07,0.148,High,Yes,Needs Attention
18,27,41,22.37,92.31,7.18,104.82,3,2,56.1,8,0.699,6.66,6.75,25.82,107.31,49.79,58.07,0.407,Moderate,No,Average
0.42,0.33,-0.01,0.15,0.19,-0.24,-0.24,-0.06,2,5,8,0.117,9.76,17.31,0.7,112.04,77.38,105.8,0.152,High,Yes,Needs Attention
0.2,-0.07,-0.15,0.04,-0.15,-0.1,-0.26,-0.15,7,5,8,0.245,9.81,18.8,3.14,110.9,86.35,98.04,0.15,High,Yes,Needs Attention
-0.16,-0.1,0.06,-0.26,-0.23,-0.04,-0.06,-0.22,3,5,8,0.248,8.86,11.06,2.59,114.67,75.66,106.73,0.149,High,Yes,Needs Attention
85,38,41,21.59,82.79,6.25,276.66,0,6,63.85,8,1.256,7.95,13.42,24.42,26.31,39,54.39,0.637,Low,No,Average
40,27,45,21.66,94.79,5.89,112.43,3,2,59.2,8,0.897,7.64,16.74,22.93,81.36,64.59,55.7,0.483,Moderate,No,Average
0.65,0.1,0.41,0.26,0.11,0.08,0.16,0.13,7,5,8,0.113,9.58,19.82,1.1,113.93,83.66,95.22,0.153,High,Yes,Needs Attention
0.19,0.02,0.06,-0.25,0.14,-0.04,-0.14,0.16,0,5,8,0.257,12,18.23,-0.05,111.36,77.05,110.34,0.151,High,Yes,Needs Attention
0.48,0.08,0.46,-0.22,0.09,-0.65,0.38,-0.05,1,5,8,0.206,9.61,5.06,0.07,119.31,75.59,98.54,0.153,High,Yes,Needs Attention
-0.13,0.25,0.05,0.2,-0.15,0.51,-0.11,-0.26,8,5,8,0.162,9.47,10.74,0.32,120.22,73.06,103.26,0.151,High,Yes,Needs Attention
4,13,6,15.63,94.26,7.56,101.47,1,4,55.91,8,0.314,6.97,14,17.68,106.65,67.39,95.8,0.22,Moderate,No,Needs Attention
0.05,0,0.3,-0.18,-0.02,-0.04,0.15,-0.41,8,5,5.84,0.147,8.78,10.02,0.98,116.38,82.91,99.6,0.111,High,Yes,Needs Attention
95,52,36,26.23,83.84,5.54,286.51,0,6,66.79,8,1.369,8.34,19.13,28.38,24.63,34.08,66.07,0.695,Low,No,Average
58,71,15,27.83,67.59,6.92,74.01,3,1,45.7,8,0.951,7.37,18.52,30.06,60.22,1.42,90.44,0.585,Moderate,No,Average
0.07,-0.18,0.21,0.07,0.15,-0.11,0.28,-0.06,6,5,8,0.121,9.18,8.74,-0.02,118.28,74.88,102.46,0.15,High,Yes,Needs Attention
0.28,-0.02,0.34,-0.33,0.36,0.09,-0.49,0.39,0,5,8,0.177,9.2,11.35,-0.46,125.62,79.54,100.31,0.152,High,Yes,Needs Attention
-0.03,0.21,-0.03,0,0.09,-0.26,0.11,-0.19,2,5,8,0.33,8.76,9,1.16,130.76,90.94,102.11,0.15,High,Yes,Needs Attention
-0.49,-0.35,-0.18,0,-0.63,-0.44,0.24,0.1,4,5,8,0.278,8.01,11.22,0.34,118.92,83.89,107.84,0.147,High,Yes,Needs Attention
0.55,-0.05,-0.54,-0.02,-0.05,-0.42,0.26,-0.14,5,5,8,0.1,9.29,11.1,0.16,112.84,81.54,98.87,0.15,High,Yes,Needs Attention
6,77,25,20.61,24.36,5.79,69.64,0,0,23.23,8,0.956,10.01,15.82,24.65,112.83,0,67.58,0.482,High,Yes,Needs Attention
1,15,9,29.98,94.55,7.53,115.36,1,4,60.03,8,0.458,7.58,8.45,29.18,119.97,56.52,86.61,0.226,Moderate,No,Needs Attention
20,29,10,29.07,93.27,7.37,100.79,1,4,57.11,8,0.46,8.98,1.53,33.6,99.73,51.16,85.91,0.328,Moderate,No,Needs Attention
70,47,17,24.61,70.42,6.6,104.16,3,3,51.99,8,0.802,8.74,5.58,26.54,53.05,32.6,79.47,0.551,Moderate,No,Average
81,18,50,26.44,80.92,6.51,47.82,2,5,52.13,8,1.088,8.25,7.89,29.42,50.06,60.93,46.61,0.59,High,Yes,Needs Attention
0,0.54,0.09,0.12,0.23,-0.1,-0.1,-0.22,2,5,8,0.294,11.63,9.38,2.92,111.43,77.94,99.82,0.152,High,Yes,Needs Attention
0.03,0.32,-0.44,0.1,0.56,0.15,-0.21,0.08,9,5,8,0.327,9.64,12.75,2.53,117.43,76.69,101.43,0.15,High,Yes,Needs Attention
31,55,22,22.91,21.34,5.87,109.23,0,0,20.08,8,0.778,9.28,7.68,26.9,96.71,21.09,78.95,0.477,High,Yes,Needs Attention
65,60,43,21.97,81.9,5.66,227.36,0,6,63.92,8,1.348,7.69,7.16,21.85,52.39,25.56,54.08,0.654,Moderate,No,Average
69,37,42,23.06,83.37,7.07,251.05,0,6,70.74,8,0.91,9.21,8.28,24.33,54.95,39.45,61.98,0.59,Low,No,Average
52,58,16,30.64,61.15,7.17,71.37,3,1,40.61,8,0.927,8.22,7.54,30.86,71.15,20.9,86.14,0.53,Moderate,No,Average
0.01,0.51,-0.41,-0.14,0.59,-0.22,0.25,-0.52,5,5,4.41,0.167,9.09,9.78,-1.18,126.17,79.33,106.74,0.083,High,Yes,Needs Attention
57,68,81,17.17,17.3,8.08,72.79,1,7,18.85,8,1.528,9.91,9.61,17.68,72.57,14.83,22.39,0.767,High,Yes,Needs Attention
0.38,-0.14,0.16,0.02,-0.08,-0.02,0,0.38,7,5,8,0.306,8.94,14.76,4.33,121.29,76.73,98.44,0.151,High,Yes,Needs Attention
0.73,0.33,-0.36,-0.07,-0.55,-0.3,-0.22,-0.23,1,5,8,0.281,10.3,8.04,1.17,110.54,83.58,105.58,0.152,High,Yes,Needs Attention
0.19,0.39,0.14,0.06,-0.48,-0.68,-0.16,-0.7,2,5,1.45,0.1,10.18,10.57,4.54,116.31,77.29,100.95,0.029,High,Yes,Needs Attention
0.41,0.36,-0.32,0.51,0.07,0,-0.45,0.48,2,5,8,0.272,9.56,9.82,5.14,130.52,78.99,103.51,0.151,High,Yes,Needs Attention
101,17,47,29.49,94.73,6.19,26.31,3,8,47.82,8,1.231,7.95,15.24,35.48,11.93,69.57,55.88,0.636,High,Yes,Needs Attention
-0.1,-0.07,0.21,-0.05,0.12,-0.27,-0.05,-0.25,2,5,8,0.1,8.26,11.38,4.31,122.58,76.19,99.29,0.15,High,Yes,Needs Attention
0.64,0,0.14,0.12,-0.13,-0.07,-0.37,-0.03,7,5,8,0.1,9.92,16.2,5.16,106.79,82.88,100.27,0.152,High,Yes,Needs Attention
67,47,44,26.73,81.79,7.87,280.4,0,6,67.76,8,1.231,7.24,7.39,28.72,46.24,37.02,55.47,0.622,Low,No,Average
0.25,0.11,0.02,-0.09,0.08,-0.07,0.21,-0.14,8,5,8,0.188,12,11.8,1.75,124.18,81.13,96.57,0.151,High,Yes,Needs Attention
11,60,23,27.34,88.5,7.03,51.1,1,9,58.62,8,0.661,7.69,9.7,29.28,109.18,19.53,68.42,0.437,Moderate,No,Average
0.1,0.05,0.11,-0.03,-0.24,-0.07,-0.14,0.19,7,5,8,0.185,9.16,7.1,1.47,118.02,88.45,97.11,0.151,High,Yes,Needs Attention
-0.17,0.22,0.03,0.08,0.09,0.05,-0.09,-0.14,9,5,8,0.23,8.37,11.73,1.8,116.1,79.72,100.77,0.15,High,Yes,Needs Attention
-0.22,-0.63,-0.91,-0.38,-0.35,0.12,0.22,-0.2,4,5,8,0.183,11.06,18.93,2.25,110.24,81.45,105.25,0.145,High,Yes,Needs Attention
99,55,35,21.72,80.24,6.5,277.96,0,6,64.16,8,1.21,7.39,8.59,22.52,24.47,23.65,68.18,0.714,Low,No,Average
-0.39,0.41,0.19,-0.25,0.05,0.05,0.27,0.05,9,5,8,0.352,8.96,11.49,-0.82,118.97,80.19,98.69,0.151,High,Yes,Needs Attention
9,11,8,24.86,94.39,6.56,111.78,1,4,56.06,8,0.448,7.73,6.75,26.91,103.39,72.86,89.28,0.234,Moderate,No,Needs Attention
11,18,42,21.58,94.88,5.94,102.86,3,2,64.64,8,0.599,8.03,6.16,22.04,109.15,60.9,57.28,0.362,Moderate,No,Needs Attention
0.08,0.01,0.37,-0.24,0.19,-0.03,0.8,0.31,6,5,8,0.179,10.38,8.85,0.38,122.83,71.56,95.73,0.151,High,Yes,Needs Attention
-0.32,-0.41,-0.95,0.14,-0.13,-0.14,-0.1,0.39,4,6.01,8,0.219,9.77,10.2,1.43,119.32,82.46,92.49,0.145,High,Yes,Needs Attention
0.22,0.16,-0.12,0.14,0.03,-0.08,-0.12,0.12,2,5,8,0.111,9.91,10.38,1.08,120.36,75.53,93.94,0.151,High,Yes,Needs Attention
0.44,0.06,0.14,-0.16,0.66,-0.46,-0.3,0.09,2,5,8,0.23,9.97,11.1,3.01,119.75,82.91,105.36,0.152,High,Yes,Needs Attention
0.02,0.04,0.17,-0.07,-0.17,-0.71,0.05,-0.4,2,5,5.99,0.1,10.09,5.41,1.18,116.45,79.95,107.26,0.113,High,Yes,Needs Attention
-0.05,-0.13,-0.07,-0.12,-0.43,-0.19,0.12,-0.2,4,5,8,0.193,10.19,9.5,3.12,120.32,83.9,103.09,0.149,High,Yes,Needs Attention
0.84,0.07,0.05,-0.4,-0.08,-0.36,0.48,0.38,1,5,8,0.112,10.85,14.01,1.41,122.84,76.14,99.72,0.153,High,Yes,Needs Attention
0.44,0.22,-0.14,-0.23,-0.69,-0.59,0.24,-0.17,1,5,8,0.114,9.82,6.57,1.14,124.73,77.64,94.57,0.152,High,Yes,Needs Attention
9,77,17,20.12,24.45,5.78,106.16,0,0,22.89,8,0.95,8.32,10.58,21.86,114.95,1.64,82.36,0.467,High,Yes,Needs Attention
0.17,-0.14,0.4,0.03,-0.08,-0.09,0.19,-0.08,6,5,8,0.207,9.61,13.17,-0.41,116.45,74.21,102.05,0.151,High,Yes,Needs Attention
99,38,21,22.88,71.6,6.35,67.73,3,3,44.42,8,1.165,8.71,8.87,24.89,24.18,46.45,82.32,0.619,Moderate,No,Average
27,69,22,17.92,24.91,5.93,69.15,0,0,17.4,8,0.747,7.34,13.37,20.69,95.33,4.5,80.76,0.509,High,Yes,Needs Attention
21,17,15,23.98,91.55,7.46,118.49,1,4,66.73,8,0.47,5.68,5.92,26.97,95.45,67.39,89.84,0.308,Moderate,No,Needs Attention
-0.36,-0.32,-0.62,-0.14,-0.2,-0.33,0.22,0.09,4,5,8,0.229,10.67,15.55,-0.67,118.04,82.02,108.39,0.146,High,Yes,Needs Attention
-0.19,-0.21,0.03,-0.53,0.02,-0.31,-0.06,0.27,8,5,8,0.213,11.27,13.46,-1.31,123.59,79.41,98.35,0.149,High,Yes,Needs Attention
0.51,0.19,0.04,-0.17,0.14,0.05,-0.55,0.25,0,5,8,0.1,8.48,12.22,0.52,126.37,81.19,111.18,0.152,High,Yes,Needs Attention
0.13,0.16,0.41,0.27,0.39,0.22,-0.03,-0.38,3,5,6.43,0.221,9.84,16.5,3.85,110.81,81.11,91.51,0.123,High,Yes,Needs Attention
60,55,44,23,82.32,7.84,263.96,0,6,62.43,8,1.183,7.29,10.68,24.83,68.2,23.4,52.89,0.626,Low,No,Average
0.86,0.06,0.51,-0.42,-0.37,-0.6,-0.07,0.29,7,5,8,0.311,9.5,9.53,-0.08,124.96,81.13,100.29,0.154,High,Yes,Needs Attention
-0.06,0.12,0.01,0.19,0.06,-0.17,0.44,0.24,6,5,8,0.148,10.05,17.49,-0.49,121.06,82.8,102.19,0.15,High,Yes,Needs Attention
53,65,76,20.19,16.42,6.72,77.34,1,7,19.98,8,1.185,8.05,19.36,20.66,65.8,11.22,23.27,0.731,High,Yes,Needs Attention
0.09,-0.11,0.29,0.81,0.22,-0.35,-0.51,-0.39,2,5,6.15,0.122,8.64,9.23,1.18,121.86,81.49,97.73,0.116,High,Yes,Needs Attention
6,77,25,20.61,24.36,5.79,69.64,0,0,23.12,8,0.76,8.84,11.55,23.51,110.8,0,83.81,0.482,High,Yes,Needs Attention
0.27,0.19,-0.12,-0.12,-0.11,0,-0.13,-0.09,9,5,8,0.261,9.61,16.18,2.9,118.84,72.09,97.95,0.151,High,Yes,Needs Attention
29,45,16,28.44,87.91,6.58,43.12,1,9,56.68,8,0.523,6.43,11.69,28.37,83.62,37.26,79.92,0.422,High,Yes,Needs Attention
0.6,-0.09,0.15,-0.01,-0.08,-0.22,-0.18,0.06,7,5,8,0.168,10.54,14.38,2.62,110.69,78.42,106.61,0.152,High,Yes,Needs Attention
40,68,17,34.13,65.15,7.73,70.41,3,1,48.64,8,1.064,7.7,15.12,36.61,91.66,8.59,86.4,0.529,Moderate,No,Average
-0.2,-0.58,-0.35,-0.14,-0.26,-0.44,0.29,0.58,4,5,8,0.194,9.33,9.75,-0.41,120.52,80.37,104.73,0.147,High,Yes,Needs Attention
-0.17,0.13,0.08,0,-0.2,0.16,0.28,0.46,6,5,8,0.272,10.04,13.68,1.37,121.19,78.29,100.7,0.15,High,Yes,Needs Attention
39,37,15,29,83.79,6.82,59.84,1,9,47.24,8,0.615,7.53,11.98,31.01,80.85,39.05,79.5,0.423,Moderate,No,Average
34,60,16,31.36,64.25,7.32,63.86,3,1,47.44,8,0.732,8.98,7.13,33.1,81.86,13.44,84.34,0.484,Moderate,No,Average
-0.21,-0.74,-0.47,-0.25,-0.48,-0.4,0.25,-0.07,4,5,8,0.306,8.83,8.04,-1.32,118.67,72.87,94.42,0.146,High,Yes,Needs Attention
0.45,-0.11,0.21,-0.03,0.04,-0.78,0.26,0.15,1,5,8,0.211,8.35,9.39,1.67,120.01,83.07,100.76,0.152,High,Yes,Needs Attention
